timestamp,onboard_control_sensors_present,onboard_control_sensors_enabled,onboard_control_sensors_health,nav_state,arming_state,hil_state,failsafe,system_type,system_id,component_id,is_rotary_wing,is_vtol,vtol_fw_permanent_stab,in_transition_mode,in_transition_to_fw,recover_last_mission,rtm_mode,rc_signal_lost,rc_input_mode,data_link_lost,data_link_lost_counter,engine_failure,mission_failure
1438558944,0,0,0,15,2,0,0,2,1,1,1,0,0,0,0,0,0,0,0,0,1,0,0
1438906882,0,0,0,15,2,0,0,2,1,1,1,0,0,0,0,0,0,0,0,0,1,0,0
1439138070,0,0,0,15,2,0,0,2,1,1,1,0,0,0,0,0,0,0,0,0,1,0,0
1439367726,0,0,0,15,2,0,0,2,1,1,1,0,0,0,0,0,0,0,0,0,1,0,0
1439600353,0,0,0,15,2,0,0,2,1,1,1,0,0,0,0,0,0,0,0,0,1,0,0
1439855273,0,0,0,15,2,0,0,2,1,1,1,0,0,0,0,0,0,0,0,0,1,0,0
1440094111,0,0,0,15,2,0,0,2,1,1,1,0,0,0,0,0,0,0,0,0,1,0,0
1440944333,0,0,0,3,2,0,0,2,1,1,1,0,0,0,0,0,0,0,0,0,1,0,0
1441053084,0,0,0,3,2,0,0,2,1,1,1,0,0,0,0,0,0,0,0,0,1,0,0
1441293963,0,0,0,3,2,0,0,2,1,1,1,0,0,0,0,0,0,0,0,0,1,0,0
1441533769,0,0,0,3,2,0,0,2,1,1,1,0,0,0,0,0,0,0,0,0,1,0,0
1441769663,0,0,0,3,2,0,0,2,1,1,1,0,0,0,0,0,0,0,0,0,1,0,0
1442011951,0,0,0,3,2,0,0,2,1,1,1,0,0,0,0,0,0,0,0,0,1,0,0
1442255707,0,0,0,3,2,0,0,2,1,1,1,0,0,0,0,0,0,0,0,0,1,0,0
1442495720,0,0,0,3,2,0,0,2,1,1,1,0,0,0,0,0,0,0,0,0,1,0,0
1442732863,0,0,0,3,2,0,0,2,1,1,1,0,0,0,0,0,0,0,0,0,1,0,0
1442968323,0,0,0,3,2,0,0,2,1,1,1,0,0,0,0,0,0,0,0,0,1,0,0
1443209108,0,0,0,3,2,0,0,2,1,1,1,0,0,0,0,0,0,0,0,0,1,0,0
1443450124,0,0,0,3,2,0,0,2,1,1,1,0,0,0,0,0,0,0,0,0,1,0,0
1443689729,0,0,0,3,2,0,0,2,1,1,1,0,0,0,0,0,0,0,0,0,1,0,0
1443930312,0,0,0,3,2,0,0,2,1,1,1,0,0,0,0,0,0,0,0,0,1,0,0
1444171576,0,0,0,3,2,0,0,2,1,1,1,0,0,0,0,0,0,0,0,0,1,0,0
1444412141,0,0,0,3,2,0,0,2,1,1,1,0,0,0,0,0,0,0,0,0,1,0,0
1444650188,0,0,0,3,2,0,0,2,1,1,1,0,0,0,0,0,0,0,0,0,1,0,0
1444892963,0,0,0,3,2,0,0,2,1,1,1,0,0,0,0,0,0,0,0,0,1,0,0
1445134682,0,0,0,3,2,0,0,2,1,1,1,0,0,0,0,0,0,0,0,0,1,0,0
1445375069,0,0,0,3,2,0,0,2,1,1,1,0,0,0,0,0,0,0,0,0,1,0,0
1445618508,0,0,0,3,2,0,0,2,1,1,1,0,0,0,0,0,0,0,0,0,1,0,0
1445858484,0,0,0,3,2,0,0,2,1,1,1,0,0,0,0,0,0,0,0,0,1,0,0
1446095199,0,0,0,3,2,0,0,2,1,1,1,0,0,0,0,0,0,0,0,0,1,0,0
1446333233,0,0,0,3,2,0,0,2,1,1,1,0,0,0,0,0,0,0,0,0,1,0,0
1446567726,0,0,0,3,2,0,0,2,1,1,1,0,0,0,0,0,0,0,0,0,1,0,0
1446806730,0,0,0,3,2,0,0,2,1,1,1,0,0,0,0,0,0,0,0,0,1,0,0
1447047382,0,0,0,3,2,0,0,2,1,1,1,0,0,0,0,0,0,0,0,0,1,0,0
1447286517,0,0,0,3,2,0,0,2,1,1,1,0,0,0,0,0,0,0,0,0,1,0,0
1447534137,0,0,0,3,2,0,0,2,1,1,1,0,0,0,0,0,0,0,0,0,1,0,0
1447774540,0,0,0,3,2,0,0,2,1,1,1,0,0,0,0,0,0,0,0,0,1,0,0
1448015521,0,0,0,3,2,0,0,2,1,1,1,0,0,0,0,0,0,0,0,0,1,0,0
1448252573,0,0,0,3,2,0,0,2,1,1,1,0,0,0,0,0,0,0,0,0,1,0,0
1448493095,0,0,0,3,2,0,0,2,1,1,1,0,0,0,0,0,0,0,0,0,1,0,0
1448733475,0,0,0,3,2,0,0,2,1,1,1,0,0,0,0,0,0,0,0,0,1,0,0
1448974552,0,0,0,3,2,0,0,2,1,1,1,0,0,0,0,0,0,0,0,0,1,0,0
1449214923,0,0,0,3,2,0,0,2,1,1,1,0,0,0,0,0,0,0,0,0,1,0,0
1449455562,0,0,0,3,2,0,0,2,1,1,1,0,0,0,0,0,0,0,0,0,1,0,0
1449696695,0,0,0,3,2,0,0,2,1,1,1,0,0,0,0,0,0,0,0,0,1,0,0
1449939494,0,0,0,3,2,0,0,2,1,1,1,0,0,0,0,0,0,0,0,0,1,0,0
1450184552,0,0,0,3,2,0,0,2,1,1,1,0,0,0,0,0,0,0,0,0,1,0,0
1450433315,0,0,0,3,2,0,0,2,1,1,1,0,0,0,0,0,0,0,0,0,1,0,0
1450673243,0,0,0,3,2,0,0,2,1,1,1,0,0,0,0,0,0,0,0,0,1,0,0
1450926590,0,0,0,3,2,0,0,2,1,1,1,0,0,0,0,0,0,0,0,0,1,0,0
1451170991,0,0,0,3,2,0,0,2,1,1,1,0,0,0,0,0,0,0,0,0,1,0,0
1451415607,0,0,0,3,2,0,0,2,1,1,1,0,0,0,0,0,0,0,0,0,1,0,0
1451660017,0,0,0,3,2,0,0,2,1,1,1,0,0,0,0,0,0,0,0,0,1,0,0
1451896176,0,0,0,3,2,0,0,2,1,1,1,0,0,0,0,0,0,0,0,0,1,0,0
1452140484,0,0,0,3,2,0,0,2,1,1,1,0,0,0,0,0,0,0,0,0,1,0,0
1452381920,0,0,0,3,2,0,0,2,1,1,1,0,0,0,0,0,0,0,0,0,1,0,0
1452626100,0,0,0,3,2,0,0,2,1,1,1,0,0,0,0,0,0,0,0,0,1,0,0
1452866722,0,0,0,3,2,0,0,2,1,1,1,0,0,0,0,0,0,0,0,0,1,0,0
1453106486,0,0,0,3,2,0,0,2,1,1,1,0,0,0,0,0,0,0,0,0,1,0,0
1453348009,0,0,0,3,2,0,0,2,1,1,1,0,0,0,0,0,0,0,0,0,1,0,0
1453591655,0,0,0,3,2,0,0,2,1,1,1,0,0,0,0,0,0,0,0,0,1,0,0
1453836723,0,0,0,3,2,0,0,2,1,1,1,0,0,0,0,0,0,0,0,0,1,0,0
1454089132,0,0,0,3,2,0,0,2,1,1,1,0,0,0,0,0,0,0,0,0,1,0,0
1454345620,0,0,0,3,2,0,0,2,1,1,1,0,0,0,0,0,0,0,0,0,1,0,0
1454586007,0,0,0,3,2,0,0,2,1,1,1,0,0,0,0,0,0,0,0,0,1,0,0
1454826759,0,0,0,3,2,0,0,2,1,1,1,0,0,0,0,0,0,0,0,0,1,0,0
1455066802,0,0,0,3,2,0,0,2,1,1,1,0,0,0,0,0,0,0,0,0,1,0,0
1455316033,0,0,0,3,2,0,0,2,1,1,1,0,0,0,0,0,0,0,0,0,1,0,0
1455565174,0,0,0,3,2,0,0,2,1,1,1,0,0,0,0,0,0,0,0,0,1,0,0
1455805095,0,0,0,3,2,0,0,2,1,1,1,0,0,0,0,0,0,0,0,0,1,0,0
1456049181,0,0,0,3,2,0,0,2,1,1,1,0,0,0,0,0,0,0,0,0,1,0,0
1456290455,0,0,0,3,2,0,0,2,1,1,1,0,0,0,0,0,0,0,0,0,1,0,0
1456529707,0,0,0,3,2,0,0,2,1,1,1,0,0,0,0,0,0,0,0,0,1,0,0
1456767849,0,0,0,3,2,0,0,2,1,1,1,0,0,0,0,0,0,0,0,0,1,0,0
1457007911,0,0,0,3,2,0,0,2,1,1,1,0,0,0,0,0,0,0,0,0,1,0,0
1457247717,0,0,0,3,2,0,0,2,1,1,1,0,0,0,0,0,0,0,0,0,1,0,0
1457484366,0,0,0,3,2,0,0,2,1,1,1,0,0,0,0,0,0,0,0,0,1,0,0
1457725345,0,0,0,3,2,0,0,2,1,1,1,0,0,0,0,0,0,0,0,0,1,0,0
1457965490,0,0,0,3,2,0,0,2,1,1,1,0,0,0,0,0,0,0,0,0,1,0,0
1458202941,0,0,0,3,2,0,0,2,1,1,1,0,0,0,0,0,0,0,0,0,1,0,0
1458442800,0,0,0,3,2,0,0,2,1,1,1,0,0,0,0,0,0,0,0,0,1,0,0
1458682577,0,0,0,3,2,0,0,2,1,1,1,0,0,0,0,0,0,0,0,0,1,0,0
1458920371,0,0,0,3,2,0,0,2,1,1,1,0,0,0,0,0,0,0,0,0,1,0,0
1459160077,0,0,0,3,2,0,0,2,1,1,1,0,0,0,0,0,0,0,0,0,1,0,0
1459408382,0,0,0,3,2,0,0,2,1,1,1,0,0,0,0,0,0,0,0,0,1,0,0
1459653663,0,0,0,3,2,0,0,2,1,1,1,0,0,0,0,0,0,0,0,0,1,0,0
1459895049,0,0,0,3,2,0,0,2,1,1,1,0,0,0,0,0,0,0,0,0,1,0,0
1460137921,0,0,0,3,2,0,0,2,1,1,1,0,0,0,0,0,0,0,0,0,1,0,0
1460379493,0,0,0,3,2,0,0,2,1,1,1,0,0,0,0,0,0,0,0,0,1,0,0
1460626571,0,0,0,3,2,0,0,2,1,1,1,0,0,0,0,0,0,0,0,0,1,0,0
1460871362,0,0,0,3,2,0,0,2,1,1,1,0,0,0,0,0,0,0,0,0,1,0,0
1461112807,0,0,0,3,2,0,0,2,1,1,1,0,0,0,0,0,0,0,0,0,1,0,0
1461349150,0,0,0,3,2,0,0,2,1,1,1,0,0,0,0,0,0,0,0,0,1,0,0
1461597572,0,0,0,3,2,0,0,2,1,1,1,0,0,0,0,0,0,0,0,0,1,0,0
1461839086,0,0,0,3,2,0,0,2,1,1,1,0,0,0,0,0,0,0,0,0,1,0,0
1462086765,0,0,0,3,2,0,0,2,1,1,1,0,0,0,0,0,0,0,0,0,1,0,0
1462327365,0,0,0,3,2,0,0,2,1,1,1,0,0,0,0,0,0,0,0,0,1,0,0
1462571486,0,0,0,3,2,0,0,2,1,1,1,0,0,0,0,0,0,0,0,0,1,0,0
1462818167,0,0,0,3,2,0,0,2,1,1,1,0,0,0,0,0,0,0,0,0,1,0,0
1463064486,0,0,0,3,2,0,0,2,1,1,1,0,0,0,0,0,0,0,0,0,1,0,0
1463309359,0,0,0,3,2,0,0,2,1,1,1,0,0,0,0,0,0,0,0,0,1,0,0
1463554027,0,0,0,3,2,0,0,2,1,1,1,0,0,0,0,0,0,0,0,0,1,0,0
1463794021,0,0,0,3,2,0,0,2,1,1,1,0,0,0,0,0,0,0,0,0,1,0,0
1464034814,0,0,0,3,2,0,0,2,1,1,1,0,0,0,0,0,0,0,0,0,1,0,0
1464275653,0,0,0,3,2,0,0,2,1,1,1,0,0,0,0,0,0,0,0,0,1,0,0
1464519312,0,0,0,3,2,0,0,2,1,1,1,0,0,0,0,0,0,0,0,0,1,0,0
1464760375,0,0,0,3,2,0,0,2,1,1,1,0,0,0,0,0,0,0,0,0,1,0,0
1465001259,0,0,0,3,2,0,0,2,1,1,1,0,0,0,0,0,0,0,0,0,1,0,0
1465249106,0,0,0,3,2,0,0,2,1,1,1,0,0,0,0,0,0,0,0,0,1,0,0
1465489869,0,0,0,3,2,0,0,2,1,1,1,0,0,0,0,0,0,0,0,0,1,0,0
1465729784,0,0,0,3,2,0,0,2,1,1,1,0,0,0,0,0,0,0,0,0,1,0,0
1465967888,0,0,0,3,2,0,0,2,1,1,1,0,0,0,0,0,0,0,0,0,1,0,0
1466215505,0,0,0,3,2,0,0,2,1,1,1,0,0,0,0,0,0,0,0,0,1,0,0
1466460156,0,0,0,3,2,0,0,2,1,1,1,0,0,0,0,0,0,0,0,0,1,0,0
1466701499,0,0,0,3,2,0,0,2,1,1,1,0,0,0,0,0,0,0,0,0,1,0,0
1466942453,0,0,0,3,2,0,0,2,1,1,1,0,0,0,0,0,0,0,0,0,1,0,0
1467190761,0,0,0,3,2,0,0,2,1,1,1,0,0,0,0,0,0,0,0,0,1,0,0
1467430764,0,0,0,3,2,0,0,2,1,1,1,0,0,0,0,0,0,0,0,0,1,0,0
1467671541,0,0,0,3,2,0,0,2,1,1,1,0,0,0,0,0,0,0,0,0,1,0,0
1467911972,0,0,0,3,2,0,0,2,1,1,1,0,0,0,0,0,0,0,0,0,1,0,0
1468147529,0,0,0,3,2,0,0,2,1,1,1,0,0,0,0,0,0,0,0,0,1,0,0
1468388817,0,0,0,3,2,0,0,2,1,1,1,0,0,0,0,0,0,0,0,0,1,0,0
1468624121,0,0,0,3,2,0,0,2,1,1,1,0,0,0,0,0,0,0,0,0,1,0,0
1468865136,0,0,0,3,2,0,0,2,1,1,1,0,0,0,0,0,0,0,0,0,1,0,0
1469105614,0,0,0,3,2,0,0,2,1,1,1,0,0,0,0,0,0,0,0,0,1,0,0
1469345915,0,0,0,3,2,0,0,2,1,1,1,0,0,0,0,0,0,0,0,0,1,0,0
1469586558,0,0,0,3,2,0,0,2,1,1,1,0,0,0,0,0,0,0,0,0,1,0,0
1469828111,0,0,0,3,2,0,0,2,1,1,1,0,0,0,0,0,0,0,0,0,1,0,0
1470063649,0,0,0,3,2,0,0,2,1,1,1,0,0,0,0,0,0,0,0,0,1,0,0
1470304780,0,0,0,3,2,0,0,2,1,1,1,0,0,0,0,0,0,0,0,0,1,0,0
1470544722,0,0,0,3,2,0,0,2,1,1,1,0,0,0,0,0,0,0,0,0,1,0,0
1470784958,0,0,0,3,2,0,0,2,1,1,1,0,0,0,0,0,0,0,0,0,1,0,0
1471025932,0,0,0,3,2,0,0,2,1,1,1,0,0,0,0,0,0,0,0,0,1,0,0
1471265634,0,0,0,3,2,0,0,2,1,1,1,0,0,0,0,0,0,0,0,0,1,0,0
1471507467,0,0,0,3,2,0,0,2,1,1,1,0,0,0,0,0,0,0,0,0,1,0,0
1471748078,0,0,0,3,2,0,0,2,1,1,1,0,0,0,0,0,0,0,0,0,1,0,0
1471987760,0,0,0,3,2,0,0,2,1,1,1,0,0,0,0,0,0,0,0,0,1,0,0
1472228464,0,0,0,3,2,0,0,2,1,1,1,0,0,0,0,0,0,0,0,0,1,0,0
1472468907,0,0,0,3,2,0,0,2,1,1,1,0,0,0,0,0,0,0,0,0,1,0,0
1472714765,0,0,0,3,2,0,0,2,1,1,1,0,0,0,0,0,0,0,0,0,1,0,0
1472954583,0,0,0,3,2,0,0,2,1,1,1,0,0,0,0,0,0,0,0,0,1,0,0
1473190869,0,0,0,3,2,0,0,2,1,1,1,0,0,0,0,0,0,0,0,0,1,0,0
1473430747,0,0,0,3,2,0,0,2,1,1,1,0,0,0,0,0,0,0,0,0,1,0,0
1473671544,0,0,0,3,2,0,0,2,1,1,1,0,0,0,0,0,0,0,0,0,1,0,0
1473909465,0,0,0,3,2,0,0,2,1,1,1,0,0,0,0,0,0,0,0,0,1,0,0
1474148804,0,0,0,3,2,0,0,2,1,1,1,0,0,0,0,0,0,0,0,0,1,0,0
1474389649,0,0,0,3,2,0,0,2,1,1,1,0,0,0,0,0,0,0,0,0,1,0,0
1474630663,0,0,0,3,2,0,0,2,1,1,1,0,0,0,0,0,0,0,0,0,1,0,0
1474873618,0,0,0,3,2,0,0,2,1,1,1,0,0,0,0,0,0,0,0,0,1,0,0
1475127506,0,0,0,3,2,0,0,2,1,1,1,0,0,0,0,0,0,0,0,0,1,0,0
1475368293,0,0,0,3,2,0,0,2,1,1,1,0,0,0,0,0,0,0,0,0,1,0,0
1475607481,0,0,0,3,2,0,0,2,1,1,1,0,0,0,0,0,0,0,0,0,1,0,0
1475844517,0,0,0,3,2,0,0,2,1,1,1,0,0,0,0,0,0,0,0,0,1,0,0
1476090285,0,0,0,3,2,0,0,2,1,1,1,0,0,0,0,0,0,0,0,0,1,0,0
1476333711,0,0,0,3,2,0,0,2,1,1,1,0,0,0,0,0,0,0,0,0,1,0,0
1476578812,0,0,0,3,2,0,0,2,1,1,1,0,0,0,0,0,0,0,0,0,1,0,0
1476819302,0,0,0,3,2,0,0,2,1,1,1,0,0,0,0,0,0,0,0,0,1,0,0
1477059263,0,0,0,3,2,0,0,2,1,1,1,0,0,0,0,0,0,0,0,0,1,0,0
1477295473,0,0,0,3,2,0,0,2,1,1,1,0,0,0,0,0,0,0,0,0,1,0,0
1477540527,0,0,0,3,2,0,0,2,1,1,1,0,0,0,0,0,0,0,0,0,1,0,0
1477778088,0,0,0,3,2,0,0,2,1,1,1,0,0,0,0,0,0,0,0,0,1,0,0
1478022364,0,0,0,3,2,0,0,2,1,1,1,0,0,0,0,0,0,0,0,0,1,0,0
1478270463,0,0,0,3,2,0,0,2,1,1,1,0,0,0,0,0,0,0,0,0,1,0,0
1478510770,0,0,0,3,2,0,0,2,1,1,1,0,0,0,0,0,0,0,0,0,1,0,0
1478754802,0,0,0,3,2,0,0,2,1,1,1,0,0,0,0,0,0,0,0,0,1,0,0
1478995917,0,0,0,3,2,0,0,2,1,1,1,0,0,0,0,0,0,0,0,0,1,0,0
1479235765,0,0,0,3,2,0,0,2,1,1,1,0,0,0,0,0,0,0,0,0,1,0,0
1479481468,0,0,0,3,2,0,0,2,1,1,1,0,0,0,0,0,0,0,0,0,1,0,0
1479733156,0,0,0,3,2,0,0,2,1,1,1,0,0,0,0,0,0,0,0,0,1,0,0
1479977706,0,0,0,3,2,0,0,2,1,1,1,0,0,0,0,0,0,0,0,0,1,0,0
1480222418,0,0,0,3,2,0,0,2,1,1,1,0,0,0,0,0,0,0,0,0,1,0,0
1480467647,0,0,0,3,2,0,0,2,1,1,1,0,0,0,0,0,0,0,0,0,1,0,0
1480714984,0,0,0,3,2,0,0,2,1,1,1,0,0,0,0,0,0,0,0,0,1,0,0
1480955319,0,0,0,3,2,0,0,2,1,1,1,0,0,0,0,0,0,0,0,0,1,0,0
1481200111,0,0,0,3,2,0,0,2,1,1,1,0,0,0,0,0,0,0,0,0,1,0,0
1481444749,0,0,0,3,2,0,0,2,1,1,1,0,0,0,0,0,0,0,0,0,1,0,0
1481686475,0,0,0,3,2,0,0,2,1,1,1,0,0,0,0,0,0,0,0,0,1,0,0
1481934850,0,0,0,3,2,0,0,2,1,1,1,0,0,0,0,0,0,0,0,0,1,0,0
1482174730,0,0,0,3,2,0,0,2,1,1,1,0,0,0,0,0,0,0,0,0,1,0,0
1482418210,0,0,0,3,2,0,0,2,1,1,1,0,0,0,0,0,0,0,0,0,1,0,0
1482662992,0,0,0,3,2,0,0,2,1,1,1,0,0,0,0,0,0,0,0,0,1,0,0
1482908829,0,0,0,3,2,0,0,2,1,1,1,0,0,0,0,0,0,0,0,0,1,0,0
1483157211,0,0,0,3,2,0,0,2,1,1,1,0,0,0,0,0,0,0,0,0,1,0,0
1483397110,0,0,0,3,2,0,0,2,1,1,1,0,0,0,0,0,0,0,0,0,1,0,0
1483637734,0,0,0,3,2,0,0,2,1,1,1,0,0,0,0,0,0,0,0,0,1,0,0
1483878835,0,0,0,3,2,0,0,2,1,1,1,0,0,0,0,0,0,0,0,0,1,0,0
1484122722,0,0,0,3,2,0,0,2,1,1,1,0,0,0,0,0,0,0,0,0,1,0,0
1484362843,0,0,0,3,2,0,0,2,1,1,1,0,0,0,0,0,0,0,0,0,1,0,0
1484612469,0,0,0,3,2,0,0,2,1,1,1,0,0,0,0,0,0,0,0,0,1,0,0
1484851343,0,0,0,3,2,0,0,2,1,1,1,0,0,0,0,0,0,0,0,0,1,0,0
1485095984,0,0,0,3,2,0,0,2,1,1,1,0,0,0,0,0,0,0,0,0,1,0,0
1485345319,0,0,0,3,2,0,0,2,1,1,1,0,0,0,0,0,0,0,0,0,1,0,0
1485593567,0,0,0,3,2,0,0,2,1,1,1,0,0,0,0,0,0,0,0,0,1,0,0
1485841552,0,0,0,3,2,0,0,2,1,1,1,0,0,0,0,0,0,0,0,0,1,0,0
1486086946,0,0,0,3,2,0,0,2,1,1,1,0,0,0,0,0,0,0,0,0,1,0,0
1486330943,0,0,0,3,2,0,0,2,1,1,1,0,0,0,0,0,0,0,0,0,1,0,0
1486579720,0,0,0,3,2,0,0,2,1,1,1,0,0,0,0,0,0,0,0,0,1,0,0
1486824445,0,0,0,3,2,0,0,2,1,1,1,0,0,0,0,0,0,0,0,0,1,0,0
1487069157,0,0,0,3,2,0,0,2,1,1,1,0,0,0,0,0,0,0,0,0,1,0,0
1487313341,0,0,0,3,2,0,0,2,1,1,1,0,0,0,0,0,0,0,0,0,1,0,0
1487554068,0,0,0,3,2,0,0,2,1,1,1,0,0,0,0,0,0,0,0,0,1,0,0
1487798690,0,0,0,3,2,0,0,2,1,1,1,0,0,0,0,0,0,0,0,0,1,0,0
1488039232,0,0,0,3,2,0,0,2,1,1,1,0,0,0,0,0,0,0,0,0,1,0,0
1488283503,0,0,0,3,2,0,0,2,1,1,1,0,0,0,0,0,0,0,0,0,1,0,0
1488524207,0,0,0,3,2,0,0,2,1,1,1,0,0,0,0,0,0,0,0,0,1,0,0
1488760502,0,0,0,3,2,0,0,2,1,1,1,0,0,0,0,0,0,0,0,0,1,0,0
1488997890,0,0,0,3,2,0,0,2,1,1,1,0,0,0,0,0,0,0,0,0,1,0,0
1489238161,0,0,0,3,2,0,0,2,1,1,1,0,0,0,0,0,0,0,0,0,1,0,0
1489478465,0,0,0,3,2,0,0,2,1,1,1,0,0,0,0,0,0,0,0,0,1,0,0
1489718190,0,0,0,3,2,0,0,2,1,1,1,0,0,0,0,0,0,0,0,0,1,0,0
1489959476,0,0,0,3,2,0,0,2,1,1,1,0,0,0,0,0,0,0,0,0,1,0,0
1490199942,0,0,0,3,2,0,0,2,1,1,1,0,0,0,0,0,0,0,0,0,1,0,0
1490440452,0,0,0,3,2,0,0,2,1,1,1,0,0,0,0,0,0,0,0,0,1,0,0
1490681096,0,0,0,3,2,0,0,2,1,1,1,0,0,0,0,0,0,0,0,0,1,0,0
1490921945,0,0,0,3,2,0,0,2,1,1,1,0,0,0,0,0,0,0,0,0,1,0,0
1491162098,0,0,0,3,2,0,0,2,1,1,1,0,0,0,0,0,0,0,0,0,1,0,0
1491406544,0,0,0,3,2,0,0,2,1,1,1,0,0,0,0,0,0,0,0,0,1,0,0
1491647199,0,0,0,3,2,0,0,2,1,1,1,0,0,0,0,0,0,0,0,0,1,0,0
1491886925,0,0,0,3,2,0,0,2,1,1,1,0,0,0,0,0,0,0,0,0,1,0,0
1492127274,0,0,0,3,2,0,0,2,1,1,1,0,0,0,0,0,0,0,0,0,1,0,0
1492373636,0,0,0,3,2,0,0,2,1,1,1,0,0,0,0,0,0,0,0,0,1,0,0
1492613548,0,0,0,3,2,0,0,2,1,1,1,0,0,0,0,0,0,0,0,0,1,0,0
1492854304,0,0,0,3,2,0,0,2,1,1,1,0,0,0,0,0,0,0,0,0,1,0,0
1493094616,0,0,0,3,2,0,0,2,1,1,1,0,0,0,0,0,0,0,0,0,1,0,0
1493334772,0,0,0,3,2,0,0,2,1,1,1,0,0,0,0,0,0,0,0,0,1,0,0
1493587891,0,0,0,3,2,0,0,2,1,1,1,0,0,0,0,0,0,0,0,0,1,0,0
1493832144,0,0,0,3,2,0,0,2,1,1,1,0,0,0,0,0,0,0,0,0,1,0,0
1494071475,0,0,0,3,2,0,0,2,1,1,1,0,0,0,0,0,0,0,0,0,1,0,0
1494316848,0,0,0,3,2,0,0,2,1,1,1,0,0,0,0,0,0,0,0,0,1,0,0
1494562420,0,0,0,3,2,0,0,2,1,1,1,0,0,0,0,0,0,0,0,0,1,0,0
1494806744,0,0,0,3,2,0,0,2,1,1,1,0,0,0,0,0,0,0,0,0,1,0,0
1495054367,0,0,0,3,2,0,0,2,1,1,1,0,0,0,0,0,0,0,0,0,1,0,0
1495292074,0,0,0,3,2,0,0,2,1,1,1,0,0,0,0,0,0,0,0,0,1,0,0
1495547388,0,0,0,3,2,0,0,2,1,1,1,0,0,0,0,0,0,0,0,0,1,0,0
1495791385,0,0,0,3,2,0,0,2,1,1,1,0,0,0,0,0,0,0,0,0,1,0,0
1496032572,0,0,0,3,2,0,0,2,1,1,1,0,0,0,0,0,0,0,0,0,1,0,0
1496272402,0,0,0,3,2,0,0,2,1,1,1,0,0,0,0,0,0,0,0,0,1,0,0
1496513363,0,0,0,3,2,0,0,2,1,1,1,0,0,0,0,0,0,0,0,0,1,0,0
1496753744,0,0,0,3,2,0,0,2,1,1,1,0,0,0,0,0,0,0,0,0,1,0,0
1496998281,0,0,0,3,2,0,0,2,1,1,1,0,0,0,0,0,0,0,0,0,1,0,0
1497243468,0,0,0,3,2,0,0,2,1,1,1,0,0,0,0,0,0,0,0,0,1,0,0
1497479472,0,0,0,3,2,0,0,2,1,1,1,0,0,0,0,0,0,0,0,0,1,0,0
1497719322,0,0,0,3,2,0,0,2,1,1,1,0,0,0,0,0,0,0,0,0,1,0,0
1497955954,0,0,0,3,2,0,0,2,1,1,1,0,0,0,0,0,0,0,0,0,1,0,0
1498192747,0,0,0,3,2,0,0,2,1,1,1,0,0,0,0,0,0,0,0,0,1,0,0
1498449514,0,0,0,3,2,0,0,2,1,1,1,0,0,0,0,0,0,0,0,0,1,0,0
1498690413,0,0,0,3,2,0,0,2,1,1,1,0,0,0,0,0,0,0,0,0,1,0,0
1498931220,0,0,0,3,2,0,0,2,1,1,1,0,0,0,0,0,0,0,0,0,1,0,0
1499171707,0,0,0,3,2,0,0,2,1,1,1,0,0,0,0,0,0,0,0,0,1,0,0
1499411780,0,0,0,3,2,0,0,2,1,1,1,0,0,0,0,0,0,0,0,0,1,0,0
1499652060,0,0,0,3,2,0,0,2,1,1,1,0,0,0,0,0,0,0,0,0,1,0,0
1499888184,0,0,0,3,2,0,0,2,1,1,1,0,0,0,0,0,0,0,0,0,1,0,0
1500133921,0,0,0,3,2,0,0,2,1,1,1,0,0,0,0,0,0,0,0,0,1,0,0
1500377160,0,0,0,3,2,0,0,2,1,1,1,0,0,0,0,0,0,0,0,0,1,0,0
1500625611,0,0,0,3,2,0,0,2,1,1,1,0,0,0,0,0,0,0,0,0,1,0,0
1500871350,0,0,0,3,2,0,0,2,1,1,1,0,0,0,0,0,0,0,0,0,1,0,0
1501114820,0,0,0,3,2,0,0,2,1,1,1,0,0,0,0,0,0,0,0,0,1,0,0
1501359731,0,0,0,3,2,0,0,2,1,1,1,0,0,0,0,0,0,0,0,0,1,0,0
1501607928,0,0,0,3,2,0,0,2,1,1,1,0,0,0,0,0,0,0,0,0,1,0,0
1501856519,0,0,0,3,2,0,0,2,1,1,1,0,0,0,0,0,0,0,0,0,1,0,0
1502101682,0,0,0,3,2,0,0,2,1,1,1,0,0,0,0,0,0,0,0,0,1,0,0
1502342678,0,0,0,3,2,0,0,2,1,1,1,0,0,0,0,0,0,0,0,0,1,0,0
1502590103,0,0,0,3,2,0,0,2,1,1,1,0,0,0,0,0,0,0,0,0,1,0,0
1502834782,0,0,0,3,2,0,0,2,1,1,1,0,0,0,0,0,0,0,0,0,1,0,0
1503084312,0,0,0,3,2,0,0,2,1,1,1,0,0,0,0,0,0,0,0,0,1,0,0
1503331760,0,0,0,3,2,0,0,2,1,1,1,0,0,0,0,0,0,0,0,0,1,0,0
1503572835,0,0,0,3,2,0,0,2,1,1,1,0,0,0,0,0,0,0,0,0,1,0,0
1503809246,0,0,0,3,2,0,0,2,1,1,1,0,0,0,0,0,0,0,0,0,1,0,0
1504057297,0,0,0,3,2,0,0,2,1,1,1,0,0,0,0,0,0,0,0,0,1,0,0
1504297543,0,0,0,3,2,0,0,2,1,1,1,0,0,0,0,0,0,0,0,0,1,0,0
1504551332,0,0,0,3,2,0,0,2,1,1,1,0,0,0,0,0,0,0,0,0,1,0,0
1504803200,0,0,0,3,2,0,0,2,1,1,1,0,0,0,0,0,0,0,0,0,1,0,0
1505044460,0,0,0,3,2,0,0,2,1,1,1,0,0,0,0,0,0,0,0,0,1,0,0
1505284896,0,0,0,3,2,0,0,2,1,1,1,0,0,0,0,0,0,0,0,0,1,0,0
1505526118,0,0,0,3,2,0,0,2,1,1,1,0,0,0,0,0,0,0,0,0,1,0,0
1505768859,0,0,0,3,2,0,0,2,1,1,1,0,0,0,0,0,0,0,0,0,1,0,0
1506015290,0,0,0,3,2,0,0,2,1,1,1,0,0,0,0,0,0,0,0,0,1,0,0
1506255152,0,0,0,3,2,0,0,2,1,1,1,0,0,0,0,0,0,0,0,0,1,0,0
1506491299,0,0,0,3,2,0,0,2,1,1,1,0,0,0,0,0,0,0,0,0,1,0,0
1506731603,0,0,0,3,2,0,0,2,1,1,1,0,0,0,0,0,0,0,0,0,1,0,0
1506971157,0,0,0,3,2,0,0,2,1,1,1,0,0,0,0,0,0,0,0,0,1,0,0
1507209104,0,0,0,3,2,0,0,2,1,1,1,0,0,0,0,0,0,0,0,0,1,0,0
1507448015,0,0,0,3,2,0,0,2,1,1,1,0,0,0,0,0,0,0,0,0,1,0,0
1507690145,0,0,0,3,2,0,0,2,1,1,1,0,0,0,0,0,0,0,0,0,1,0,0
1507927137,0,0,0,3,2,0,0,2,1,1,1,0,0,0,0,0,0,0,0,0,1,0,0
1508166485,0,0,0,3,2,0,0,2,1,1,1,0,0,0,0,0,0,0,0,0,1,0,0
1508407227,0,0,0,3,2,0,0,2,1,1,1,0,0,0,0,0,0,0,0,0,1,0,0
1508647727,0,0,0,3,2,0,0,2,1,1,1,0,0,0,0,0,0,0,0,0,1,0,0
1508884046,0,0,0,3,2,0,0,2,1,1,1,0,0,0,0,0,0,0,0,0,1,0,0
1509119799,0,0,0,3,2,0,0,2,1,1,1,0,0,0,0,0,0,0,0,0,1,0,0
1509353186,0,0,0,3,2,0,0,2,1,1,1,0,0,0,0,0,0,0,0,0,1,0,0
1509593292,0,0,0,3,2,0,0,2,1,1,1,0,0,0,0,0,0,0,0,0,1,0,0
1509834320,0,0,0,3,2,0,0,2,1,1,1,0,0,0,0,0,0,0,0,0,1,0,0
1510073867,0,0,0,3,2,0,0,2,1,1,1,0,0,0,0,0,0,0,0,0,1,0,0
1510315363,0,0,0,3,2,0,0,2,1,1,1,0,0,0,0,0,0,0,0,0,1,0,0
1510551338,0,0,0,3,2,0,0,2,1,1,1,0,0,0,0,0,0,0,0,0,1,0,0
1510791713,0,0,0,3,2,0,0,2,1,1,1,0,0,0,0,0,0,0,0,0,1,0,0
1511029239,0,0,0,3,2,0,0,2,1,1,1,0,0,0,0,0,0,0,0,0,1,0,0
1511262826,0,0,0,3,2,0,0,2,1,1,1,0,0,0,0,0,0,0,0,0,1,0,0
1511501607,0,0,0,3,2,0,0,2,1,1,1,0,0,0,0,0,0,0,0,0,1,0,0
1511742483,0,0,0,3,2,0,0,2,1,1,1,0,0,0,0,0,0,0,0,0,1,0,0
1511978683,0,0,0,3,2,0,0,2,1,1,1,0,0,0,0,0,0,0,0,0,1,0,0
1512218436,0,0,0,3,2,0,0,2,1,1,1,0,0,0,0,0,0,0,0,0,1,0,0
1512455701,0,0,0,3,2,0,0,2,1,1,1,0,0,0,0,0,0,0,0,0,1,0,0
1512693358,0,0,0,3,2,0,0,2,1,1,1,0,0,0,0,0,0,0,0,0,1,0,0
1512936264,0,0,0,3,2,0,0,2,1,1,1,0,0,0,0,0,0,0,0,0,1,0,0
1513185517,0,0,0,3,2,0,0,2,1,1,1,0,0,0,0,0,0,0,0,0,1,0,0
1513434113,0,0,0,3,2,0,0,2,1,1,1,0,0,0,0,0,0,0,0,0,1,0,0
1513674107,0,0,0,3,2,0,0,2,1,1,1,0,0,0,0,0,0,0,0,0,1,0,0
1513922477,0,0,0,3,2,0,0,2,1,1,1,0,0,0,0,0,0,0,0,0,1,0,0
1514167384,0,0,0,3,2,0,0,2,1,1,1,0,0,0,0,0,0,0,0,0,1,0,0
1514415468,0,0,0,3,2,0,0,2,1,1,1,0,0,0,0,0,0,0,0,0,1,0,0
1514660885,0,0,0,3,2,0,0,2,1,1,1,0,0,0,0,0,0,0,0,0,1,0,0
1514898127,0,0,0,3,2,0,0,2,1,1,1,0,0,0,0,0,0,0,0,0,1,0,0
1515141589,0,0,0,3,2,0,0,2,1,1,1,0,0,0,0,0,0,0,0,0,1,0,0
1515382743,0,0,0,3,2,0,0,2,1,1,1,0,0,0,0,0,0,0,0,0,1,0,0
1515622819,0,0,0,3,2,0,0,2,1,1,1,0,0,0,0,0,0,0,0,0,1,0,0
1515867112,0,0,0,3,2,0,0,2,1,1,1,0,0,0,0,0,0,0,0,0,1,0,0
1516108323,0,0,0,3,2,0,0,2,1,1,1,0,0,0,0,0,0,0,0,0,1,0,0
1516348239,0,0,0,3,2,0,0,2,1,1,1,0,0,0,0,0,0,0,0,0,1,0,0
1516588722,0,0,0,3,2,0,0,2,1,1,1,0,0,0,0,0,0,0,0,0,1,0,0
1516825463,0,0,0,3,2,0,0,2,1,1,1,0,0,0,0,0,0,0,0,0,1,0,0
1517065281,0,0,0,3,2,0,0,2,1,1,1,0,0,0,0,0,0,0,0,0,1,0,0
1517305692,0,0,0,3,2,0,0,2,1,1,1,0,0,0,0,0,0,0,0,0,1,0,0
1517546339,0,0,0,3,2,0,0,2,1,1,1,0,0,0,0,0,0,0,0,0,1,0,0
1517794554,0,0,0,3,2,0,0,2,1,1,1,0,0,0,0,0,0,0,0,0,1,0,0
1518035517,0,0,0,3,2,0,0,2,1,1,1,0,0,0,0,0,0,0,0,0,1,0,0
1518273170,0,0,0,3,2,0,0,2,1,1,1,0,0,0,0,0,0,0,0,0,1,0,0
1518513920,0,0,0,3,2,0,0,2,1,1,1,0,0,0,0,0,0,0,0,0,1,0,0
1518754250,0,0,0,3,2,0,0,2,1,1,1,0,0,0,0,0,0,0,0,0,1,0,0
1518993947,0,0,0,3,2,0,0,2,1,1,1,0,0,0,0,0,0,0,0,0,1,0,0
1519234943,0,0,0,3,2,0,0,2,1,1,1,0,0,0,0,0,0,0,0,0,1,0,0
1519470610,0,0,0,3,2,0,0,2,1,1,1,0,0,0,0,0,0,0,0,0,1,0,0
1519714849,0,0,0,3,2,0,0,2,1,1,1,0,0,0,0,0,0,0,0,0,1,0,0
1519956090,0,0,0,3,2,0,0,2,1,1,1,0,0,0,0,0,0,0,0,0,1,0,0
1520200861,0,0,0,3,2,0,0,2,1,1,1,0,0,0,0,0,0,0,0,0,1,0,0
1520441245,0,0,0,3,2,0,0,2,1,1,1,0,0,0,0,0,0,0,0,0,1,0,0
1520676936,0,0,0,3,2,0,0,2,1,1,1,0,0,0,0,0,0,0,0,0,1,0,0
1520914178,0,0,0,3,2,0,0,2,1,1,1,0,0,0,0,0,0,0,0,0,1,0,0
1521153648,0,0,0,3,2,0,0,2,1,1,1,0,0,0,0,0,0,0,0,0,1,0,0
1521391590,0,0,0,3,2,0,0,2,1,1,1,0,0,0,0,0,0,0,0,0,1,0,0
1521631335,0,0,0,3,2,0,0,2,1,1,1,0,0,0,0,0,0,0,0,0,1,0,0
1521867378,0,0,0,3,2,0,0,2,1,1,1,0,0,0,0,0,0,0,0,0,1,0,0
1522108105,0,0,0,3,2,0,0,2,1,1,1,0,0,0,0,0,0,0,0,0,1,0,0
1522348179,0,0,0,3,2,0,0,2,1,1,1,0,0,0,0,0,0,0,0,0,1,0,0
1522598283,0,0,0,3,2,0,0,2,1,1,1,0,0,0,0,0,0,0,0,0,1,0,0
1522846484,0,0,0,3,2,0,0,2,1,1,1,0,0,0,0,0,0,0,0,0,1,0,0
1523095144,0,0,0,3,2,0,0,2,1,1,1,0,0,0,0,0,0,0,0,0,1,0,0
1523338521,0,0,0,3,2,0,0,2,1,1,1,0,0,0,0,0,0,0,0,0,1,0,0
1523578931,0,0,0,3,2,0,0,2,1,1,1,0,0,0,0,0,0,0,0,0,1,0,0
1523819995,0,0,0,3,2,0,0,2,1,1,1,0,0,0,0,0,0,0,0,0,1,0,0
1524056545,0,0,0,3,2,0,0,2,1,1,1,0,0,0,0,0,0,0,0,0,1,0,0
1524301494,0,0,0,3,2,0,0,2,1,1,1,0,0,0,0,0,0,0,0,0,1,0,0
1524541750,0,0,0,3,2,0,0,2,1,1,1,0,0,0,0,0,0,0,0,0,1,0,0
1524782798,0,0,0,3,2,0,0,2,1,1,1,0,0,0,0,0,0,0,0,0,1,0,0
1525022586,0,0,0,3,2,0,0,2,1,1,1,0,0,0,0,0,0,0,0,0,1,0,0
1525267082,0,0,0,3,2,0,0,2,1,1,1,0,0,0,0,0,0,0,0,0,1,0,0
1525515768,0,0,0,3,2,0,0,2,1,1,1,0,0,0,0,0,0,0,0,0,1,0,0
1525755600,0,0,0,3,2,0,0,2,1,1,1,0,0,0,0,0,0,0,0,0,1,0,0
1525989325,0,0,0,3,2,0,0,2,1,1,1,0,0,0,0,0,0,0,0,0,1,0,0
1526229198,0,0,0,3,2,0,0,2,1,1,1,0,0,0,0,0,0,0,0,0,1,0,0
1526469703,0,0,0,3,2,0,0,2,1,1,1,0,0,0,0,0,0,0,0,0,1,0,0
1526711069,0,0,0,3,2,0,0,2,1,1,1,0,0,0,0,0,0,0,0,0,1,0,0
1526947216,0,0,0,3,2,0,0,2,1,1,1,0,0,0,0,0,0,0,0,0,1,0,0
1527186777,0,0,0,3,2,0,0,2,1,1,1,0,0,0,0,0,0,0,0,0,1,0,0
1527423486,0,0,0,3,2,0,0,2,1,1,1,0,0,0,0,0,0,0,0,0,1,0,0
1527663918,0,0,0,3,2,0,0,2,1,1,1,0,0,0,0,0,0,0,0,0,1,0,0
1527900933,0,0,0,3,2,0,0,2,1,1,1,0,0,0,0,0,0,0,0,0,1,0,0
1528134378,0,0,0,3,2,0,0,2,1,1,1,0,0,0,0,0,0,0,0,0,1,0,0
1528375256,0,0,0,3,2,0,0,2,1,1,1,0,0,0,0,0,0,0,0,0,1,0,0
1528615166,0,0,0,3,2,0,0,2,1,1,1,0,0,0,0,0,0,0,0,0,1,0,0
1528854957,0,0,0,3,2,0,0,2,1,1,1,0,0,0,0,0,0,0,0,0,1,0,0
1529096055,0,0,0,3,2,0,0,2,1,1,1,0,0,0,0,0,0,0,0,0,1,0,0
1529328074,0,0,0,3,2,0,0,2,1,1,1,0,0,0,0,0,0,0,0,0,1,0,0
1529564075,0,0,0,3,2,0,0,2,1,1,1,0,0,0,0,0,0,0,0,0,1,0,0
1529800850,0,0,0,3,2,0,0,2,1,1,1,0,0,0,0,0,0,0,0,0,1,0,0
1530037168,0,0,0,3,2,0,0,2,1,1,1,0,0,0,0,0,0,0,0,0,1,0,0
1530274399,0,0,0,3,2,0,0,2,1,1,1,0,0,0,0,0,0,0,0,0,1,0,0
1530514778,0,0,0,3,2,0,0,2,1,1,1,0,0,0,0,0,0,0,0,0,1,0,0
1530755205,0,0,0,3,2,0,0,2,1,1,1,0,0,0,0,0,0,0,0,0,1,0,0
1530998768,0,0,0,3,2,0,0,2,1,1,1,0,0,0,0,0,0,0,0,0,1,0,0
1531132026,0,0,0,5,2,0,0,2,1,1,1,0,0,0,0,0,0,0,0,0,1,0,0
1531239191,0,0,0,5,2,0,0,2,1,1,1,0,0,0,0,0,0,0,0,0,1,0,0
1531480289,0,0,0,5,2,0,0,2,1,1,1,0,0,0,0,0,0,0,0,0,1,0,0
1531716329,0,0,0,5,2,0,0,2,1,1,1,0,0,0,0,0,0,0,0,0,1,0,0
1531957207,0,0,0,5,2,0,0,2,1,1,1,0,0,0,0,0,0,0,0,0,1,0,0
1532197743,0,0,0,5,2,0,0,2,1,1,1,0,0,0,0,0,0,0,0,0,1,0,0
1532450343,0,0,0,5,2,0,0,2,1,1,1,0,0,0,0,0,0,0,0,0,1,0,0
1532691307,0,0,0,5,2,0,0,2,1,1,1,0,0,0,0,0,0,0,0,0,1,0,0
1532927254,0,0,0,5,2,0,0,2,1,1,1,0,0,0,0,0,0,0,0,0,1,0,0
1533172146,0,0,0,5,2,0,0,2,1,1,1,0,0,0,0,0,0,0,0,0,1,0,0
1533412463,0,0,0,5,2,0,0,2,1,1,1,0,0,0,0,0,0,0,0,0,1,0,0
1533653368,0,0,0,5,2,0,0,2,1,1,1,0,0,0,0,0,0,0,0,0,1,0,0
1533893379,0,0,0,5,2,0,0,2,1,1,1,0,0,0,0,0,0,0,0,0,1,0,0
1534138305,0,0,0,5,2,0,0,2,1,1,1,0,0,0,0,0,0,0,0,0,1,0,0
1534382498,0,0,0,5,2,0,0,2,1,1,1,0,0,0,0,0,0,0,0,0,1,0,0
1534623462,0,0,0,5,2,0,0,2,1,1,1,0,0,0,0,0,0,0,0,0,1,0,0
1534860961,0,0,0,5,2,0,0,2,1,1,1,0,0,0,0,0,0,0,0,0,1,0,0
1535103636,0,0,0,5,2,0,0,2,1,1,1,0,0,0,0,0,0,0,0,0,1,0,0
1535339739,0,0,0,5,2,0,0,2,1,1,1,0,0,0,0,0,0,0,0,0,1,0,0
1535581079,0,0,0,5,2,0,0,2,1,1,1,0,0,0,0,0,0,0,0,0,1,0,0
1535821188,0,0,0,5,2,0,0,2,1,1,1,0,0,0,0,0,0,0,0,0,1,0,0
1536061517,0,0,0,5,2,0,0,2,1,1,1,0,0,0,0,0,0,0,0,0,1,0,0
1536298784,0,0,0,5,2,0,0,2,1,1,1,0,0,0,0,0,0,0,0,0,1,0,0
1536539621,0,0,0,5,2,0,0,2,1,1,1,0,0,0,0,0,0,0,0,0,1,0,0
1536780114,0,0,0,5,2,0,0,2,1,1,1,0,0,0,0,0,0,0,0,0,1,0,0
1537018077,0,0,0,5,2,0,0,2,1,1,1,0,0,0,0,0,0,0,0,0,1,0,0
1537260275,0,0,0,5,2,0,0,2,1,1,1,0,0,0,0,0,0,0,0,0,1,0,0
1537506785,0,0,0,5,2,0,0,2,1,1,1,0,0,0,0,0,0,0,0,0,1,0,0
1537746422,0,0,0,5,2,0,0,2,1,1,1,0,0,0,0,0,0,0,0,0,1,0,0
1537985775,0,0,0,5,2,0,0,2,1,1,1,0,0,0,0,0,0,0,0,0,1,0,0
1538226777,0,0,0,5,2,0,0,2,1,1,1,0,0,0,0,0,0,0,0,0,1,0,0
1538467078,0,0,0,5,2,0,0,2,1,1,1,0,0,0,0,0,0,0,0,0,1,0,0
1538708508,0,0,0,5,2,0,0,2,1,1,1,0,0,0,0,0,0,0,0,0,1,0,0
1538947642,0,0,0,5,2,0,0,2,1,1,1,0,0,0,0,0,0,0,0,0,1,0,0
1539184494,0,0,0,5,2,0,0,2,1,1,1,0,0,0,0,0,0,0,0,0,1,0,0
1539425756,0,0,0,5,2,0,0,2,1,1,1,0,0,0,0,0,0,0,0,0,1,0,0
1539669920,0,0,0,5,2,0,0,2,1,1,1,0,0,0,0,0,0,0,0,0,1,0,0
1539913548,0,0,0,5,2,0,0,2,1,1,1,0,0,0,0,0,0,0,0,0,1,0,0
1540150877,0,0,0,5,2,0,0,2,1,1,1,0,0,0,0,0,0,0,0,0,1,0,0
1540391341,0,0,0,5,2,0,0,2,1,1,1,0,0,0,0,0,0,0,0,0,1,0,0
1540632563,0,0,0,5,2,0,0,2,1,1,1,0,0,0,0,0,0,0,0,0,1,0,0
1540869191,0,0,0,5,2,0,0,2,1,1,1,0,0,0,0,0,0,0,0,0,1,0,0
1541106151,0,0,0,5,2,0,0,2,1,1,1,0,0,0,0,0,0,0,0,0,1,0,0
1541345142,0,0,0,5,2,0,0,2,1,1,1,0,0,0,0,0,0,0,0,0,1,0,0
1541585603,0,0,0,5,2,0,0,2,1,1,1,0,0,0,0,0,0,0,0,0,1,0,0
1541826076,0,0,0,5,2,0,0,2,1,1,1,0,0,0,0,0,0,0,0,0,1,0,0
1542071079,0,0,0,5,2,0,0,2,1,1,1,0,0,0,0,0,0,0,0,0,1,0,0
1542312538,0,0,0,5,2,0,0,2,1,1,1,0,0,0,0,0,0,0,0,0,1,0,0
1542548207,0,0,0,5,2,0,0,2,1,1,1,0,0,0,0,0,0,0,0,0,1,0,0
1542788333,0,0,0,5,2,0,0,2,1,1,1,0,0,0,0,0,0,0,0,0,1,0,0
1543028489,0,0,0,5,2,0,0,2,1,1,1,0,0,0,0,0,0,0,0,0,1,0,0
1543277123,0,0,0,5,2,0,0,2,1,1,1,0,0,0,0,0,0,0,0,0,1,0,0
1543518869,0,0,0,5,2,0,0,2,1,1,1,0,0,0,0,0,0,0,0,0,1,0,0
1543758578,0,0,0,5,2,0,0,2,1,1,1,0,0,0,0,0,0,0,0,0,1,0,0
1543994039,0,0,0,5,2,0,0,2,1,1,1,0,0,0,0,0,0,0,0,0,1,0,0
1544229186,0,0,0,5,2,0,0,2,1,1,1,0,0,0,0,0,0,0,0,0,1,0,0
1544471727,0,0,0,5,2,0,0,2,1,1,1,0,0,0,0,0,0,0,0,0,1,0,0
1544706112,0,0,0,5,2,0,0,2,1,1,1,0,0,0,0,0,0,0,0,0,1,0,0
1544942338,0,0,0,5,2,0,0,2,1,1,1,0,0,0,0,0,0,0,0,0,1,0,0
1545181691,0,0,0,5,2,0,0,2,1,1,1,0,0,0,0,0,0,0,0,0,1,0,0
1545422750,0,0,0,5,2,0,0,2,1,1,1,0,0,0,0,0,0,0,0,0,1,0,0
1545665898,0,0,0,5,2,0,0,2,1,1,1,0,0,0,0,0,0,0,0,0,1,0,0
1545907166,0,0,0,5,2,0,0,2,1,1,1,0,0,0,0,0,0,0,0,0,1,0,0
1546147324,0,0,0,5,2,0,0,2,1,1,1,0,0,0,0,0,0,0,0,0,1,0,0
1546392110,0,0,0,5,2,0,0,2,1,1,1,0,0,0,0,0,0,0,0,0,1,0,0
1546630130,0,0,0,5,2,0,0,2,1,1,1,0,0,0,0,0,0,0,0,0,1,0,0
1546873328,0,0,0,5,2,0,0,2,1,1,1,0,0,0,0,0,0,0,0,0,1,0,0
1547120734,0,0,0,5,2,0,0,2,1,1,1,0,0,0,0,0,0,0,0,0,1,0,0
1547361722,0,0,0,5,2,0,0,2,1,1,1,0,0,0,0,0,0,0,0,0,1,0,0
1547611276,0,0,0,5,2,0,0,2,1,1,1,0,0,0,0,0,0,0,0,0,1,0,0
1547850970,0,0,0,5,2,0,0,2,1,1,1,0,0,0,0,0,0,0,0,0,1,0,0
1548091215,0,0,0,5,2,0,0,2,1,1,1,0,0,0,0,0,0,0,0,0,1,0,0
1548330000,0,0,0,5,2,0,0,2,1,1,1,0,0,0,0,0,0,0,0,0,1,0,0
1548572567,0,0,0,5,2,0,0,2,1,1,1,0,0,0,0,0,0,0,0,0,1,0,0
1548812747,0,0,0,5,2,0,0,2,1,1,1,0,0,0,0,0,0,0,0,0,1,0,0
1549057388,0,0,0,5,2,0,0,2,1,1,1,0,0,0,0,0,0,0,0,0,1,0,0
1549297337,0,0,0,5,2,0,0,2,1,1,1,0,0,0,0,0,0,0,0,0,1,0,0
1549534795,0,0,0,5,2,0,0,2,1,1,1,0,0,0,0,0,0,0,0,0,1,0,0
1549773392,0,0,0,5,2,0,0,2,1,1,1,0,0,0,0,0,0,0,0,0,1,0,0
1550015623,0,0,0,5,2,0,0,2,1,1,1,0,0,0,0,0,0,0,0,0,1,0,0
1550252555,0,0,0,5,2,0,0,2,1,1,1,0,0,0,0,0,0,0,0,0,1,0,0
1550495691,0,0,0,5,2,0,0,2,1,1,1,0,0,0,0,0,0,0,0,0,1,0,0
1550741484,0,0,0,5,2,0,0,2,1,1,1,0,0,0,0,0,0,0,0,0,1,0,0
1550982132,0,0,0,5,2,0,0,2,1,1,1,0,0,0,0,0,0,0,0,0,1,0,0
1551221767,0,0,0,5,2,0,0,2,1,1,1,0,0,0,0,0,0,0,0,0,1,0,0
1551462954,0,0,0,5,2,0,0,2,1,1,1,0,0,0,0,0,0,0,0,0,1,0,0
1551700078,0,0,0,5,2,0,0,2,1,1,1,0,0,0,0,0,0,0,0,0,1,0,0
1551939159,0,0,0,5,2,0,0,2,1,1,1,0,0,0,0,0,0,0,0,0,1,0,0
1552176149,0,0,0,5,2,0,0,2,1,1,1,0,0,0,0,0,0,0,0,0,1,0,0
1552408313,0,0,0,5,2,0,0,2,1,1,1,0,0,0,0,0,0,0,0,0,1,0,0
1552645656,0,0,0,5,2,0,0,2,1,1,1,0,0,0,0,0,0,0,0,0,1,0,0
1552881188,0,0,0,5,2,0,0,2,1,1,1,0,0,0,0,0,0,0,0,0,1,0,0
1553121780,0,0,0,5,2,0,0,2,1,1,1,0,0,0,0,0,0,0,0,0,1,0,0
1553362311,0,0,0,5,2,0,0,2,1,1,1,0,0,0,0,0,0,0,0,0,1,0,0
1553601153,0,0,0,5,2,0,0,2,1,1,1,0,0,0,0,0,0,0,0,0,1,0,0
1553830941,0,0,0,5,2,0,0,2,1,1,1,0,0,0,0,0,0,0,0,0,1,0,0
1554060829,0,0,0,5,2,0,0,2,1,1,1,0,0,0,0,0,0,0,0,0,1,0,0
1554290144,0,0,0,5,2,0,0,2,1,1,1,0,0,0,0,0,0,0,0,0,1,0,0
1554528725,0,0,0,5,2,0,0,2,1,1,1,0,0,0,0,0,0,0,0,0,1,0,0
1554766412,0,0,0,5,2,0,0,2,1,1,1,0,0,0,0,0,0,0,0,0,1,0,0
1555006796,0,0,0,5,2,0,0,2,1,1,1,0,0,0,0,0,0,0,0,0,1,0,0
1555246821,0,0,0,5,2,0,0,2,1,1,1,0,0,0,0,0,0,0,0,0,1,0,0
1555487209,0,0,0,5,2,0,0,2,1,1,1,0,0,0,0,0,0,0,0,0,1,0,0
1555719330,0,0,0,5,2,0,0,2,1,1,1,0,0,0,0,0,0,0,0,0,1,0,0
1555957298,0,0,0,5,2,0,0,2,1,1,1,0,0,0,0,0,0,0,0,0,1,0,0
1556192156,0,0,0,5,2,0,0,2,1,1,1,0,0,0,0,0,0,0,0,0,1,0,0
1556429318,0,0,0,5,2,0,0,2,1,1,1,0,0,0,0,0,0,0,0,0,1,0,0
1556670074,0,0,0,5,2,0,0,2,1,1,1,0,0,0,0,0,0,0,0,0,1,0,0
1556911306,0,0,0,5,2,0,0,2,1,1,1,0,0,0,0,0,0,0,0,0,1,0,0
1557151189,0,0,0,5,2,0,0,2,1,1,1,0,0,0,0,0,0,0,0,0,1,0,0
1557393017,0,0,0,5,2,0,0,2,1,1,1,0,0,0,0,0,0,0,0,0,1,0,0
1557629273,0,0,0,5,2,0,0,2,1,1,1,0,0,0,0,0,0,0,0,0,1,0,0
1557856862,0,0,0,5,2,0,0,2,1,1,1,0,0,0,0,0,0,0,0,0,1,0,0
1558083872,0,0,0,5,2,0,0,2,1,1,1,0,0,0,0,0,0,0,0,0,1,0,0
1558321315,0,0,0,5,2,0,0,2,1,1,1,0,0,0,0,0,0,0,0,0,1,0,0
1558562692,0,0,0,5,2,0,0,2,1,1,1,0,0,0,0,0,0,0,0,0,1,0,0
1558801667,0,0,0,5,2,0,0,2,1,1,1,0,0,0,0,0,0,0,0,0,1,0,0
1559042556,0,0,0,5,2,0,0,2,1,1,1,0,0,0,0,0,0,0,0,0,1,0,0
1559271297,0,0,0,5,2,0,0,2,1,1,1,0,0,0,0,0,0,0,0,0,1,0,0
1559503308,0,0,0,5,2,0,0,2,1,1,1,0,0,0,0,0,0,0,0,0,1,0,0
1559736180,0,0,0,5,2,0,0,2,1,1,1,0,0,0,0,0,0,0,0,0,1,0,0
1559974068,0,0,0,5,2,0,0,2,1,1,1,0,0,0,0,0,0,0,0,0,1,0,0
1560211214,0,0,0,5,2,0,0,2,1,1,1,0,0,0,0,0,0,0,0,0,1,0,0
1560449701,0,0,0,5,2,0,0,2,1,1,1,0,0,0,0,0,0,0,0,0,1,0,0
1560689957,0,0,0,5,2,0,0,2,1,1,1,0,0,0,0,0,0,0,0,0,1,0,0
1560930121,0,0,0,5,2,0,0,2,1,1,1,0,0,0,0,0,0,0,0,0,1,0,0
1561171199,0,0,0,5,2,0,0,2,1,1,1,0,0,0,0,0,0,0,0,0,1,0,0
1561410889,0,0,0,5,2,0,0,2,1,1,1,0,0,0,0,0,0,0,0,0,1,0,0
1561641181,0,0,0,5,2,0,0,2,1,1,1,0,0,0,0,0,0,0,0,0,1,0,0
1561872116,0,0,0,5,2,0,0,2,1,1,1,0,0,0,0,0,0,0,0,0,1,0,0
1562116446,0,0,0,5,2,0,0,2,1,1,1,0,0,0,0,0,0,0,0,0,1,0,0
1562353497,0,0,0,5,2,0,0,2,1,1,1,0,0,0,0,0,0,0,0,0,1,0,0
1562598721,0,0,0,5,2,0,0,2,1,1,1,0,0,0,0,0,0,0,0,0,1,0,0
1562834361,0,0,0,5,2,0,0,2,1,1,1,0,0,0,0,0,0,0,0,0,1,0,0
1562943162,0,0,0,5,2,0,0,2,1,1,1,0,0,0,0,0,0,0,0,0,1,0,0
1563072120,0,0,0,5,2,0,0,2,1,1,1,0,0,0,0,0,0,0,0,0,1,0,0
1563303152,0,0,0,5,2,0,0,2,1,1,1,0,0,0,0,0,0,0,0,0,1,0,0
1563620862,0,0,0,15,2,0,0,2,1,1,1,0,0,0,0,0,0,0,0,0,1,0,0
1563776462,0,0,0,15,2,0,0,2,1,1,1,0,0,0,0,0,0,0,0,0,1,0,0
1564016446,0,0,0,15,2,0,0,2,1,1,1,0,0,0,0,0,0,0,0,0,1,0,0
1564254221,0,0,0,15,2,0,0,2,1,1,1,0,0,0,0,0,0,0,0,0,1,0,0
1564493944,0,0,0,15,2,0,0,2,1,1,1,0,0,0,0,0,0,0,0,0,1,0,0
1564722674,0,0,0,15,2,0,0,2,1,1,1,0,0,0,0,0,0,0,0,0,1,0,0
1564954739,0,0,0,15,2,0,0,2,1,1,1,0,0,0,0,0,0,0,0,0,1,0,0
1565187368,0,0,0,15,2,0,0,2,1,1,1,0,0,0,0,0,0,0,0,0,1,0,0
1565417239,0,0,0,15,2,0,0,2,1,1,1,0,0,0,0,0,0,0,0,0,1,0,0
1565644302,0,0,0,15,2,0,0,2,1,1,1,0,0,0,0,0,0,0,0,0,1,0,0
1565884572,0,0,0,15,2,0,0,2,1,1,1,0,0,0,0,0,0,0,0,0,1,0,0
1566125677,0,0,0,15,2,0,0,2,1,1,1,0,0,0,0,0,0,0,0,0,1,0,0
1566365553,0,0,0,15,2,0,0,2,1,1,1,0,0,0,0,0,0,0,0,0,1,0,0
1566605954,0,0,0,15,2,0,0,2,1,1,1,0,0,0,0,0,0,0,0,0,1,0,0
1566685738,0,0,0,2,2,0,0,2,1,1,1,0,0,0,0,0,0,0,0,0,1,0,0
1566839364,0,0,0,2,2,0,0,2,1,1,1,0,0,0,0,0,0,0,0,0,1,0,0
1567066703,0,0,0,2,2,0,0,2,1,1,1,0,0,0,0,0,0,0,0,0,1,0,0
1567297213,0,0,0,2,2,0,0,2,1,1,1,0,0,0,0,0,0,0,0,0,1,0,0
1567524469,0,0,0,2,2,0,0,2,1,1,1,0,0,0,0,0,0,0,0,0,1,0,0
1567760895,0,0,0,2,2,0,0,2,1,1,1,0,0,0,0,0,0,0,0,0,1,0,0
1568001192,0,0,0,2,2,0,0,2,1,1,1,0,0,0,0,0,0,0,0,0,1,0,0
1568241749,0,0,0,2,2,0,0,2,1,1,1,0,0,0,0,0,0,0,0,0,1,0,0
1568482171,0,0,0,2,2,0,0,2,1,1,1,0,0,0,0,0,0,0,0,0,1,0,0
1568718977,0,0,0,2,2,0,0,2,1,1,1,0,0,0,0,0,0,0,0,0,1,0,0
1568949239,0,0,0,2,2,0,0,2,1,1,1,0,0,0,0,0,0,0,0,0,1,0,0
1569180130,0,0,0,2,2,0,0,2,1,1,1,0,0,0,0,0,0,0,0,0,1,0,0
1569411533,0,0,0,2,2,0,0,2,1,1,1,0,0,0,0,0,0,0,0,0,1,0,0
1569645720,0,0,0,2,2,0,0,2,1,1,1,0,0,0,0,0,0,0,0,0,1,0,0
1569881600,0,0,0,2,2,0,0,2,1,1,1,0,0,0,0,0,0,0,0,0,1,0,0
1570121282,0,0,0,2,2,0,0,2,1,1,1,0,0,0,0,0,0,0,0,0,1,0,0
1570356126,0,0,0,2,2,0,0,2,1,1,1,0,0,0,0,0,0,0,0,0,1,0,0
1570591093,0,0,0,2,2,0,0,2,1,1,1,0,0,0,0,0,0,0,0,0,1,0,0
1570821201,0,0,0,2,2,0,0,2,1,1,1,0,0,0,0,0,0,0,0,0,1,0,0
1571049216,0,0,0,2,2,0,0,2,1,1,1,0,0,0,0,0,0,0,0,0,1,0,0
1571276192,0,0,0,2,2,0,0,2,1,1,1,0,0,0,0,0,0,0,0,0,1,0,0
1571516435,0,0,0,2,2,0,0,2,1,1,1,0,0,0,0,0,0,0,0,0,1,0,0
1571753623,0,0,0,2,2,0,0,2,1,1,1,0,0,0,0,0,0,0,0,0,1,0,0
1571993589,0,0,0,2,2,0,0,2,1,1,1,0,0,0,0,0,0,0,0,0,1,0,0
1572226047,0,0,0,2,2,0,0,2,1,1,1,0,0,0,0,0,0,0,0,0,1,0,0
1572463503,0,0,0,2,2,0,0,2,1,1,1,0,0,0,0,0,0,0,0,0,1,0,0
1572694930,0,0,0,2,2,0,0,2,1,1,1,0,0,0,0,0,0,0,0,0,1,0,0
1572924488,0,0,0,2,2,0,0,2,1,1,1,0,0,0,0,0,0,0,0,0,1,0,0
1573155521,0,0,0,2,2,0,0,2,1,1,1,0,0,0,0,0,0,0,0,0,1,0,0
1573388183,0,0,0,2,2,0,0,2,1,1,1,0,0,0,0,0,0,0,0,0,1,0,0
1573629339,0,0,0,2,2,0,0,2,1,1,1,0,0,0,0,0,0,0,0,0,1,0,0
1573870116,0,0,0,2,2,0,0,2,1,1,1,0,0,0,0,0,0,0,0,0,1,0,0
1574106978,0,0,0,2,2,0,0,2,1,1,1,0,0,0,0,0,0,0,0,0,1,0,0
1574342143,0,0,0,2,2,0,0,2,1,1,1,0,0,0,0,0,0,0,0,0,1,0,0
1574571732,0,0,0,2,2,0,0,2,1,1,1,0,0,0,0,0,0,0,0,0,1,0,0
1574804918,0,0,0,2,2,0,0,2,1,1,1,0,0,0,0,0,0,0,0,0,1,0,0
1575028191,0,0,0,2,2,0,0,2,1,1,1,0,0,0,0,0,0,0,0,0,1,0,0
1575269308,0,0,0,2,2,0,0,2,1,1,1,0,0,0,0,0,0,0,0,0,1,0,0
1575507159,0,0,0,2,2,0,0,2,1,1,1,0,0,0,0,0,0,0,0,0,1,0,0
1575745368,0,0,0,2,2,0,0,2,1,1,1,0,0,0,0,0,0,0,0,0,1,0,0
1575983548,0,0,0,2,2,0,0,2,1,1,1,0,0,0,0,0,0,0,0,0,1,0,0
1576218310,0,0,0,2,2,0,0,2,1,1,1,0,0,0,0,0,0,0,0,0,1,0,0
1576450669,0,0,0,2,2,0,0,2,1,1,1,0,0,0,0,0,0,0,0,0,1,0,0
1576683212,0,0,0,2,2,0,0,2,1,1,1,0,0,0,0,0,0,0,0,0,1,0,0
1576911651,0,0,0,2,2,0,0,2,1,1,1,0,0,0,0,0,0,0,0,0,1,0,0
1577144764,0,0,0,2,2,0,0,2,1,1,1,0,0,0,0,0,0,0,0,0,1,0,0
1577385746,0,0,0,2,2,0,0,2,1,1,1,0,0,0,0,0,0,0,0,0,1,0,0
1577625251,0,0,0,2,2,0,0,2,1,1,1,0,0,0,0,0,0,0,0,0,1,0,0
1577866438,0,0,0,2,2,0,0,2,1,1,1,0,0,0,0,0,0,0,0,0,1,0,0
1578106108,0,0,0,2,2,0,0,2,1,1,1,0,0,0,0,0,0,0,0,0,1,0,0
1578335686,0,0,0,2,2,0,0,2,1,1,1,0,0,0,0,0,0,0,0,0,1,0,0
1578563089,0,0,0,2,2,0,0,2,1,1,1,0,0,0,0,0,0,0,0,0,1,0,0
1578792737,0,0,0,2,2,0,0,2,1,1,1,0,0,0,0,0,0,0,0,0,1,0,0
1579032391,0,0,0,2,2,0,0,2,1,1,1,0,0,0,0,0,0,0,0,0,1,0,0
1579273154,0,0,0,2,2,0,0,2,1,1,1,0,0,0,0,0,0,0,0,0,1,0,0
1579509312,0,0,0,2,2,0,0,2,1,1,1,0,0,0,0,0,0,0,0,0,1,0,0
1579746867,0,0,0,2,2,0,0,2,1,1,1,0,0,0,0,0,0,0,0,0,1,0,0
1579987776,0,0,0,2,2,0,0,2,1,1,1,0,0,0,0,0,0,0,0,0,1,0,0
1580219531,0,0,0,2,2,0,0,2,1,1,1,0,0,0,0,0,0,0,0,0,1,0,0
1580452360,0,0,0,2,2,0,0,2,1,1,1,0,0,0,0,0,0,0,0,0,1,0,0
1580687584,0,0,0,2,2,0,0,2,1,1,1,0,0,0,0,0,0,0,0,0,1,0,0
1580917231,0,0,0,2,2,0,0,2,1,1,1,0,0,0,0,0,0,0,0,0,1,0,0
1581157509,0,0,0,2,2,0,0,2,1,1,1,0,0,0,0,0,0,0,0,0,1,0,0
1581402176,0,0,0,2,2,0,0,2,1,1,1,0,0,0,0,0,0,0,0,0,1,0,0
1581638746,0,0,0,2,2,0,0,2,1,1,1,0,0,0,0,0,0,0,0,0,1,0,0
1581874433,0,0,0,2,2,0,0,2,1,1,1,0,0,0,0,0,0,0,0,0,1,0,0
1582107160,0,0,0,2,2,0,0,2,1,1,1,0,0,0,0,0,0,0,0,0,1,0,0
1582341189,0,0,0,2,2,0,0,2,1,1,1,0,0,0,0,0,0,0,0,0,1,0,0
1582568315,0,0,0,2,2,0,0,2,1,1,1,0,0,0,0,0,0,0,0,0,1,0,0
1582796546,0,0,0,2,2,0,0,2,1,1,1,0,0,0,0,0,0,0,0,0,1,0,0
1583036715,0,0,0,2,2,0,0,2,1,1,1,0,0,0,0,0,0,0,0,0,1,0,0
1583273946,0,0,0,2,2,0,0,2,1,1,1,0,0,0,0,0,0,0,0,0,1,0,0
1583519172,0,0,0,2,2,0,0,2,1,1,1,0,0,0,0,0,0,0,0,0,1,0,0
1583758435,0,0,0,2,2,0,0,2,1,1,1,0,0,0,0,0,0,0,0,0,1,0,0
1583987942,0,0,0,2,2,0,0,2,1,1,1,0,0,0,0,0,0,0,0,0,1,0,0
1584220278,0,0,0,2,2,0,0,2,1,1,1,0,0,0,0,0,0,0,0,0,1,0,0
1584448524,0,0,0,2,2,0,0,2,1,1,1,0,0,0,0,0,0,0,0,0,1,0,0
1584676884,0,0,0,2,2,0,0,2,1,1,1,0,0,0,0,0,0,0,0,0,1,0,0
1584916476,0,0,0,2,2,0,0,2,1,1,1,0,0,0,0,0,0,0,0,0,1,0,0
1585157257,0,0,0,2,2,0,0,2,1,1,1,0,0,0,0,0,0,0,0,0,1,0,0
1585397701,0,0,0,2,2,0,0,2,1,1,1,0,0,0,0,0,0,0,0,0,1,0,0
1585629907,0,0,0,2,2,0,0,2,1,1,1,0,0,0,0,0,0,0,0,0,1,0,0
1585867626,0,0,0,2,2,0,0,2,1,1,1,0,0,0,0,0,0,0,0,0,1,0,0
1586099397,0,0,0,2,2,0,0,2,1,1,1,0,0,0,0,0,0,0,0,0,1,0,0
1586325208,0,0,0,2,2,0,0,2,1,1,1,0,0,0,0,0,0,0,0,0,1,0,0
1586552142,0,0,0,2,2,0,0,2,1,1,1,0,0,0,0,0,0,0,0,0,1,0,0
1586792438,0,0,0,2,2,0,0,2,1,1,1,0,0,0,0,0,0,0,0,0,1,0,0
1587033324,0,0,0,2,2,0,0,2,1,1,1,0,0,0,0,0,0,0,0,0,1,0,0
1587273693,0,0,0,2,2,0,0,2,1,1,1,0,0,0,0,0,0,0,0,0,1,0,0
1587506136,0,0,0,2,2,0,0,2,1,1,1,0,0,0,0,0,0,0,0,0,1,0,0
1587740088,0,0,0,2,2,0,0,2,1,1,1,0,0,0,0,0,0,0,0,0,1,0,0
1587972513,0,0,0,2,2,0,0,2,1,1,1,0,0,0,0,0,0,0,0,0,1,0,0
1588200138,0,0,0,2,2,0,0,2,1,1,1,0,0,0,0,0,0,0,0,0,1,0,0
1588428528,0,0,0,2,2,0,0,2,1,1,1,0,0,0,0,0,0,0,0,0,1,0,0
1588664532,0,0,0,2,2,0,0,2,1,1,1,0,0,0,0,0,0,0,0,0,1,0,0
1588902150,0,0,0,2,2,0,0,2,1,1,1,0,0,0,0,0,0,0,0,0,1,0,0
1589141760,0,0,0,2,2,0,0,2,1,1,1,0,0,0,0,0,0,0,0,0,1,0,0
1589386000,0,0,0,2,2,0,0,2,1,1,1,0,0,0,0,0,0,0,0,0,1,0,0
1589626368,0,0,0,2,2,0,0,2,1,1,1,0,0,0,0,0,0,0,0,0,1,0,0
1589856035,0,0,0,2,2,0,0,2,1,1,1,0,0,0,0,0,0,0,0,0,1,0,0
1590089564,0,0,0,2,2,0,0,2,1,1,1,0,0,0,0,0,0,0,0,0,1,0,0
1590321609,0,0,0,2,2,0,0,2,1,1,1,0,0,0,0,0,0,0,0,0,1,0,0
1590560838,0,0,0,2,2,0,0,2,1,1,1,0,0,0,0,0,0,0,0,0,1,0,0
1590801554,0,0,0,2,2,0,0,2,1,1,1,0,0,0,0,0,0,0,0,0,1,0,0
1591041283,0,0,0,2,2,0,0,2,1,1,1,0,0,0,0,0,0,0,0,0,1,0,0
1591276489,0,0,0,2,2,0,0,2,1,1,1,0,0,0,0,0,0,0,0,0,1,0,0
1591509160,0,0,0,2,2,0,0,2,1,1,1,0,0,0,0,0,0,0,0,0,1,0,0
1591739194,0,0,0,2,2,0,0,2,1,1,1,0,0,0,0,0,0,0,0,0,1,0,0
1591964088,0,0,0,2,2,0,0,2,1,1,1,0,0,0,0,0,0,0,0,0,1,0,0
1592192344,0,0,0,2,2,0,0,2,1,1,1,0,0,0,0,0,0,0,0,0,1,0,0
1592425382,0,0,0,2,2,0,0,2,1,1,1,0,0,0,0,0,0,0,0,0,1,0,0
1592661269,0,0,0,2,2,0,0,2,1,1,1,0,0,0,0,0,0,0,0,0,1,0,0
1592902110,0,0,0,2,2,0,0,2,1,1,1,0,0,0,0,0,0,0,0,0,1,0,0
1593138791,0,0,0,2,2,0,0,2,1,1,1,0,0,0,0,0,0,0,0,0,1,0,0
1593371618,0,0,0,2,2,0,0,2,1,1,1,0,0,0,0,0,0,0,0,0,1,0,0
1593608164,0,0,0,2,2,0,0,2,1,1,1,0,0,0,0,0,0,0,0,0,1,0,0
1593843278,0,0,0,2,2,0,0,2,1,1,1,0,0,0,0,0,0,0,0,0,1,0,0
1594075584,0,0,0,2,2,0,0,2,1,1,1,0,0,0,0,0,0,0,0,0,1,0,0
1594308574,0,0,0,2,2,0,0,2,1,1,1,0,0,0,0,0,0,0,0,0,1,0,0
1594547208,0,0,0,2,2,0,0,2,1,1,1,0,0,0,0,0,0,0,0,0,1,0,0
1594786830,0,0,0,2,2,0,0,2,1,1,1,0,0,0,0,0,0,0,0,0,1,0,0
1595023185,0,0,0,2,2,0,0,2,1,1,1,0,0,0,0,0,0,0,0,0,1,0,0
1595263182,0,0,0,2,2,0,0,2,1,1,1,0,0,0,0,0,0,0,0,0,1,0,0
1595495909,0,0,0,2,2,0,0,2,1,1,1,0,0,0,0,0,0,0,0,0,1,0,0
1595720282,0,0,0,2,2,0,0,2,1,1,1,0,0,0,0,0,0,0,0,0,1,0,0
1595954124,0,0,0,2,2,0,0,2,1,1,1,0,0,0,0,0,0,0,0,0,1,0,0
1596185194,0,0,0,2,2,0,0,2,1,1,1,0,0,0,0,0,0,0,0,0,1,0,0
1596424512,0,0,0,2,2,0,0,2,1,1,1,0,0,0,0,0,0,0,0,0,1,0,0
1596665200,0,0,0,2,2,0,0,2,1,1,1,0,0,0,0,0,0,0,0,0,1,0,0
1596903236,0,0,0,2,2,0,0,2,1,1,1,0,0,0,0,0,0,0,0,0,1,0,0
1597142506,0,0,0,2,2,0,0,2,1,1,1,0,0,0,0,0,0,0,0,0,1,0,0
1597375699,0,0,0,2,2,0,0,2,1,1,1,0,0,0,0,0,0,0,0,0,1,0,0
1597611164,0,0,0,2,2,0,0,2,1,1,1,0,0,0,0,0,0,0,0,0,1,0,0
1597853165,0,0,0,2,2,0,0,2,1,1,1,0,0,0,0,0,0,0,0,0,1,0,0
1598080371,0,0,0,2,2,0,0,2,1,1,1,0,0,0,0,0,0,0,0,0,1,0,0
1598320759,0,0,0,2,2,0,0,2,1,1,1,0,0,0,0,0,0,0,0,0,1,0,0
1598561676,0,0,0,2,2,0,0,2,1,1,1,0,0,0,0,0,0,0,0,0,1,0,0
1598798163,0,0,0,2,2,0,0,2,1,1,1,0,0,0,0,0,0,0,0,0,1,0,0
1599038128,0,0,0,2,2,0,0,2,1,1,1,0,0,0,0,0,0,0,0,0,1,0,0
1599271554,0,0,0,2,2,0,0,2,1,1,1,0,0,0,0,0,0,0,0,0,1,0,0
1599508697,0,0,0,2,2,0,0,2,1,1,1,0,0,0,0,0,0,0,0,0,1,0,0
1599739660,0,0,0,2,2,0,0,2,1,1,1,0,0,0,0,0,0,0,0,0,1,0,0
1599964456,0,0,0,2,2,0,0,2,1,1,1,0,0,0,0,0,0,0,0,0,1,0,0
1600204482,0,0,0,2,2,0,0,2,1,1,1,0,0,0,0,0,0,0,0,0,1,0,0
1600349335,0,0,0,15,2,0,0,2,1,1,1,0,0,0,0,0,0,0,0,0,1,0,0
1600445342,0,0,0,15,2,0,0,2,1,1,1,0,0,0,0,0,0,0,0,0,1,0,0
1600685480,0,0,0,15,2,0,0,2,1,1,1,0,0,0,0,0,0,0,0,0,1,0,0
1600922698,0,0,0,15,2,0,0,2,1,1,1,0,0,0,0,0,0,0,0,0,1,0,0
1601153344,0,0,0,15,2,0,0,2,1,1,1,0,0,0,0,0,0,0,0,0,1,0,0
1601382964,0,0,0,15,2,0,0,2,1,1,1,0,0,0,0,0,0,0,0,0,1,0,0
1601611621,0,0,0,15,2,0,0,2,1,1,1,0,0,0,0,0,0,0,0,0,1,0,0
1601841303,0,0,0,15,2,0,0,2,1,1,1,0,0,0,0,0,0,0,0,0,1,0,0
1602080926,0,0,0,15,2,0,0,2,1,1,1,0,0,0,0,0,0,0,0,0,1,0,0
1602325289,0,0,0,15,2,0,0,2,1,1,1,0,0,0,0,0,0,0,0,0,1,0,0
1602529622,0,0,0,15,1,0,0,2,1,1,1,0,0,0,0,0,0,0,0,0,1,0,0
1602565197,0,0,0,15,1,0,0,2,1,1,1,0,0,0,0,0,0,0,0,0,1,0,0
1602802720,0,0,0,15,1,0,0,2,1,1,1,0,0,0,0,0,0,0,0,0,1,0,0
1603031162,0,0,0,15,1,0,0,2,1,1,1,0,0,0,0,0,0,0,0,0,1,0,0
1603262838,0,0,0,15,1,0,0,2,1,1,1,0,0,0,0,0,0,0,0,0,1,0,0
