timestamp,x,y,z,r,flaps,aux1,aux2,aux3,aux4,aux5,mode_switch,return_switch,rattitude_switch,posctl_switch,loiter_switch,acro_switch,offboard_switch,kill_switch,arm_switch,transition_switch,gear_switch,mode_slot,data_source,stab_switch,man_switch
1438862903,0.0,0.0,0.0,0.24852417,0.0,0.0,0.0,0.0,0.0,0.0,0,0,0,0,0,0,0,3,0,0,0,0,1,0,0
1439054882,0.0,0.0,0.0,0.0001381635,0.0,0.0,0.0,0.0,0.0,0.0,0,0,0,0,0,0,0,3,0,0,0,0,1,0,0
1439255706,0.0,0.0,0.0,-1.9105313e-07,0.0,0.0,0.0,0.0,0.0,0.0,0,0,0,0,0,0,0,3,0,0,0,0,1,0,0
1439459666,0.0,0.0,0.0,1.0822184e-10,0.0,0.0,0.0,0.0,0.0,0.0,0,0,0,0,0,0,0,3,0,0,0,0,1,0,0
1439660465,0.0,0.0,0.0,-1.3560156e-14,0.0,0.0,0.0,0.0,0.0,0.0,0,0,0,0,0,0,0,3,0,0,0,0,1,0,0
1439873330,0.0,0.0,0.0,-2.3408517e-17,0.0,0.0,0.0,0.0,0.0,0.0,0,0,0,0,0,0,0,3,0,0,0,0,1,0,0
1440077659,0.0,0.0,0.0,7.418163e-21,0.0,0.0,0.0,0.0,0.0,0.0,0,0,0,0,0,0,0,3,0,0,0,0,1,0,0
1440262062,0.0,0.0,0.0,-1.6494428e-23,0.0,0.0,0.0,0.0,0.0,0.0,0,0,0,0,0,0,0,3,0,0,0,0,1,0,0
1440871258,0.0,0.0,0.0,-6.2900005e-33,0.0,0.0,0.0,0.0,0.0,0.0,0,0,0,0,0,0,0,3,0,0,0,5,1,0,0
1441091903,0.0,0.0,0.0,-9.479891e-37,0.0,0.0,0.0,0.0,0.0,0.0,0,0,0,0,0,0,0,3,0,0,0,5,1,0,0
1441288493,0.0,0.0,0.0,1.168359e-39,0.0,0.0,0.0,0.0,0.0,0.0,0,0,0,0,0,0,0,3,0,0,0,5,1,0,0
1441484694,0.0,0.0,0.0,-6.2e-43,0.0,0.0,0.0,0.0,0.0,0.0,0,0,0,0,0,0,0,3,0,0,0,5,1,0,0
1441689304,0.0,0.0,0.0,0.0,0.0,0.0,0.0,0.0,0.0,0.0,0,0,0,0,0,0,0,3,0,0,0,5,1,0,0
1441885323,0.0,0.0,0.0,0.0,0.0,0.0,0.0,0.0,0.0,0.0,0,0,0,0,0,0,0,3,0,0,0,5,1,0,0
1442094079,0.0,0.0,0.0,0.0,0.0,0.0,0.0,0.0,0.0,0.0,0,0,0,0,0,0,0,3,0,0,0,5,1,0,0
1442290094,0.0,0.0,0.0,0.0,0.0,0.0,0.0,0.0,0.0,0.0,0,0,0,0,0,0,0,3,0,0,0,5,1,0,0
1442490891,0.0,0.0,0.0,0.0,0.0,0.0,0.0,0.0,0.0,0.0,0,0,0,0,0,0,0,3,0,0,0,5,1,0,0
1442690876,0.0,0.0,0.0,0.0,0.0,0.0,0.0,0.0,0.0,0.0,0,0,0,0,0,0,0,3,0,0,0,5,1,0,0
1442907669,0.0,0.0,0.0,0.0,0.0,0.0,0.0,0.0,0.0,0.0,0,0,0,0,0,0,0,3,0,0,0,5,1,0,0
1443108890,0.0,0.0,0.0,0.0,0.0,0.0,0.0,0.0,0.0,0.0,0,0,0,0,0,0,0,3,0,0,0,5,1,0,0
1443292508,0.0,0.0,0.0,0.0,0.0,0.0,0.0,0.0,0.0,0.0,0,0,0,0,0,0,0,3,0,0,0,5,1,0,0
1443509295,0.0,0.0,0.0,0.0,0.0,0.0,0.0,0.0,0.0,0.0,0,0,0,0,0,0,0,3,0,0,0,5,1,0,0
1443717325,0.0,0.0,0.0,0.0,0.0,0.0,0.0,0.0,0.0,0.0,0,0,0,0,0,0,0,3,0,0,0,5,1,0,0
1443902495,0.0,0.0,0.0,0.0,0.0,0.0,0.0,0.0,0.0,0.0,0,0,0,0,0,0,0,3,0,0,0,5,1,0,0
1444110069,0.0,0.0,0.0,0.0,0.0,0.0,0.0,0.0,0.0,0.0,0,0,0,0,0,0,0,3,0,0,0,5,1,0,0
1444322937,0.0,0.0,0.0,0.0,0.0,0.0,0.0,0.0,0.0,0.0,0,0,0,0,0,0,0,3,0,0,0,5,1,0,0
1444506888,0.0,0.0,0.0,0.0,0.0,0.0,0.0,0.0,0.0,0.0,0,0,0,0,0,0,0,3,0,0,0,5,1,0,0
1444707666,0.0,0.0,0.0,0.0,0.0,0.0,0.0,0.0,0.0,0.0,0,0,0,0,0,0,0,3,0,0,0,5,1,0,0
1444927703,0.0,0.0,0.0,0.0,0.0,0.0,0.0,0.0,0.0,0.0,0,0,0,0,0,0,0,3,0,0,0,5,1,0,0
1445124470,0.0,0.0,0.0,0.0,0.0,0.0,0.0,0.0,0.0,0.0,0,0,0,0,0,0,0,3,0,0,0,5,1,0,0
1445333280,0.0,0.0,0.0,0.0,0.0,0.0,0.0,0.0,0.0,0.0,0,0,0,0,0,0,0,3,0,0,0,5,1,0,0
1445513310,0.0,0.0,0.0,0.0,0.0,0.0,0.0,0.0,0.0,0.0,0,0,0,0,0,0,0,3,0,0,0,5,1,0,0
1445718112,0.0,0.0,0.0,0.0,0.0,0.0,0.0,0.0,0.0,0.0,0,0,0,0,0,0,0,3,0,0,0,5,1,0,0
1445934066,0.0,0.0,0.0,0.0,0.0,0.0,0.0,0.0,0.0,0.0,0,0,0,0,0,0,0,3,0,0,0,5,1,0,0
1446126898,0.0,0.0,0.0,0.0,0.0,0.0,0.0,0.0,0.0,0.0,0,0,0,0,0,0,0,3,0,0,0,5,1,0,0
1446339666,0.0,0.0,0.07713839,0.0,0.0,0.0,0.0,0.0,0.0,0.0,0,0,0,0,0,0,0,3,0,0,0,5,1,0,0
1446536103,0.0,0.0,0.16966575,0.0,0.0,0.0,0.0,0.0,0.0,0.0,0,0,0,0,0,0,0,3,0,0,0,5,1,0,0
1446732486,0.0,0.0,0.28871322,0.0,0.0,0.0,0.0,0.0,0.0,0.0,0,0,0,0,0,0,0,3,0,0,0,5,1,0,0
1446944471,0.0,0.0,0.38806129,0.0,0.0,0.0,0.0,0.0,0.0,0.0,0,0,0,0,0,0,0,3,0,0,0,5,1,0,0
1447137310,0.0,0.0,0.43438926,0.0,0.0,0.0,0.0,0.0,0.0,0.0,0,0,0,0,0,0,0,3,0,0,0,5,1,0,0
1447357347,0.0,0.0,0.43357494,0.0,0.0,0.0,0.0,0.0,0.0,0.0,0,0,0,0,0,0,0,3,0,0,0,5,1,0,0
1447542481,0.0,0.0,0.4335749,0.0,0.0,0.0,0.0,0.0,0.0,0.0,0,0,0,0,0,0,0,3,0,0,0,5,1,0,0
1447762086,0.0,0.0,0.43357491,0.0,0.0,0.0,0.0,0.0,0.0,0.0,0,0,0,0,0,0,0,3,0,0,0,5,1,0,0
1447946866,0.0,0.0,0.43357491,0.0,0.0,0.0,0.0,0.0,0.0,0.0,0,0,0,0,0,0,0,3,0,0,0,5,1,0,0
1448155304,0.0,0.0,0.4335749,0.0,0.0,0.0,0.0,0.0,0.0,0.0,0,0,0,0,0,0,0,3,0,0,0,5,1,0,0
1448347670,0.0,0.0,0.4335749,0.0,0.0,0.0,0.0,0.0,0.0,0.0,0,0,0,0,0,0,0,3,0,0,0,5,1,0,0
1448548485,0.0,0.0,0.43357491,0.0,0.0,0.0,0.0,0.0,0.0,0.0,0,0,0,0,0,0,0,3,0,0,0,5,1,0,0
1448760470,0.0,0.0,0.4335749,0.0,0.0,0.0,0.0,0.0,0.0,0.0,0,0,0,0,0,0,0,3,0,0,0,5,1,0,0
1448957356,0.0,0.0,0.4335749,0.0,0.0,0.0,0.0,0.0,0.0,0.0,0,0,0,0,0,0,0,3,0,0,0,5,1,0,0
1449173334,0.0,0.0,0.43357491,0.0,0.0,0.0,0.0,0.0,0.0,0.0,0,0,0,0,0,0,0,3,0,0,0,5,1,0,0
1449362117,0.0,0.0,0.43227604,0.0,0.0,0.0,0.0,0.0,0.0,0.0,0,0,0,0,0,0,0,3,0,0,0,5,1,0,0
1449554088,0.0,0.0,0.43356696,0.0,0.0,0.0,0.0,0.0,0.0,0.0,0,0,0,0,0,0,0,3,0,0,0,5,1,0,0
1449774863,0.0,0.0,0.4335749,0.0,0.0,0.0,0.0,0.0,0.0,0.0,0,0,0,0,0,0,0,3,0,0,0,5,1,0,0
1449966886,0.0,0.0,0.43357491,0.0,0.0,0.0,0.0,0.0,0.0,0.0,0,0,0,0,0,0,0,3,0,0,0,5,1,0,0
1450159685,0.0,0.0,0.43357491,0.0,0.0,0.0,0.0,0.0,0.0,0.0,0,0,0,0,0,0,0,3,0,0,0,5,1,0,0
1450379727,0.0,0.0,0.4335749,0.0,0.0,0.0,0.0,0.0,0.0,0.0,0,0,0,0,0,0,0,3,0,0,0,5,1,0,0
1450580496,0.0,0.0,0.43357491,0.0,0.0,0.0,0.0,0.0,0.0,0.0,0,0,0,0,0,0,0,3,0,0,0,5,1,0,0
1450777268,0.0,0.0,0.43357491,0.0,0.0,0.0,0.0,0.0,0.0,0.0,0,0,0,0,0,0,0,3,0,0,0,5,1,0,0
1450989265,0.0,0.0,0.4335749,0.0,0.0,0.0,0.0,0.0,0.0,0.0,0,0,0,0,0,0,0,3,0,0,0,5,1,0,0
1451186312,0.0,0.0,0.43357491,0.0,0.0,0.0,0.0,0.0,0.0,0.0,0,0,0,0,0,0,0,3,0,0,0,5,1,0,0
1451382098,0.0,0.0,0.43357491,0.0,0.0,0.0,0.0,0.0,0.0,0.0,0,0,0,0,0,0,0,3,0,0,0,5,1,0,0
1451579325,0.0,0.0,0.4335749,0.0,0.0,0.0,0.0,0.0,0.0,0.0,0,0,0,0,0,0,0,3,0,0,0,5,1,0,0
1451795305,0.0,0.0,0.43357491,0.0,0.0,0.0,0.0,0.0,0.0,0.0,0,0,0,0,0,0,0,3,0,0,0,5,1,0,0
1451995663,0.0,0.0,0.43227604,0.0,0.0,0.0,0.0,0.0,0.0,0.0,0,0,0,0,0,0,0,3,0,0,0,5,1,0,0
1452192701,0.0,0.0,0.4323672,0.0,0.0,0.0,0.0,0.0,0.0,0.0,0,0,0,0,0,0,0,3,0,0,0,5,1,0,0
1452392475,0.0,0.0,0.43236712,0.0,0.0,0.0,0.0,0.0,0.0,0.0,0,0,0,0,0,0,0,3,0,0,0,5,1,0,0
1452589730,0.0,0.0,0.43236712,0.0,0.0,0.0,0.0,0.0,0.0,0.0,0,0,0,0,0,0,0,3,0,0,0,5,1,0,0
1452785266,0.0,0.0,0.43236712,0.0,0.0,0.0,0.0,0.0,0.0,0.0,0,0,0,0,0,0,0,3,0,0,0,5,1,0,0
1453006066,0.0,0.0,0.43236712,0.0,0.0,0.0,0.0,0.0,0.0,0.0,0,0,0,0,0,0,0,3,0,0,0,5,1,0,0
1453202507,0.0,0.0,0.43236712,0.0,0.0,0.0,0.0,0.0,0.0,0.0,0,0,0,0,0,0,0,3,0,0,0,5,1,0,0
1453398903,0.0,0.0,0.43236712,0.0,0.0,0.0,0.0,0.0,0.0,0.0,0,0,0,0,0,0,0,3,0,0,0,5,1,0,0
1453614869,0.0,0.0,0.43236712,0.0,0.0,0.0,0.0,0.0,0.0,0.0,0,0,0,0,0,0,0,3,0,0,0,5,1,0,0
1453799888,0.0,0.0,0.43236712,0.0,0.0,0.0,0.0,0.0,0.0,0.0,0,0,0,0,0,0,0,3,0,0,0,5,1,0,0
1454016473,0.0,0.0,0.43236712,0.0,0.0,0.0,0.0,0.0,0.0,0.0,0,0,0,0,0,0,0,3,0,0,0,5,1,0,0
1454212695,0.0,0.0,0.43236712,0.0,0.0,0.0,0.0,0.0,0.0,0.0,0,0,0,0,0,0,0,3,0,0,0,5,1,0,0
1454413274,0.0,0.0,0.43236712,0.0,0.0,0.0,0.0,0.0,0.0,0.0,0,0,0,0,0,0,0,3,0,0,0,5,1,0,0
1454613263,0.0,0.0,0.43236712,0.0,0.0,0.0,0.0,0.0,0.0,0.0,0,0,0,0,0,0,0,3,0,0,0,5,1,0,0
1454806101,0.0,0.0,0.43236712,0.0,0.0,0.0,0.0,0.0,0.0,0.0,0,0,0,0,0,0,0,3,0,0,0,5,1,0,0
1455030077,0.0,0.0,0.43236712,0.0,0.0,0.0,0.0,0.0,0.0,0.0,0,0,0,0,0,0,0,3,0,0,0,5,1,0,0
1455218868,0.0,0.0,0.43236712,0.0,0.0,0.0,0.0,0.0,0.0,0.0,0,0,0,0,0,0,0,3,0,0,0,5,1,0,0
1455434874,0.0,0.0,0.43236712,0.0,0.0,0.0,0.0,0.0,0.0,0.0,0,0,0,0,0,0,0,3,0,0,0,5,1,0,0
1455627696,0.0,0.0,0.43236712,0.0,0.0,0.0,0.0,0.0,0.0,0.0,0,0,0,0,0,0,0,3,0,0,0,5,1,0,0
1455840567,0.0,0.0,0.43236712,0.0,0.0,0.0,0.0,0.0,0.0,0.0,0,0,0,0,0,0,0,3,0,0,0,5,1,0,0
1456044504,0.0,0.0,0.43236712,0.0,0.0,0.0,0.0,0.0,0.0,0.0,0,0,0,0,0,0,0,3,0,0,0,5,1,0,0
1456241275,0.0,0.0,0.43236712,0.0,0.0,0.0,0.0,0.0,0.0,0.0,0,0,0,0,0,0,0,3,0,0,0,5,1,0,0
1456437272,0.0,0.0,0.43236712,0.0,0.0,0.0,0.0,0.0,0.0,0.0,0,0,0,0,0,0,0,3,0,0,0,5,1,0,0
1456634061,0.0,0.0,0.43236712,0.0,0.0,0.0,0.0,0.0,0.0,0.0,0,0,0,0,0,0,0,3,0,0,0,5,1,0,0
1456834067,0.0,0.0,0.43236712,0.0,0.0,0.0,0.0,0.0,0.0,0.0,0,0,0,0,0,0,0,3,0,0,0,5,1,0,0
1457034899,0.0,0.0,0.43236712,0.0,0.0,0.0,0.0,0.0,0.0,0.0,0,0,0,0,0,0,0,3,0,0,0,5,1,0,0
1457234911,0.0,0.0,0.43236712,0.0,0.0,0.0,0.0,0.0,0.0,0.0,0,0,0,0,0,0,0,3,0,0,0,5,1,0,0
1457455686,0.0,0.0,0.43236712,0.0,0.0,0.0,0.0,0.0,0.0,0.0,0,0,0,0,0,0,0,3,0,0,0,5,1,0,0
1457655690,0.0,0.0,0.43236712,0.0,0.0,0.0,0.0,0.0,0.0,0.0,0,0,0,0,0,0,0,3,0,0,0,5,1,0,0
1457856834,0.0,0.0,0.43236712,0.0,0.0,0.0,0.0,0.0,0.0,0.0,0,0,0,0,0,0,0,3,0,0,0,5,1,0,0
1458057270,0.0,0.0,0.43236712,0.0,0.0,0.0,0.0,0.0,0.0,0.0,0,0,0,0,0,0,0,3,0,0,0,5,1,0,0
1458253661,0.0,0.0,0.43236712,0.0,0.0,0.0,0.0,0.0,0.0,0.0,0,0,0,0,0,0,0,3,0,0,0,5,1,0,0
1458462099,0.0,0.0,0.43236712,0.0,0.0,0.0,0.0,0.0,0.0,0.0,0,0,0,0,0,0,0,3,0,0,0,5,1,0,0
1458662095,0.0,0.0,0.43236712,0.0,0.0,0.0,0.0,0.0,0.0,0.0,0,0,0,0,0,0,0,3,0,0,0,5,1,0,0
1458858903,0.0,0.0,0.43236712,0.0,0.0,0.0,0.0,0.0,0.0,0.0,0,0,0,0,0,0,0,3,0,0,0,5,1,0,0
1459062901,0.0,0.0,0.43236712,0.0,0.0,0.0,0.0,0.0,0.0,0.0,0,0,0,0,0,0,0,3,0,0,0,5,1,0,0
1459264059,0.0,0.0,0.43236712,0.0,0.0,0.0,0.0,0.0,0.0,0.0,0,0,0,0,0,0,0,3,0,0,0,5,1,0,0
1459460467,0.0,0.0,0.43236712,0.0,0.0,0.0,0.0,0.0,0.0,0.0,0,0,0,0,0,0,0,3,0,0,0,5,1,0,0
1459656464,0.0,0.0,0.43236712,0.0,0.0,0.0,0.0,0.0,0.0,0.0,0,0,0,0,0,0,0,3,0,0,0,5,1,0,0
1459853310,0.0,0.0,0.43236712,0.0,0.0,0.0,0.0,0.0,0.0,0.0,0,0,0,0,0,0,0,3,0,0,0,5,1,0,0
1460073264,0.0,0.0,0.43236712,0.0,0.0,0.0,0.0,0.0,0.0,0.0,0,0,0,0,0,0,0,3,0,0,0,5,1,0,0
1460266067,0.0,0.0,0.43236712,0.0,0.0,0.0,0.0,0.0,0.0,0.0,0,0,0,0,0,0,0,3,0,0,0,5,1,0,0
1460470066,0.0,0.0,0.43236712,0.0,0.0,0.0,0.0,0.0,0.0,0.0,0,0,0,0,0,0,0,3,0,0,0,5,1,0,0
1460682901,0.0,0.0,0.43236712,0.0,0.0,0.0,0.0,0.0,0.0,0.0,0,0,0,0,0,0,0,3,0,0,0,5,1,0,0
1460874915,0.0,0.0,0.43236712,0.0,0.0,0.0,0.0,0.0,0.0,0.0,0,0,0,0,0,0,0,3,0,0,0,5,1,0,0
1461079679,0.0,0.0,0.43236712,0.0,0.0,0.0,0.0,0.0,0.0,0.0,0,0,0,0,0,0,0,3,0,0,0,5,1,0,0
1461279664,0.0,0.0,0.43236712,0.0,0.0,0.0,0.0,0.0,0.0,0.0,0,0,0,0,0,0,0,3,0,0,0,5,1,0,0
1461480481,0.0,0.0,0.43236712,0.0,0.0,0.0,0.0,0.0,0.0,0.0,0,0,0,0,0,0,0,3,0,0,0,5,1,0,0
1461685263,0.0,0.0,0.43236712,0.0,0.0,0.0,0.0,0.0,0.0,0.0,0,0,0,0,0,0,0,3,0,0,0,5,1,0,0
1461901262,0.0,0.0,0.43236712,0.0,0.0,0.0,0.0,0.0,0.0,0.0,0,0,0,0,0,0,0,3,0,0,0,5,1,0,0
1462089298,0.0,0.0,0.43236712,0.0,0.0,0.0,0.0,0.0,0.0,0.0,0,0,0,0,0,0,0,3,0,0,0,5,1,0,0
1462294473,0.0,0.0,0.43236712,0.0,0.0,0.0,0.0,0.0,0.0,0.0,0,0,0,0,0,0,0,3,0,0,0,5,1,0,0
1462490879,0.0,0.0,0.43236712,0.0,0.0,0.0,0.0,0.0,0.0,0.0,0,0,0,0,0,0,0,3,0,0,0,5,1,0,0
1462694867,0.0,0.0,0.43236712,0.0,0.0,0.0,0.0,0.0,0.0,0.0,0,0,0,0,0,0,0,3,0,0,0,5,1,0,0
1462899731,0.0,0.0,0.43236712,0.0,0.0,0.0,0.0,0.0,0.0,0.0,0,0,0,0,0,0,0,3,0,0,0,5,1,0,0
1463099661,0.0,0.0,0.43236712,0.0,0.0,0.0,0.0,0.0,0.0,0.0,0,0,0,0,0,0,0,3,0,0,0,5,1,0,0
1463316461,0.0,0.0,0.43236712,0.0,0.0,0.0,0.0,0.0,0.0,0.0,0,0,0,0,0,0,0,3,0,0,0,5,1,0,0
1463512506,0.0,0.0,0.43236712,0.0,0.0,0.0,0.0,0.0,0.0,0.0,0,0,0,0,0,0,0,3,0,0,0,5,1,0,0
1463709298,0.0,0.0,0.43236712,0.0,0.0,0.0,0.0,0.0,0.0,0.0,0,0,0,0,0,0,0,3,0,0,0,5,1,0,0
1463906068,0.0,0.0,0.43236712,0.0,0.0,0.0,0.0,0.0,0.0,0.0,0,0,0,0,0,0,0,3,0,0,0,5,1,0,0
1464110062,0.0,0.0,0.43236712,0.0,0.0,0.0,0.0,0.0,0.0,0.0,0,0,0,0,0,0,0,3,0,0,0,5,1,0,0
1464306863,0.0,0.0,0.43236712,0.0,0.0,0.0,0.0,0.0,0.0,0.0,0,0,0,0,0,0,0,3,0,0,0,5,1,0,0
1464531235,0.0,0.0,0.43236712,0.0,0.0,0.0,0.0,0.0,0.0,0.0,0,0,0,0,0,0,0,3,0,0,0,5,1,0,0
1464727664,0.0,0.0,0.43236712,0.0,0.0,0.0,0.0,0.0,0.0,0.0,0,0,0,0,0,0,0,3,0,0,0,5,1,0,0
1464928054,0.0,0.0,0.43236712,0.0,0.0,0.0,0.0,0.0,0.0,0.0,0,0,0,0,0,0,0,3,0,0,0,5,1,0,0
1465124510,0.0,0.0,0.43236712,0.0,0.0,0.0,0.0,0.0,0.0,0.0,0,0,0,0,0,0,0,3,0,0,0,5,1,0,0
1465333278,0.0,0.0,0.43236712,0.0,0.0,0.0,0.0,0.0,0.0,0.0,0,0,0,0,0,0,0,3,0,0,0,5,1,0,0
1465533303,0.0,0.0,0.43236712,0.0,0.0,0.0,0.0,0.0,0.0,0.0,0,0,0,0,0,0,0,3,0,0,0,5,1,0,0
1465725285,0.0,0.0,0.43236712,0.0,0.0,0.0,0.0,0.0,0.0,0.0,0,0,0,0,0,0,0,3,0,0,0,5,1,0,0
1465942066,0.0,0.0,0.43236712,0.0,0.0,0.0,0.0,0.0,0.0,0.0,0,0,0,0,0,0,0,3,0,0,0,5,1,0,0
1466122923,0.0,0.0,0.43236712,0.0,0.0,0.0,0.0,0.0,0.0,0.0,0,0,0,0,0,0,0,3,0,0,0,5,1,0,0
1466330908,0.0,0.0,0.43236712,0.0,0.0,0.0,0.0,0.0,0.0,0.0,0,0,0,0,0,0,0,3,0,0,0,5,1,0,0
1466547701,0.0,0.0,0.43236712,0.0,0.0,0.0,0.0,0.0,0.0,0.0,0,0,0,0,0,0,0,3,0,0,0,5,1,0,0
1466743715,0.0,0.0,0.43236712,0.0,0.0,0.0,0.0,0.0,0.0,0.0,0,0,0,0,0,0,0,3,0,0,0,5,1,0,0
1466940508,0.0,0.0,0.43236712,0.0,0.0,0.0,0.0,0.0,0.0,0.0,0,0,0,0,0,0,0,3,0,0,0,5,1,0,0
1467144465,0.0,0.0,0.43236712,0.0,0.0,0.0,0.0,0.0,0.0,0.0,0,0,0,0,0,0,0,3,0,0,0,5,1,0,0
1467357286,0.0,0.0,0.43236712,0.0,0.0,0.0,0.0,0.0,0.0,0.0,0,0,0,0,0,0,0,3,0,0,0,5,1,0,0
1467557262,0.0,0.0,0.43236712,0.0,0.0,0.0,0.0,0.0,0.0,0.0,0,0,0,0,0,0,0,3,0,0,0,5,1,0,0
1467758085,0.0,0.0,0.43236712,0.0,0.0,0.0,0.0,0.0,0.0,0.0,0,0,0,0,0,0,0,3,0,0,0,5,1,0,0
1467950091,0.0,0.0,0.43236712,0.0,0.0,0.0,0.0,0.0,0.0,0.0,0,0,0,0,0,0,0,3,0,0,0,5,1,0,0
1468166862,0.0,0.0,0.43236712,0.0,0.0,0.0,0.0,0.0,0.0,0.0,0,0,0,0,0,0,0,3,0,0,0,5,1,0,0
1468363663,0.0,0.0,0.43236712,0.0,0.0,0.0,0.0,0.0,0.0,0.0,0,0,0,0,0,0,0,3,0,0,0,5,1,0,0
1468572040,0.0,0.0,0.43236712,0.0,0.0,0.0,0.0,0.0,0.0,0.0,0,0,0,0,0,0,0,3,0,0,0,5,1,0,0
1468764471,0.0,0.0,0.43236712,0.0,0.0,0.0,0.0,0.0,0.0,0.0,0,0,0,0,0,0,0,3,0,0,0,5,1,0,0
1468960463,0.0,0.0,0.43236712,0.0,0.0,0.0,0.0,0.0,0.0,0.0,0,0,0,0,0,0,0,3,0,0,0,5,1,0,0
1469153365,0.0,0.0,0.43236712,0.0,0.0,0.0,0.0,0.0,0.0,0.0,0,0,0,0,0,0,0,3,0,0,0,5,1,0,0
1469373263,0.0,0.0,0.43236712,0.0,0.0,0.0,0.0,0.0,0.0,0.0,0,0,0,0,0,0,0,3,0,0,0,5,1,0,0
1469570067,0.0,0.0,0.43236712,0.0,0.0,0.0,0.0,0.0,0.0,0.0,0,0,0,0,0,0,0,3,0,0,0,5,1,0,0
1469770072,0.0,0.0,0.43236712,0.0,0.0,0.0,0.0,0.0,0.0,0.0,0,0,0,0,0,0,0,3,0,0,0,5,1,0,0
1469979092,0.0,0.0,0.43236712,0.0,0.0,0.0,0.0,0.0,0.0,0.0,0,0,0,0,0,0,0,3,0,0,0,5,1,0,0
1470170880,0.0,0.0,0.43236712,0.0,0.0,0.0,0.0,0.0,0.0,0.0,0,0,0,0,0,0,0,3,0,0,0,5,1,0,0
1470371710,0.0,0.0,0.43236712,0.0,0.0,0.0,0.0,0.0,0.0,0.0,0,0,0,0,0,0,0,3,0,0,0,5,1,0,0
1470572470,0.0,0.0,0.43236712,0.0,0.0,0.0,0.0,0.0,0.0,0.0,0,0,0,0,0,0,0,3,0,0,0,5,1,0,0
1470776482,0.0,0.0,0.43236712,0.0,0.0,0.0,0.0,0.0,0.0,0.0,0,0,0,0,0,0,0,3,0,0,0,5,1,0,0
1470977292,0.0,0.0,0.43236712,0.0,0.0,0.0,0.0,0.0,0.0,0.0,0,0,0,0,0,0,0,3,0,0,0,5,1,0,0
1471181267,0.0,0.0,0.43236712,0.0,0.0,0.0,0.0,0.0,0.0,0.0,0,0,0,0,0,0,0,3,0,0,0,5,1,0,0
1471378088,0.0,0.0,0.43236712,0.0,0.0,0.0,0.0,0.0,0.0,0.0,0,0,0,0,0,0,0,3,0,0,0,5,1,0,0
1471578069,0.0,0.0,0.43236712,0.0,0.0,0.0,0.0,0.0,0.0,0.0,0,0,0,0,0,0,0,3,0,0,0,5,1,0,0
1471774864,0.0,0.0,0.43236712,0.0,0.0,0.0,0.0,0.0,0.0,0.0,0,0,0,0,0,0,0,3,0,0,0,5,1,0,0
1471990864,0.0,0.0,0.43236712,0.0,0.0,0.0,0.0,0.0,0.0,0.0,0,0,0,0,0,0,0,3,0,0,0,5,1,0,0
1472207667,0.0,0.0,0.43236712,0.0,0.0,0.0,0.0,0.0,0.0,0.0,0,0,0,0,0,0,0,3,0,0,0,5,1,0,0
1472408463,0.0,0.0,0.43236712,0.0,0.0,0.0,0.0,0.0,0.0,0.0,0,0,0,0,0,0,0,3,0,0,0,5,1,0,0
1472600470,0.0,0.0,0.43236712,0.0,0.0,0.0,0.0,0.0,0.0,0.0,0,0,0,0,0,0,0,3,0,0,0,5,1,0,0
1472805263,0.0,0.0,0.43236712,0.0,0.0,0.0,0.0,0.0,0.0,0.0,0,0,0,0,0,0,0,3,0,0,0,5,1,0,0
1473001266,0.0,0.0,0.43236712,0.0,0.0,0.0,0.0,0.0,0.0,0.0,0,0,0,0,0,0,0,3,0,0,0,5,1,0,0
1473202069,0.0,0.0,0.43236712,0.0,0.0,0.0,0.0,0.0,0.0,0.0,0,0,0,0,0,0,0,3,0,0,0,5,1,0,0
1473422062,0.0,0.0,0.43236712,0.0,0.0,0.0,0.0,0.0,0.0,0.0,0,0,0,0,0,0,0,3,0,0,0,5,1,0,0
1473618864,0.0,0.0,0.43236712,0.0,0.0,0.0,0.0,0.0,0.0,0.0,0,0,0,0,0,0,0,3,0,0,0,5,1,0,0
1473815670,0.0,0.0,0.43236712,0.0,0.0,0.0,0.0,0.0,0.0,0.0,0,0,0,0,0,0,0,3,0,0,0,5,1,0,0
1474011671,0.0,0.0,0.43236712,0.0,0.0,0.0,0.0,0.0,0.0,0.0,0,0,0,0,0,0,0,3,0,0,0,5,1,0,0
1474211689,0.0,0.0,0.43236712,0.0,0.0,0.0,0.0,0.0,0.0,0.0,0,0,0,0,0,0,0,3,0,0,0,5,1,0,0
1474416859,0.0,0.0,0.43236712,0.0,0.0,0.0,0.0,0.0,0.0,0.0,0,0,0,0,0,0,0,3,0,0,0,5,1,0,0
1474621263,0.0,0.0,0.43236712,0.0,0.0,0.0,0.0,0.0,0.0,0.0,0,0,0,0,0,0,0,3,0,0,0,5,1,0,0
1474821276,0.0,0.0,0.43236712,0.0,0.0,0.0,0.0,0.0,0.0,0.0,0,0,0,0,0,0,0,3,0,0,0,5,1,0,0
1475038499,0.0,0.0,0.43236712,0.0,0.0,0.0,0.0,0.0,0.0,0.0,0,0,0,0,0,0,0,3,0,0,0,5,1,0,0
1475238073,0.0,0.0,0.43236712,0.0,0.0,0.0,0.0,0.0,0.0,0.0,0,0,0,0,0,0,0,3,0,0,0,5,1,0,0
1475430875,0.0,0.0,0.43236712,0.0,0.0,0.0,0.0,0.0,0.0,0.0,0,0,0,0,0,0,0,3,0,0,0,5,1,0,0
1475634914,0.0,0.0,0.43236712,0.0,0.0,0.0,0.0,0.0,0.0,0.0,0,0,0,0,0,0,0,3,0,0,0,5,1,0,0
1475831703,0.0,0.0,0.43236712,0.0,0.0,0.0,0.0,0.0,0.0,0.0,0,0,0,0,0,0,0,3,0,0,0,5,1,0,0
1476044602,0.0,0.0,0.43236712,0.0,0.0,0.0,0.0,0.0,0.0,0.0,0,0,0,0,0,0,0,3,0,0,0,5,1,0,0
1476244464,0.0,0.0,0.43236712,0.0,0.0,0.0,0.0,0.0,0.0,0.0,0,0,0,0,0,0,0,3,0,0,0,5,1,0,0
1476441303,0.0,0.0,0.43236712,0.0,0.0,0.0,0.0,0.0,0.0,0.0,0,0,0,0,0,0,0,3,0,0,0,5,1,0,0
1476645301,0.0,0.0,0.43236712,0.0,0.0,0.0,0.0,0.0,0.0,0.0,0,0,0,0,0,0,0,3,0,0,0,5,1,0,0
1476838119,0.0,0.0,0.43236712,0.0,0.0,0.0,0.0,0.0,0.0,0.0,0,0,0,0,0,0,0,3,0,0,0,5,1,0,0
1477050292,0.0,0.0,0.43236712,0.0,0.0,0.0,0.0,0.0,0.0,0.0,0,0,0,0,0,0,0,3,0,0,0,5,1,0,0
1477242932,0.0,0.0,0.43236712,0.0,0.0,0.0,0.0,0.0,0.0,0.0,0,0,0,0,0,0,0,3,0,0,0,5,1,0,0
1477454862,0.0,0.0,0.43236712,0.0,0.0,0.0,0.0,0.0,0.0,0.0,0,0,0,0,0,0,0,3,0,0,0,5,1,0,0
1477660056,0.0,0.0,0.43236712,0.0,0.0,0.0,0.0,0.0,0.0,0.0,0,0,0,0,0,0,0,3,0,0,0,5,1,0,0
1477860483,0.0,0.0,0.43236712,0.0,0.0,0.0,0.0,0.0,0.0,0.0,0,0,0,0,0,0,0,3,0,0,0,5,1,0,0
1478060467,0.0,0.0,0.43236712,0.0,0.0,0.0,0.0,0.0,0.0,0.0,0,0,0,0,0,0,0,3,0,0,0,5,1,0,0
1478253264,0.0,0.0,0.43236712,0.0,0.0,0.0,0.0,0.0,0.0,0.0,0,0,0,0,0,0,0,3,0,0,0,5,1,0,0
1478457262,0.0,0.0,0.43236712,0.0,0.0,0.0,0.0,0.0,0.0,0.0,0,0,0,0,0,0,0,3,0,0,0,5,1,0,0
1478662111,0.0,0.0,0.43236712,0.0,0.0,0.0,0.0,0.0,0.0,0.0,0,0,0,0,0,0,0,3,0,0,0,5,1,0,0
1478858134,0.0,0.0,0.43236712,0.0,0.0,0.0,0.0,0.0,0.0,0.0,0,0,0,0,0,0,0,3,0,0,0,5,1,0,0
1479058914,0.0,0.0,0.43236712,0.0,0.0,0.0,0.0,0.0,0.0,0.0,0,0,0,0,0,0,0,3,0,0,0,5,1,0,0
1479258870,0.0,0.0,0.43236712,0.0,0.0,0.0,0.0,0.0,0.0,0.0,0,0,0,0,0,0,0,3,0,0,0,5,1,0,0
1479479664,0.0,0.0,0.43236712,0.0,0.0,0.0,0.0,0.0,0.0,0.0,0,0,0,0,0,0,0,3,0,0,0,5,1,0,0
1479675660,0.0,0.0,0.43236712,0.0,0.0,0.0,0.0,0.0,0.0,0.0,0,0,0,0,0,0,0,3,0,0,0,5,1,0,0
1479868467,0.0,0.0,0.43236712,0.0,0.0,0.0,0.0,0.0,0.0,0.0,0,0,0,0,0,0,0,3,0,0,0,5,1,0,0
1480069365,0.0,0.0,0.43236712,0.0,0.0,0.0,0.0,0.0,0.0,0.0,0,0,0,0,0,0,0,3,0,0,0,5,1,0,0
1480285319,0.0,0.0,0.43236712,0.0,0.0,0.0,0.0,0.0,0.0,0.0,0,0,0,0,0,0,0,3,0,0,0,5,1,0,0
1480486107,0.0,0.0,0.43236712,0.0,0.0,0.0,0.0,0.0,0.0,0.0,0,0,0,0,0,0,0,3,0,0,0,5,1,0,0
1480690292,0.0,0.0,0.43236712,0.0,0.0,0.0,0.0,0.0,0.0,0.0,0,0,0,0,0,0,0,3,0,0,0,5,1,0,0
1480895078,0.0,0.0,0.43236712,0.0,0.0,0.0,0.0,0.0,0.0,0.0,0,0,0,0,0,0,0,3,0,0,0,5,1,0,0
1481090867,0.0,0.0,0.43236712,0.0,0.0,0.0,0.0,0.0,0.0,0.0,0,0,0,0,0,0,0,3,0,0,0,5,1,0,0
1481287701,0.0,0.0,0.43236712,0.0,0.0,0.0,0.0,0.0,0.0,0.0,0,0,0,0,0,0,0,3,0,0,0,5,1,0,0
1481495684,0.0,0.0,0.43236712,0.0,0.0,0.0,0.0,0.0,0.0,0.0,0,0,0,0,0,0,0,3,0,0,0,5,1,0,0
1481704473,0.0,0.0,0.43236712,0.0,0.0,0.0,0.0,0.0,0.0,0.0,0,0,0,0,0,0,0,3,0,0,0,5,1,0,0
1481905263,0.0,0.0,0.43236712,0.0,0.0,0.0,0.0,0.0,0.0,0.0,0,0,0,0,0,0,0,3,0,0,0,5,1,0,0
1482101360,0.0,0.0,0.43236712,0.0,0.0,0.0,0.0,0.0,0.0,0.0,0,0,0,0,0,0,0,3,0,0,0,5,1,0,0
1482302073,0.0,0.0,0.43236712,0.0,0.0,0.0,0.0,0.0,0.0,0.0,0,0,0,0,0,0,0,3,0,0,0,5,1,0,0
1482518111,0.0,0.0,0.43236712,0.0,0.0,0.0,0.0,0.0,0.0,0.0,0,0,0,0,0,0,0,3,0,0,0,5,1,0,0
1482707097,0.0,0.0,0.43236712,0.0,0.0,0.0,0.0,0.0,0.0,0.0,0,0,0,0,0,0,0,3,0,0,0,5,1,0,0
1482910914,0.0,0.0,0.43236712,0.0,0.0,0.0,0.0,0.0,0.0,0.0,0,0,0,0,0,0,0,3,0,0,0,5,1,0,0
1483111675,0.0,0.0,0.43236712,0.0,0.0,0.0,0.0,0.0,0.0,0.0,0,0,0,0,0,0,0,3,0,0,0,5,1,0,0
1483307666,0.0,0.0,0.43236712,0.0,0.0,0.0,0.0,0.0,0.0,0.0,0,0,0,0,0,0,0,3,0,0,0,5,1,0,0
1483528510,0.0,0.0,0.43236712,0.0,0.0,0.0,0.0,0.0,0.0,0.0,0,0,0,0,0,0,0,3,0,0,0,5,1,0,0
1483725267,0.0,0.0,0.43236712,0.0,0.0,0.0,0.0,0.0,0.0,0.0,0,0,0,0,0,0,0,3,0,0,0,5,1,0,0
1483921274,0.0,0.0,0.43236712,0.0,0.0,0.0,0.0,0.0,0.0,0.0,0,0,0,0,0,0,0,3,0,0,0,5,1,0,0
1484121262,0.0,0.0,0.43236712,0.0,0.0,0.0,0.0,0.0,0.0,0.0,0,0,0,0,0,0,0,3,0,0,0,5,1,0,0
1484330064,0.0,0.0,0.43236712,0.0,0.0,0.0,0.0,0.0,0.0,0.0,0,0,0,0,0,0,0,3,0,0,0,5,1,0,0
1484542986,0.0,0.0,0.43236712,0.0,0.0,0.0,0.0,0.0,0.0,0.0,0,0,0,0,0,0,0,3,0,0,0,5,1,0,0
1484746891,0.0,0.0,0.43236712,0.0,0.0,0.0,0.0,0.0,0.0,0.0,0,0,0,0,0,0,0,3,0,0,0,5,1,0,0
1484948054,0.0,0.0,0.43236712,0.0,0.0,0.0,0.0,0.0,0.0,0.0,0,0,0,0,0,0,0,3,0,0,0,5,1,0,0
1485143697,0.0,0.0,0.43236712,0.0,0.0,0.0,0.0,0.0,0.0,0.0,0,0,0,0,0,0,0,3,0,0,0,5,1,0,0
1485340466,0.0,0.0,0.43236712,0.0,0.0,0.0,0.0,0.0,0.0,0.0,0,0,0,0,0,0,0,3,0,0,0,5,1,0,0
1485540519,0.0,0.0,0.43236712,0.0,0.0,0.0,0.0,0.0,0.0,0.0,0,0,0,0,0,0,0,3,0,0,0,5,1,0,0
1485761270,0.0,0.0,0.43236712,0.0,0.0,0.0,0.0,0.0,0.0,0.0,0,0,0,0,0,0,0,3,0,0,0,5,1,0,0
1485953276,0.0,0.0,0.43236712,0.0,0.0,0.0,0.0,0.0,0.0,0.0,0,0,0,0,0,0,0,3,0,0,0,5,1,0,0
1486170091,0.0,0.0,0.43236712,0.0,0.0,0.0,0.0,0.0,0.0,0.0,0,0,0,0,0,0,0,3,0,0,0,5,1,0,0
1486354459,0.0,0.0,0.43236712,0.0,0.0,0.0,0.0,0.0,0.0,0.0,0,0,0,0,0,0,0,3,0,0,0,5,1,0,0
1486566863,0.0,0.0,0.43236712,0.0,0.0,0.0,0.0,0.0,0.0,0.0,0,0,0,0,0,0,0,3,0,0,0,5,1,0,0
1486759667,0.0,0.0,0.43236712,0.0,0.0,0.0,0.0,0.0,0.0,0.0,0,0,0,0,0,0,0,3,0,0,0,5,1,0,0
1486979727,0.0,0.0,0.43236712,0.0,0.0,0.0,0.0,0.0,0.0,0.0,0,0,0,0,0,0,0,3,0,0,0,5,1,0,0
1487172461,0.0,0.0,0.43236712,0.0,0.0,0.0,0.0,0.0,0.0,0.0,0,0,0,0,0,0,0,3,0,0,0,5,1,0,0
1487368507,0.0,0.0,0.43236712,0.0,0.0,0.0,0.0,0.0,0.0,0.0,0,0,0,0,0,0,0,3,0,0,0,5,1,0,0
1487581720,0.0,0.0,0.43236712,0.0,0.0,0.0,0.0,0.0,0.0,0.0,0,0,0,0,0,0,0,3,0,0,0,5,1,0,0
1487777278,0.0,0.0,0.43236712,0.0,0.0,0.0,0.0,0.0,0.0,0.0,0,0,0,0,0,0,0,3,0,0,0,5,1,0,0
1487978442,0.0,0.0,0.43236712,0.0,0.0,0.0,0.0,0.0,0.0,0.0,0,0,0,0,0,0,0,3,0,0,0,5,1,0,0
1488182908,0.0,0.0,0.43236712,0.0,0.0,0.0,0.0,0.0,0.0,0.0,0,0,0,0,0,0,0,3,0,0,0,5,1,0,0
1488394863,0.0,0.0,0.43236712,0.0,0.0,0.0,0.0,0.0,0.0,0.0,0,0,0,0,0,0,0,3,0,0,0,5,1,0,0
1488591092,0.0,0.0,0.43236712,0.0,0.0,0.0,0.0,0.0,0.0,0.0,0,0,0,0,0,0,0,3,0,0,0,5,1,0,0
1488787687,0.0,0.0,0.43236712,0.0,0.0,0.0,0.0,0.0,0.0,0.0,0,0,0,0,0,0,0,3,0,0,0,5,1,0,0
1488988692,0.0,0.0,0.43236712,0.0,0.0,0.0,0.0,0.0,0.0,0.0,0,0,0,0,0,0,0,3,0,0,0,5,1,0,0
1489204895,0.0,0.0,0.43236712,0.0,0.0,0.0,0.0,0.0,0.0,0.0,0,0,0,0,0,0,0,3,0,0,0,5,1,0,0
1489397266,0.0,0.0,0.43236712,0.0,0.0,0.0,0.0,0.0,0.0,0.0,0,0,0,0,0,0,0,3,0,0,0,5,1,0,0
1489593264,0.0,0.0,0.43236712,0.0,0.0,0.0,0.0,0.0,0.0,0.0,0,0,0,0,0,0,0,3,0,0,0,5,1,0,0
1489794066,0.0,0.0,0.43236712,0.0,0.0,0.0,0.0,0.0,0.0,0.0,0,0,0,0,0,0,0,3,0,0,0,5,1,0,0
1490014063,0.0,0.0,0.43236712,0.0,0.0,0.0,0.0,0.0,0.0,0.0,0,0,0,0,0,0,0,3,0,0,0,5,1,0,0
1490202927,0.0,0.0,0.43236712,0.0,0.0,0.0,0.0,0.0,0.0,0.0,0,0,0,0,0,0,0,3,0,0,0,5,1,0,0
1490398862,0.0,0.0,0.43236712,0.0,0.0,0.0,0.0,0.0,0.0,0.0,0,0,0,0,0,0,0,3,0,0,0,5,1,0,0
1490615669,0.0,0.0,0.43236712,0.0,0.0,0.0,0.0,0.0,0.0,0.0,0,0,0,0,0,0,0,3,0,0,0,5,1,0,0
1490811667,0.0,0.0,0.43236712,0.0,0.0,0.0,0.0,0.0,0.0,0.0,0,0,0,0,0,0,0,3,0,0,0,5,1,0,0
1491008851,0.0,0.0,0.43236712,0.0,0.0,0.0,0.0,0.0,0.0,0.0,0,0,0,0,0,0,0,3,0,0,0,5,1,0,0
1491213317,0.0,0.0,0.43236712,0.0,0.0,0.0,0.0,0.0,0.0,0.0,0,0,0,0,0,0,0,3,0,0,0,5,1,0,0
1491433272,0.0,0.0,0.43236712,0.0,0.0,0.0,0.0,0.0,0.0,0.0,0,0,0,0,0,0,0,3,0,0,0,5,1,0,0
1491618067,0.0,0.0,0.43236712,0.0,0.0,0.0,0.0,0.0,0.0,0.0,0,0,0,0,0,0,0,3,0,0,0,5,1,0,0
1491830057,0.0,0.0,0.43236712,0.0,0.0,0.0,0.0,0.0,0.0,0.0,0,0,0,0,0,0,0,3,0,0,0,5,1,0,0
1492026901,0.0,0.0,0.43236712,0.0,0.0,0.0,0.0,0.0,0.0,0.0,0,0,0,0,0,0,0,3,0,0,0,5,1,0,0
1492238894,0.0,0.0,0.43236712,0.0,0.0,0.0,0.0,0.0,0.0,0.0,0,0,0,0,0,0,0,3,0,0,0,5,1,0,0
1492443716,0.0,0.0,0.43236712,0.0,0.0,0.0,0.0,0.0,0.0,0.0,0,0,0,0,0,0,0,3,0,0,0,5,1,0,0
1492635668,0.0,0.0,0.43236712,0.0,0.0,0.0,0.0,0.0,0.0,0.0,0,0,0,0,0,0,0,3,0,0,0,5,1,0,0
1492836463,0.0,0.0,0.43236712,0.0,0.0,0.0,0.0,0.0,0.0,0.0,0,0,0,0,0,0,0,3,0,0,0,5,1,0,0
1493049273,0.0,0.0,0.43236712,0.0,0.0,0.0,0.0,0.0,0.0,0.0,0,0,0,0,0,0,0,3,0,0,0,5,1,0,0
1493245634,0.0,0.0,0.43236712,0.0,0.0,0.0,0.0,0.0,0.0,0.0,0,0,0,0,0,0,0,3,0,0,0,5,1,0,0
1493458063,0.0,0.0,0.43236712,0.0,0.0,0.0,0.0,0.0,0.0,0.0,0,0,0,0,0,0,0,3,0,0,0,5,1,0,0
1493646096,0.0,0.0,0.43236712,0.0,0.0,0.0,0.0,0.0,0.0,0.0,0,0,0,0,0,0,0,3,0,0,0,5,1,0,0
1493858869,0.0,0.0,0.43236712,0.0,0.0,0.0,0.0,0.0,0.0,0.0,0,0,0,0,0,0,0,3,0,0,0,5,1,0,0
1494058889,0.0,0.0,0.43236712,0.0,0.0,0.0,0.0,0.0,0.0,0.0,0,0,0,0,0,0,0,3,0,0,0,5,1,0,0
1494252065,0.0,0.0,0.43236712,0.0,0.0,0.0,0.0,0.0,0.0,0.0,0,0,0,0,0,0,0,3,0,0,0,5,1,0,0
1494468869,0.0,0.0,0.43236712,0.0,0.0,0.0,0.0,0.0,0.0,0.0,0,0,0,0,0,0,0,3,0,0,0,5,1,0,0
1494672497,0.0,0.0,0.43236712,0.0,0.0,0.0,0.0,0.0,0.0,0.0,0,0,0,0,0,0,0,3,0,0,0,5,1,0,0
1494873300,0.0,0.0,0.43236712,0.0,0.0,0.0,0.0,0.0,0.0,0.0,0,0,0,0,0,0,0,3,0,0,0,5,1,0,0
1495073335,0.0,0.0,0.43236712,0.0,0.0,0.0,0.0,0.0,0.0,0.0,0,0,0,0,0,0,0,3,0,0,0,5,1,0,0
1495266066,0.0,0.0,0.43236712,0.0,0.0,0.0,0.0,0.0,0.0,0.0,0,0,0,0,0,0,0,3,0,0,0,5,1,0,0
1495466153,0.0,0.0,0.43236712,0.0,0.0,0.0,0.0,0.0,0.0,0.0,0,0,0,0,0,0,0,3,0,0,0,5,1,0,0
1495670875,0.0,0.0,0.43236712,0.0,0.0,0.0,0.0,0.0,0.0,0.0,0,0,0,0,0,0,0,3,0,0,0,5,1,0,0
1495866879,0.0,0.0,0.43236712,0.0,0.0,0.0,0.0,0.0,0.0,0.0,0,0,0,0,0,0,0,3,0,0,0,5,1,0,0
1496079664,0.0,0.0,0.43236712,0.0,0.0,0.0,0.0,0.0,0.0,0.0,0,0,0,0,0,0,0,3,0,0,0,5,1,0,0
1496279696,0.0,0.0,0.43236712,0.0,0.0,0.0,0.0,0.0,0.0,0.0,0,0,0,0,0,0,0,3,0,0,0,5,1,0,0
1496476481,0.0,0.0,0.43236712,0.0,0.0,0.0,0.0,0.0,0.0,0.0,0,0,0,0,0,0,0,3,0,0,0,5,1,0,0
1496680466,0.0,0.0,0.43236712,0.0,0.0,0.0,0.0,0.0,0.0,0.0,0,0,0,0,0,0,0,3,0,0,0,5,1,0,0
1496877298,0.0,0.0,0.43236712,0.0,0.0,0.0,0.0,0.0,0.0,0.0,0,0,0,0,0,0,0,3,0,0,0,5,1,0,0
1497081338,0.0,0.0,0.43236712,0.0,0.0,0.0,0.0,0.0,0.0,0.0,0,0,0,0,0,0,0,3,0,0,0,5,1,0,0
1497294064,0.0,0.0,0.43236712,0.0,0.0,0.0,0.0,0.0,0.0,0.0,0,0,0,0,0,0,0,3,0,0,0,5,1,0,0
1497494863,0.0,0.0,0.43236712,0.0,0.0,0.0,0.0,0.0,0.0,0.0,0,0,0,0,0,0,0,3,0,0,0,5,1,0,0
1497694864,0.0,0.0,0.43236712,0.0,0.0,0.0,0.0,0.0,0.0,0.0,0,0,0,0,0,0,0,3,0,0,0,5,1,0,0
1497891680,0.0,0.0,0.43236712,0.0,0.0,0.0,0.0,0.0,0.0,0.0,0,0,0,0,0,0,0,3,0,0,0,5,1,0,0
1498091711,0.0,0.0,0.43236712,0.0,0.0,0.0,0.0,0.0,0.0,0.0,0,0,0,0,0,0,0,3,0,0,0,5,1,0,0
1498304492,0.0,0.0,0.43236712,0.0,0.0,0.0,0.0,0.0,0.0,0.0,0,0,0,0,0,0,0,3,0,0,0,5,1,0,0
1498508697,0.0,0.0,0.43236712,0.0,0.0,0.0,0.0,0.0,0.0,0.0,0,0,0,0,0,0,0,3,0,0,0,5,1,0,0
1498705273,0.0,0.0,0.43236712,0.0,0.0,0.0,0.0,0.0,0.0,0.0,0,0,0,0,0,0,0,3,0,0,0,5,1,0,0
1498905685,0.0,0.0,0.43236712,0.0,0.0,0.0,0.0,0.0,0.0,0.0,0,0,0,0,0,0,0,3,0,0,0,5,1,0,0
1499106097,0.0,0.0,0.43236712,0.0,0.0,0.0,0.0,0.0,0.0,0.0,0,0,0,0,0,0,0,3,0,0,0,5,1,0,0
1499318068,0.0,0.0,0.43236712,0.0,0.0,0.0,0.0,0.0,0.0,0.0,0,0,0,0,0,0,0,3,0,0,0,5,1,0,0
1499510895,0.0,0.0,0.43236712,0.0,0.0,0.0,0.0,0.0,0.0,0.0,0,0,0,0,0,0,0,3,0,0,0,5,1,0,0
1499723716,0.0,0.0,0.43236712,0.0,0.0,0.0,0.0,0.0,0.0,0.0,0,0,0,0,0,0,0,3,0,0,0,5,1,0,0
1499919716,0.0,0.0,0.43236712,0.0,0.0,0.0,0.0,0.0,0.0,0.0,0,0,0,0,0,0,0,3,0,0,0,5,1,0,0
1500120469,0.0,0.0,0.43236712,0.0,0.0,0.0,0.0,0.0,0.0,0.0,0,0,0,0,0,0,0,3,0,0,0,5,1,0,0
1500324500,0.0,0.0,0.43236712,0.0,0.0,0.0,0.0,0.0,0.0,0.0,0,0,0,0,0,0,0,3,0,0,0,5,1,0,0
1500541265,0.0,0.0,0.43236712,0.0,0.0,0.0,0.0,0.0,0.0,0.0,0,0,0,0,0,0,0,3,0,0,0,5,1,0,0
1500737267,0.0,0.0,0.43236712,0.0,0.0,0.0,0.0,0.0,0.0,0.0,0,0,0,0,0,0,0,3,0,0,0,5,1,0,0
1500946086,0.0,0.0,0.43236712,0.0,0.0,0.0,0.0,0.0,0.0,0.0,0,0,0,0,0,0,0,3,0,0,0,5,1,0,0
1501126095,0.0,0.0,0.43236712,0.0,0.0,0.0,0.0,0.0,0.0,0.0,0,0,0,0,0,0,0,3,0,0,0,5,1,0,0
1501330871,0.0,0.0,0.43236712,0.0,0.0,0.0,0.0,0.0,0.0,0.0,0,0,0,0,0,0,0,3,0,0,0,5,1,0,0
1501530904,0.0,0.0,0.43236712,0.0,0.0,0.0,0.0,0.0,0.0,0.0,0,0,0,0,0,0,0,3,0,0,0,5,1,0,0
1501747664,0.0,0.0,0.43236712,0.0,0.0,0.0,0.0,0.0,0.0,0.0,0,0,0,0,0,0,0,3,0,0,0,5,1,0,0
1501940514,0.0,0.0,0.43236712,0.0,0.0,0.0,0.0,0.0,0.0,0.0,0,0,0,0,0,0,0,3,0,0,0,5,1,0,0
1502160583,0.0,0.0,0.43236712,0.0,0.0,0.0,0.0,0.0,0.0,0.0,0,0,0,0,0,0,0,3,0,0,0,5,1,0,0
1502357307,0.0,0.0,0.43236712,0.0,0.0,0.0,0.0,0.0,0.0,0.0,0,0,0,0,0,0,0,3,0,0,0,5,1,0,0
1502561270,0.0,0.0,0.43236712,0.0,0.0,0.0,0.0,0.0,0.0,0.0,0,0,0,0,0,0,0,3,0,0,0,5,1,0,0
1502762063,0.0,0.0,0.43236712,0.0,0.0,0.0,0.0,0.0,0.0,0.0,0,0,0,0,0,0,0,3,0,0,0,5,1,0,0
1502954089,0.0,0.0,0.43236712,0.0,0.0,0.0,0.0,0.0,0.0,0.0,0,0,0,0,0,0,0,3,0,0,0,5,1,0,0
1503158876,0.0,0.0,0.43236712,0.0,0.0,0.0,0.0,0.0,0.0,0.0,0,0,0,0,0,0,0,3,0,0,0,5,1,0,0
1503362901,0.0,0.0,0.43236712,0.0,0.0,0.0,0.0,0.0,0.0,0.0,0,0,0,0,0,0,0,3,0,0,0,5,1,0,0
1503555668,0.0,0.0,0.43236712,0.0,0.0,0.0,0.0,0.0,0.0,0.0,0,0,0,0,0,0,0,3,0,0,0,5,1,0,0
1503755662,0.0,0.0,0.43236712,0.0,0.0,0.0,0.0,0.0,0.0,0.0,0,0,0,0,0,0,0,3,0,0,0,5,1,0,0
1503952472,0.0,0.0,0.43236712,0.0,0.0,0.0,0.0,0.0,0.0,0.0,0,0,0,0,0,0,0,3,0,0,0,5,1,0,0
1504173638,0.0,0.0,0.43236712,0.0,0.0,0.0,0.0,0.0,0.0,0.0,0,0,0,0,0,0,0,3,0,0,0,5,1,0,0
1504357263,0.0,0.0,0.43236712,0.0,0.0,0.0,0.0,0.0,0.0,0.0,0,0,0,0,0,0,0,3,0,0,0,5,1,0,0
1504582061,0.0,0.0,0.43236712,0.0,0.0,0.0,0.0,0.0,0.0,0.0,0,0,0,0,0,0,0,3,0,0,0,5,1,0,0
1504778063,0.0,0.0,0.43236712,0.0,0.0,0.0,0.0,0.0,0.0,0.0,0,0,0,0,0,0,0,3,0,0,0,5,1,0,0
1504974936,0.0,0.0,0.43236712,0.0,0.0,0.0,0.0,0.0,0.0,0.0,0,0,0,0,0,0,0,3,0,0,0,5,1,0,0
1505170888,0.0,0.0,0.43236712,0.0,0.0,0.0,0.0,0.0,0.0,0.0,0,0,0,0,0,0,0,3,0,0,0,5,1,0,0
1505371690,0.0,0.0,0.43236712,0.0,0.0,0.0,0.0,0.0,0.0,0.0,0,0,0,0,0,0,0,3,0,0,0,5,1,0,0
1505571663,0.0,0.0,0.43236712,0.0,0.0,0.0,0.0,0.0,0.0,0.0,0,0,0,0,0,0,0,3,0,0,0,5,1,0,0
1505796483,0.0,0.0,0.43236712,0.0,0.0,0.0,0.0,0.0,0.0,0.0,0,0,0,0,0,0,0,3,0,0,0,5,1,0,0
1505993264,0.0,0.0,0.43236712,0.0,0.0,0.0,0.0,0.0,0.0,0.0,0,0,0,0,0,0,0,3,0,0,0,5,1,0,0
1506189584,0.0,0.0,0.43236712,0.0,0.0,0.0,0.0,0.0,0.0,0.0,0,0,0,0,0,0,0,3,0,0,0,5,1,0,0
1506398104,0.0,0.0,0.43236712,0.0,0.0,0.0,0.0,0.0,0.0,0.0,0,0,0,0,0,0,0,3,0,0,0,5,1,0,0
1506602069,0.0,0.0,0.43236712,0.0,0.0,0.0,0.0,0.0,0.0,0.0,0,0,0,0,0,0,0,3,0,0,0,5,1,0,0
1506794974,0.0,0.0,0.43236712,0.0,0.0,0.0,0.0,0.0,0.0,0.0,0,0,0,0,0,0,0,3,0,0,0,5,1,0,0
1507002901,0.0,0.0,0.43236712,0.0,0.0,0.0,0.0,0.0,0.0,0.0,0,0,0,0,0,0,0,3,0,0,0,5,1,0,0
1507207669,0.0,0.0,0.43236712,0.0,0.0,0.0,0.0,0.0,0.0,0.0,0,0,0,0,0,0,0,3,0,0,0,5,1,0,0
1507399661,0.0,0.0,0.43236712,0.0,0.0,0.0,0.0,0.0,0.0,0.0,0,0,0,0,0,0,0,3,0,0,0,5,1,0,0
1507612559,0.0,0.0,0.43236712,0.0,0.0,0.0,0.0,0.0,0.0,0.0,0,0,0,0,0,0,0,3,0,0,0,5,1,0,0
1507812692,0.0,0.0,0.43236712,0.0,0.0,0.0,0.0,0.0,0.0,0.0,0,0,0,0,0,0,0,3,0,0,0,5,1,0,0
1507997278,0.0,0.0,0.43236712,0.0,0.0,0.0,0.0,0.0,0.0,0.0,0,0,0,0,0,0,0,3,0,0,0,5,1,0,0
1508205303,0.0,0.0,0.43236712,0.0,0.0,0.0,0.0,0.0,0.0,0.0,0,0,0,0,0,0,0,3,0,0,0,5,1,0,0
1508422078,0.0,0.0,0.43236712,0.0,0.0,0.0,0.0,0.0,0.0,0.0,0,0,0,0,0,0,0,3,0,0,0,5,1,0,0
1508618867,0.0,0.0,0.43236712,0.0,0.0,0.0,0.0,0.0,0.0,0.0,0,0,0,0,0,0,0,3,0,0,0,5,1,0,0
1508810907,0.0,0.0,0.43236712,0.0,0.0,0.0,0.0,0.0,0.0,0.0,0,0,0,0,0,0,0,3,0,0,0,5,1,0,0
1509007664,0.0,0.0,0.43236712,0.0,0.0,0.0,0.0,0.0,0.0,0.0,0,0,0,0,0,0,0,3,0,0,0,5,1,0,0
1509211690,0.0,0.0,0.43236712,0.0,0.0,0.0,0.0,0.0,0.0,0.0,0,0,0,0,0,0,0,3,0,0,0,5,1,0,0
1509412462,0.0,0.0,0.43236712,0.0,0.0,0.0,0.0,0.0,0.0,0.0,0,0,0,0,0,0,0,3,0,0,0,5,1,0,0
1509636486,0.0,0.0,0.43236712,0.0,0.0,0.0,0.0,0.0,0.0,0.0,0,0,0,0,0,0,0,3,0,0,0,5,1,0,0
1509833689,0.0,0.0,0.43236712,0.0,0.0,0.0,0.0,0.0,0.0,0.0,0,0,0,0,0,0,0,3,0,0,0,5,1,0,0
1510033276,0.0,0.0,0.43236712,0.0,0.0,0.0,0.0,0.0,0.0,0.0,0,0,0,0,0,0,0,3,0,0,0,5,1,0,0
1510230455,0.0,0.0,0.43236712,0.0,0.0,0.0,0.0,0.0,0.0,0.0,0,0,0,0,0,0,0,3,0,0,0,5,1,0,0
1510430085,0.0,0.0,0.43236712,0.0,0.0,0.0,0.0,0.0,0.0,0.0,0,0,0,0,0,0,0,3,0,0,0,5,1,0,0
1510634881,0.0,0.0,0.43236712,0.0,0.0,0.0,0.0,0.0,0.0,0.0,0,0,0,0,0,0,0,3,0,0,0,5,1,0,0
1510846868,0.0,0.0,0.43236712,0.0,0.0,0.0,0.0,0.0,0.0,0.0,0,0,0,0,0,0,0,3,0,0,0,5,1,0,0
1511047663,0.0,0.0,0.43236712,0.0,0.0,0.0,0.0,0.0,0.0,0.0,0,0,0,0,0,0,0,3,0,0,0,5,1,0,0
1511240728,0.0,0.0,0.43236712,0.0,0.0,0.0,0.0,0.0,0.0,0.0,0,0,0,0,0,0,0,3,0,0,0,5,1,0,0
1511440519,0.0,0.0,0.43236712,0.0,0.0,0.0,0.0,0.0,0.0,0.0,0,0,0,0,0,0,0,3,0,0,0,5,1,0,0
1511637497,0.0,0.0,0.43236712,0.0,0.0,0.0,0.0,0.0,0.0,0.0,0,0,0,0,0,0,0,3,0,0,0,5,1,0,0
1511861278,0.0,0.0,0.43236712,0.0,0.0,0.0,0.0,0.0,0.0,0.0,0,0,0,0,0,0,0,3,0,0,0,5,1,0,0
1512058067,0.0,0.0,0.43236712,0.0,0.0,0.0,0.0,0.0,0.0,0.0,0,0,0,0,0,0,0,3,0,0,0,5,1,0,0
1512254072,0.0,0.0,0.43236712,0.0,0.0,0.0,0.0,0.0,0.0,0.0,0,0,0,0,0,0,0,3,0,0,0,5,1,0,0
1512454865,0.0,0.0,0.43236712,0.0,0.0,0.0,0.0,0.0,0.0,0.0,0,0,0,0,0,0,0,3,0,0,0,5,1,0,0
1512650863,0.0,0.0,0.43236712,0.0,0.0,0.0,0.0,0.0,0.0,0.0,0,0,0,0,0,0,0,3,0,0,0,5,1,0,0
1512859666,0.0,0.0,0.43236712,0.0,0.0,0.0,0.0,0.0,0.0,0.0,0,0,0,0,0,0,0,3,0,0,0,5,1,0,0
1513056493,0.0,0.0,0.43236712,0.0,0.0,0.0,0.0,0.0,0.0,0.0,0,0,0,0,0,0,0,3,0,0,0,5,1,0,0
1513260730,0.0,0.0,0.43236712,0.0,0.0,0.0,0.0,0.0,0.0,0.0,0,0,0,0,0,0,0,3,0,0,0,5,1,0,0
1513461290,0.0,0.0,0.43236712,0.0,0.0,0.0,0.0,0.0,0.0,0.0,0,0,0,0,0,0,0,3,0,0,0,5,1,0,0
1513665267,0.0,0.0,0.43236712,0.0,0.0,0.0,0.0,0.0,0.0,0.0,0,0,0,0,0,0,0,3,0,0,0,5,1,0,0
1513866067,0.0,0.0,0.43236712,0.0,0.0,0.0,0.0,0.0,0.0,0.0,0,0,0,0,0,0,0,3,0,0,0,5,1,0,0
1514070103,0.0,0.0,0.43236712,0.0,0.0,0.0,0.0,0.0,0.0,0.0,0,0,0,0,0,0,0,3,0,0,0,5,1,0,0
1514274868,0.0,0.0,0.43236712,0.0,0.0,0.0,0.0,0.0,0.0,0.0,0,0,0,0,0,0,0,3,0,0,0,5,1,0,0
1514474888,0.0,0.0,0.43236712,0.0,0.0,0.0,0.0,0.0,0.0,0.0,0,0,0,0,0,0,0,3,0,0,0,5,1,0,0
1514671760,0.0,0.0,0.43236712,0.0,0.0,0.0,0.0,0.0,0.0,0.0,0,0,0,0,0,0,0,3,0,0,0,5,1,0,0
1514891702,0.0,0.0,0.43236712,0.0,0.0,0.0,0.0,0.0,0.0,0.0,0,0,0,0,0,0,0,3,0,0,0,5,1,0,0
1515088535,0.0,0.0,0.43236712,0.0,0.0,0.0,0.0,0.0,0.0,0.0,0,0,0,0,0,0,0,3,0,0,0,5,1,0,0
1515285301,0.0,0.0,0.43236712,0.0,0.0,0.0,0.0,0.0,0.0,0.0,0,0,0,0,0,0,0,3,0,0,0,5,1,0,0
1515493298,0.0,0.0,0.43236712,0.0,0.0,0.0,0.0,0.0,0.0,0.0,0,0,0,0,0,0,0,3,0,0,0,5,1,0,0
1515682073,0.0,0.0,0.43236712,0.0,0.0,0.0,0.0,0.0,0.0,0.0,0,0,0,0,0,0,0,3,0,0,0,5,1,0,0
1515886064,0.0,0.0,0.43236712,0.0,0.0,0.0,0.0,0.0,0.0,0.0,0,0,0,0,0,0,0,3,0,0,0,5,1,0,0
1516098907,0.0,0.0,0.43236712,0.0,0.0,0.0,0.0,0.0,0.0,0.0,0,0,0,0,0,0,0,3,0,0,0,5,1,0,0
1516278872,0.0,0.0,0.43236712,0.0,0.0,0.0,0.0,0.0,0.0,0.0,0,0,0,0,0,0,0,3,0,0,0,5,1,0,0
1516499709,0.0,0.0,0.43236712,0.0,0.0,0.0,0.0,0.0,0.0,0.0,0,0,0,0,0,0,0,3,0,0,0,5,1,0,0
1516679686,0.0,0.0,0.43236712,0.0,0.0,0.0,0.0,0.0,0.0,0.0,0,0,0,0,0,0,0,3,0,0,0,5,1,0,0
1516884463,0.0,0.0,0.43236712,0.0,0.0,0.0,0.0,0.0,0.0,0.0,0,0,0,0,0,0,0,3,0,0,0,5,1,0,0
1517100500,0.0,0.0,0.43236712,0.0,0.0,0.0,0.0,0.0,0.0,0.0,0,0,0,0,0,0,0,3,0,0,0,5,1,0,0
1517297288,0.0,0.0,0.43236712,0.0,0.0,0.0,0.0,0.0,0.0,0.0,0,0,0,0,0,0,0,3,0,0,0,5,1,0,0
1517493264,0.0,0.0,0.43236712,0.0,0.0,0.0,0.0,0.0,0.0,0.0,0,0,0,0,0,0,0,3,0,0,0,5,1,0,0
1517690101,0.0,0.0,0.43236712,0.0,0.0,0.0,0.0,0.0,0.0,0.0,0,0,0,0,0,0,0,3,0,0,0,5,1,0,0
1517886863,0.0,0.0,0.43236712,0.0,0.0,0.0,0.0,0.0,0.0,0.0,0,0,0,0,0,0,0,3,0,0,0,5,1,0,0
1518110922,0.0,0.0,0.43236712,0.0,0.0,0.0,0.0,0.0,0.0,0.0,0,0,0,0,0,0,0,3,0,0,0,5,1,0,0
1518303702,0.0,0.0,0.43236712,0.0,0.0,0.0,0.0,0.0,0.0,0.0,0,0,0,0,0,0,0,3,0,0,0,5,1,0,0
1518511663,0.0,0.0,0.43236712,0.0,0.0,0.0,0.0,0.0,0.0,0.0,0,0,0,0,0,0,0,3,0,0,0,5,1,0,0
1518704469,0.0,0.0,0.43236712,0.0,0.0,0.0,0.0,0.0,0.0,0.0,0,0,0,0,0,0,0,3,0,0,0,5,1,0,0
1518900479,0.0,0.0,0.43236712,0.0,0.0,0.0,0.0,0.0,0.0,0.0,0,0,0,0,0,0,0,3,0,0,0,5,1,0,0
1519121263,0.0,0.0,0.43236712,0.0,0.0,0.0,0.0,0.0,0.0,0.0,0,0,0,0,0,0,0,3,0,0,0,5,1,0,0
1519301300,0.0,0.0,0.43236712,0.0,0.0,0.0,0.0,0.0,0.0,0.0,0,0,0,0,0,0,0,3,0,0,0,5,1,0,0
1519510110,0.0,0.0,0.43236712,0.0,0.0,0.0,0.0,0.0,0.0,0.0,0,0,0,0,0,0,0,3,0,0,0,5,1,0,0
1519730066,0.0,0.0,0.43236712,0.0,0.0,0.0,0.0,0.0,0.0,0.0,0,0,0,0,0,0,0,3,0,0,0,5,1,0,0
1519926934,0.0,0.0,0.43236712,0.0,0.0,0.0,0.0,0.0,0.0,0.0,0,0,0,0,0,0,0,3,0,0,0,5,1,0,0
1520127663,0.0,0.0,0.43236712,0.0,0.0,0.0,0.0,0.0,0.0,0.0,0,0,0,0,0,0,0,3,0,0,0,5,1,0,0
1520327949,0.0,0.0,0.43236712,0.0,0.0,0.0,0.0,0.0,0.0,0.0,0,0,0,0,0,0,0,3,0,0,0,5,1,0,0
1520519750,0.0,0.0,0.43236712,0.0,0.0,0.0,0.0,0.0,0.0,0.0,0,0,0,0,0,0,0,3,0,0,0,5,1,0,0
1520725093,0.0,0.0,0.43236712,0.0,0.0,0.0,0.0,0.0,0.0,0.0,0,0,0,0,0,0,0,3,0,0,0,5,1,0,0
1520925264,0.0,0.0,0.43236712,0.0,0.0,0.0,0.0,0.0,0.0,0.0,0,0,0,0,0,0,0,3,0,0,0,5,1,0,0
1521129263,0.0,0.0,0.43236712,0.0,0.0,0.0,0.0,0.0,0.0,0.0,0,0,0,0,0,0,0,3,0,0,0,5,1,0,0
1521326063,0.0,0.0,0.43236712,0.0,0.0,0.0,0.0,0.0,0.0,0.0,0,0,0,0,0,0,0,3,0,0,0,5,1,0,0
1521534063,0.0,0.0,0.43236712,0.0,0.0,0.0,0.0,0.0,0.0,0.0,0,0,0,0,0,0,0,3,0,0,0,5,1,0,0
1521746862,0.0,0.0,0.43236712,0.0,0.0,0.0,0.0,0.0,0.0,0.0,0,0,0,0,0,0,0,3,0,0,0,5,1,0,0
1521942963,0.0,0.0,0.43236712,0.0,0.0,0.0,0.0,0.0,0.0,0.0,0,0,0,0,0,0,0,3,0,0,0,5,1,0,0
1522147719,0.0,0.0,0.43236712,0.0,0.0,0.0,0.0,0.0,0.0,0.0,0,0,0,0,0,0,0,3,0,0,0,5,1,0,0
1522355681,0.0,0.0,0.43236712,0.0,0.0,0.0,0.0,0.0,0.0,0.0,0,0,0,0,0,0,0,3,0,0,0,5,1,0,0
1522552495,0.0,0.0,0.43236712,0.0,0.0,0.0,0.0,0.0,0.0,0.0,0,0,0,0,0,0,0,3,0,0,0,5,1,0,0
1522765270,0.0,0.0,0.43236712,0.0,0.0,0.0,0.0,0.0,0.0,0.0,0,0,0,0,0,0,0,3,0,0,0,5,1,0,0
1522961665,0.0,0.0,0.43236712,0.0,0.0,0.0,0.0,0.0,0.0,0.0,0,0,0,0,0,0,0,3,0,0,0,5,1,0,0
1523157300,0.0,0.0,0.43236712,0.0,0.0,0.0,0.0,0.0,0.0,0.0,0,0,0,0,0,0,0,3,0,0,0,5,1,0,0
1523374073,0.0,0.0,0.43236712,0.0,0.0,0.0,0.0,0.0,0.0,0.0,0,0,0,0,0,0,0,3,0,0,0,5,1,0,0
1523570867,0.0,0.0,0.43236712,0.0,0.0,0.0,0.0,0.0,0.0,0.0,0,0,0,0,0,0,0,3,0,0,0,5,1,0,0
1523771252,0.0,0.0,0.43236712,0.0,0.0,0.0,0.0,0.0,0.0,0.0,0,0,0,0,0,0,0,3,0,0,0,5,1,0,0
1523975700,0.0,0.0,0.43236712,0.0,0.0,0.0,0.0,0.0,0.0,0.0,0,0,0,0,0,0,0,3,0,0,0,5,1,0,0
1524171711,0.0,0.0,0.43236712,0.0,0.0,0.0,0.0,0.0,0.0,0.0,0,0,0,0,0,0,0,3,0,0,0,5,1,0,0
1524372463,0.0,0.0,0.43236712,0.0,0.0,0.0,0.0,0.0,0.0,0.0,0,0,0,0,0,0,0,3,0,0,0,5,1,0,0
1524588467,0.0,0.0,0.43236712,0.0,0.0,0.0,0.0,0.0,0.0,0.0,0,0,0,0,0,0,0,3,0,0,0,5,1,0,0
1524781277,0.0,0.0,0.43236712,0.0,0.0,0.0,0.0,0.0,0.0,0.0,0,0,0,0,0,0,0,3,0,0,0,5,1,0,0
1524989263,0.0,0.0,0.43236712,0.0,0.0,0.0,0.0,0.0,0.0,0.0,0,0,0,0,0,0,0,3,0,0,0,5,1,0,0
1525190120,0.0,0.0,0.43236712,0.0,0.0,0.0,0.0,0.0,0.0,0.0,0,0,0,0,0,0,0,3,0,0,0,5,1,0,0
1525378491,0.0,0.0,0.43236712,0.0,0.0,0.0,0.0,0.0,0.0,0.0,0,0,0,0,0,0,0,3,0,0,0,5,1,0,0
1525595240,0.0,0.0,0.43236712,0.0,0.0,0.0,0.0,0.0,0.0,0.0,0,0,0,0,0,0,0,3,0,0,0,5,1,0,0
1525786897,0.0,0.0,0.43236712,0.0,0.0,0.0,0.0,0.0,0.0,0.0,0,0,0,0,0,0,0,3,0,0,0,5,1,0,0
1525987664,0.0,0.0,0.43236712,0.0,0.0,0.0,0.0,0.0,0.0,0.0,0,0,0,0,0,0,0,3,0,0,0,5,1,0,0
1526188475,0.0,0.0,0.43236712,0.0,0.0,0.0,0.0,0.0,0.0,0.0,0,0,0,0,0,0,0,3,0,0,0,5,1,0,0
1526412517,0.0,0.0,0.43236712,0.0,0.0,0.0,0.0,0.0,0.0,0.0,0,0,0,0,0,0,0,3,0,0,0,5,1,0,0
1526613298,0.0,0.0,0.43236712,0.0,0.0,0.0,0.0,0.0,0.0,0.0,0,0,0,0,0,0,0,3,0,0,0,5,1,0,0
1526793289,0.0,0.0,0.43236712,0.0,0.0,0.0,0.0,0.0,0.0,0.0,0,0,0,0,0,0,0,3,0,0,0,5,1,0,0
1527006121,0.0,0.0,0.43236712,0.0,0.0,0.0,0.0,0.0,0.0,0.0,0,0,0,0,0,0,0,3,0,0,0,5,1,0,0
1527214066,0.0,0.0,0.43236712,0.0,0.0,0.0,0.0,0.0,0.0,0.0,0,0,0,0,0,0,0,3,0,0,0,5,1,0,0
1527418863,0.0,0.0,0.43236712,0.0,0.0,0.0,0.0,0.0,0.0,0.0,0,0,0,0,0,0,0,3,0,0,0,5,1,0,0
1527610893,0.0,0.0,0.43236712,0.0,0.0,0.0,0.0,0.0,0.0,0.0,0,0,0,0,0,0,0,3,0,0,0,5,1,0,0
1527811663,0.0,0.0,0.43236712,0.0,0.0,0.0,0.0,0.0,0.0,0.0,0,0,0,0,0,0,0,3,0,0,0,5,1,0,0
1528024501,0.0,0.0,0.43236712,0.0,0.0,0.0,0.0,0.0,0.0,0.0,0,0,0,0,0,0,0,3,0,0,0,5,1,0,0
1528224516,0.0,0.0,0.43236712,0.0,0.0,0.0,0.0,0.0,0.0,0.0,0,0,0,0,0,0,0,3,0,0,0,5,1,0,0
1528421262,0.0,0.0,0.43236712,0.0,0.0,0.0,0.0,0.0,0.0,0.0,0,0,0,0,0,0,0,3,0,0,0,5,1,0,0
1528637264,0.0,0.0,0.43236712,0.0,0.0,0.0,0.0,0.0,0.0,0.0,0,0,0,0,0,0,0,3,0,0,0,5,1,0,0
1528830111,0.0,0.0,0.43236712,0.0,0.0,0.0,0.0,0.0,0.0,0.0,0,0,0,0,0,0,0,3,0,0,0,5,1,0,0
1529030066,0.0,0.0,0.43236712,0.0,0.0,0.0,0.0,0.0,0.0,0.0,0,0,0,0,0,0,0,3,0,0,0,5,1,0,0
1529222901,0.0,0.0,0.43236712,0.0,0.0,0.0,0.0,0.0,0.0,0.0,0,0,0,0,0,0,0,3,0,0,0,5,1,0,0
1529438875,0.0,0.0,0.43236712,0.0,0.0,0.0,0.0,0.0,0.0,0.0,0,0,0,0,0,0,0,3,0,0,0,5,1,0,0
1529639670,0.0,0.0,0.43236712,0.0,0.0,0.0,0.0,0.0,0.0,0.0,0,0,0,0,0,0,0,3,0,0,0,5,1,0,0
1529839744,0.0,0.0,0.43236712,0.0,0.0,0.0,0.0,0.0,0.0,0.0,0,0,0,0,0,0,0,3,0,0,0,5,1,0,0
1530032902,0.0,0.0,0.43236712,0.0,0.0,0.0,0.0,0.0,0.0,0.0,0,0,0,0,0,0,0,3,0,0,0,5,1,0,0
1530245278,0.0,0.0,0.43236712,0.0,0.0,0.0,0.0,0.0,0.0,0.0,0,0,0,0,0,0,0,3,0,0,0,5,1,0,0
1530445303,0.0,0.0,0.43236712,0.0,0.0,0.0,0.0,0.0,0.0,0.0,0,0,0,0,0,0,0,3,0,0,0,5,1,0,0
1530654071,0.0,0.0,0.43236712,0.0,0.0,0.0,0.0,0.0,0.0,0.0,0,0,0,0,0,0,0,3,0,0,0,5,1,0,0
1530854433,0.0,0.0,0.43236712,0.0,0.0,0.0,0.0,0.0,0.0,0.0,0,0,0,0,0,0,0,3,0,0,0,5,1,0,0
1531050903,0.0,0.0,0.43236712,0.0,0.0,0.0,0.0,0.0,0.0,0.0,0,0,0,0,0,0,0,3,0,0,0,5,1,0,0
1531246934,0.0,0.0,0.43236712,0.0,0.0,0.0,0.0,0.0,0.0,0.0,0,0,0,0,0,0,0,3,0,0,0,5,1,0,0
1531447699,0.0,0.0,0.43236712,0.0,0.0,0.0,0.0,0.0,0.0,0.0,0,0,0,0,0,0,0,3,0,0,0,5,1,0,0
1531651696,0.0,0.0,0.43236712,0.0,0.0,0.0,0.0,0.0,0.0,0.0,0,0,0,0,0,0,0,3,0,0,0,5,1,0,0
1531856467,0.0,0.0,0.43236712,0.0,0.0,0.0,0.0,0.0,0.0,0.0,0,0,0,0,0,0,0,3,0,0,0,5,1,0,0
1532056503,0.0,0.0,0.43236712,0.0,0.0,0.0,0.0,0.0,0.0,0.0,0,0,0,0,0,0,0,3,0,0,0,5,1,0,0
1532257262,0.0,0.0,0.43236712,0.0,0.0,0.0,0.0,0.0,0.0,0.0,0,0,0,0,0,0,0,3,0,0,0,5,1,0,0
1532465280,0.0,0.0,0.43236712,0.0,0.0,0.0,0.0,0.0,0.0,0.0,0,0,0,0,0,0,0,3,0,0,0,5,1,0,0
1532666463,0.0,0.0,0.43236712,0.0,0.0,0.0,0.0,0.0,0.0,0.0,0,0,0,0,0,0,0,3,0,0,0,5,1,0,0
1532878077,0.0,0.0,0.43236712,0.0,0.0,0.0,0.0,0.0,0.0,0.0,0,0,0,0,0,0,0,3,0,0,0,5,1,0,0
1533074863,0.0,0.0,0.43236712,0.0,0.0,0.0,0.0,0.0,0.0,0.0,0,0,0,0,0,0,0,3,0,0,0,5,1,0,0
1533275669,0.0,0.0,0.43236712,0.0,0.0,0.0,0.0,0.0,0.0,0.0,0,0,0,0,0,0,0,3,0,0,0,5,1,0,0
1533479708,0.0,0.0,0.43236712,0.0,0.0,0.0,0.0,0.0,0.0,0.0,0,0,0,0,0,0,0,3,0,0,0,5,1,0,0
1533688700,0.0,0.0,0.43236712,0.0,0.0,0.0,0.0,0.0,0.0,0.0,0,0,0,0,0,0,0,3,0,0,0,5,1,0,0
1533888467,0.0,0.0,0.43236712,0.0,0.0,0.0,0.0,0.0,0.0,0.0,0,0,0,0,0,0,0,3,0,0,0,5,1,0,0
1534093328,0.0,0.0,0.43236712,0.0,0.0,0.0,0.0,0.0,0.0,0.0,0,0,0,0,0,0,0,3,0,0,0,5,1,0,0
1534285276,0.0,0.0,0.43236712,0.0,0.0,0.0,0.0,0.0,0.0,0.0,0,0,0,0,0,0,0,3,0,0,0,5,1,0,0
1534490135,0.0,0.0,0.43236712,0.0,0.0,0.0,0.0,0.0,0.0,0.0,0,0,0,0,0,0,0,3,0,0,0,5,1,0,0
1534710077,0.0,0.0,0.43236712,0.0,0.0,0.0,0.0,0.0,0.0,0.0,0,0,0,0,0,0,0,3,0,0,0,5,1,0,0
1534910929,0.0,0.0,0.43236712,0.0,0.0,0.0,0.0,0.0,0.0,0.0,0,0,0,0,0,0,0,3,0,0,0,5,1,0,0
1535106863,0.0,0.0,0.43236712,0.0,0.0,0.0,0.0,0.0,0.0,0.0,0,0,0,0,0,0,0,3,0,0,0,5,1,0,0
1535307664,0.0,0.0,0.43236712,0.0,0.0,0.0,0.0,0.0,0.0,0.0,0,0,0,0,0,0,0,3,0,0,0,5,1,0,0
1535508484,0.0,0.0,0.43236712,0.0,0.0,0.0,0.0,0.0,0.0,0.0,0,0,0,0,0,0,0,3,0,0,0,5,1,0,0
1535708495,0.0,0.0,0.43236712,0.0,0.0,0.0,0.0,0.0,0.0,0.0,0,0,0,0,0,0,0,3,0,0,0,5,1,0,0
1535905262,0.0,0.0,0.43236712,0.0,0.0,0.0,0.0,0.0,0.0,0.0,0,0,0,0,0,0,0,3,0,0,0,5,1,0,0
1536121262,0.0,0.0,0.43236712,0.0,0.0,0.0,0.0,0.0,0.0,0.0,0,0,0,0,0,0,0,3,0,0,0,5,1,0,0
1536310305,0.0,0.0,0.43236712,0.0,0.0,0.0,0.0,0.0,0.0,0.0,0,0,0,0,0,0,0,3,0,0,0,5,1,0,0
1536514075,0.0,0.0,0.43236712,0.0,0.0,0.0,0.0,0.0,0.0,0.0,0,0,0,0,0,0,0,3,0,0,0,5,1,0,0
1536714863,0.0,0.0,0.43236712,0.0,0.0,0.0,0.0,0.0,0.0,0.0,0,0,0,0,0,0,0,3,0,0,0,5,1,0,0
1536918892,0.0,0.0,0.43236712,0.0,0.0,0.0,0.0,0.0,0.0,0.0,0,0,0,0,0,0,0,3,0,0,0,5,1,0,0
1537131713,0.0,0.0,0.43236712,0.0,0.0,0.0,0.0,0.0,0.0,0.0,0,0,0,0,0,0,0,3,0,0,0,5,1,0,0
1537323667,0.0,0.0,0.43236712,0.0,0.0,0.0,0.0,0.0,0.0,0.0,0,0,0,0,0,0,0,3,0,0,0,5,1,0,0
1537528485,0.0,0.0,0.43236712,0.0,0.0,0.0,0.0,0.0,0.0,0.0,0,0,0,0,0,0,0,3,0,0,0,5,1,0,0
1537724470,0.0,0.0,0.43236712,0.0,0.0,0.0,0.0,0.0,0.0,0.0,0,0,0,0,0,0,0,3,0,0,0,5,1,0,0
1537925274,0.0,0.0,0.43236712,0.0,0.0,0.0,0.0,0.0,0.0,0.0,0,0,0,0,0,0,0,3,0,0,0,5,1,0,0
1538118111,0.0,0.0,0.43236712,0.0,0.0,0.0,0.0,0.0,0.0,0.0,0,0,0,0,0,0,0,3,0,0,0,5,1,0,0
1538334293,0.0,0.0,0.43236712,0.0,0.0,0.0,0.0,0.0,0.0,0.0,0,0,0,0,0,0,0,3,0,0,0,5,1,0,0
1538530882,0.0,0.0,0.43236712,0.0,0.0,0.0,0.0,0.0,0.0,0.0,0,0,0,0,0,0,0,3,0,0,0,5,1,0,0
1538730862,0.0,0.0,0.43236712,0.0,0.0,0.0,0.0,0.0,0.0,0.0,0,0,0,0,0,0,0,3,0,0,0,5,1,0,0
1538951731,0.0,0.0,0.43236712,0.0,0.0,0.0,0.0,0.0,0.0,0.0,0,0,0,0,0,0,0,3,0,0,0,5,1,0,0
1539147679,0.0,0.0,0.43236712,0.0,0.0,0.0,0.0,0.0,0.0,0.0,0,0,0,0,0,0,0,3,0,0,0,5,1,0,0
1539356461,0.0,0.0,0.43236712,0.0,0.0,0.0,0.0,0.0,0.0,0.0,0,0,0,0,0,0,0,3,0,0,0,5,1,0,0
1539552486,0.0,0.0,0.43236712,0.0,0.0,0.0,0.0,0.0,0.0,0.0,0,0,0,0,0,0,0,3,0,0,0,5,1,0,0
1539745306,0.0,0.0,0.43236712,0.0,0.0,0.0,0.0,0.0,0.0,0.0,0,0,0,0,0,0,0,3,0,0,0,5,1,0,0
1539949263,0.0,0.0,0.43236712,0.0,0.0,0.0,0.0,0.0,0.0,0.0,0,0,0,0,0,0,0,3,0,0,0,5,1,0,0
1540154105,0.0,0.0,0.43236712,0.0,0.0,0.0,0.0,0.0,0.0,0.0,0,0,0,0,0,0,0,3,0,0,0,5,1,0,0
1540358131,0.0,0.0,0.43236712,0.0,0.0,0.0,0.0,0.0,0.0,0.0,0,0,0,0,0,0,0,3,0,0,0,5,1,0,0
1540562904,0.0,0.0,0.43236712,0.0,0.0,0.0,0.0,0.0,0.0,0.0,0,0,0,0,0,0,0,3,0,0,0,5,1,0,0
1540762913,0.0,0.0,0.43236712,0.0,0.0,0.0,0.0,0.0,0.0,0.0,0,0,0,0,0,0,0,3,0,0,0,5,1,0,0
1540971700,0.0,0.0,0.43236712,0.0,0.0,0.0,0.0,0.0,0.0,0.0,0,0,0,0,0,0,0,3,0,0,0,5,1,0,0
1541188464,0.0,0.0,0.43236712,0.0,0.0,0.0,0.0,0.0,0.0,0.0,0,0,0,0,0,0,0,3,0,0,0,5,1,0,0
1541372518,0.0,0.0,0.43236712,0.0,0.0,0.0,0.0,0.0,0.0,0.0,0,0,0,0,0,0,0,3,0,0,0,5,1,0,0
1541573274,0.0,0.0,0.43236712,0.0,0.0,0.0,0.0,0.0,0.0,0.0,0,0,0,0,0,0,0,3,0,0,0,5,1,0,0
1541781263,0.0,0.0,0.43236712,0.0,0.0,0.0,0.0,0.0,0.0,0.0,0,0,0,0,0,0,0,3,0,0,0,5,1,0,0
1541978328,0.0,0.0,0.43236712,0.0,0.0,0.0,0.0,0.0,0.0,0.0,0,0,0,0,0,0,0,3,0,0,0,5,1,0,0
1542190447,0.0,0.0,0.43236712,0.0,0.0,0.0,0.0,0.0,0.0,0.0,0,0,0,0,0,0,0,3,0,0,0,5,1,0,0
1542378863,0.0,0.0,0.43236712,0.0,0.0,0.0,0.0,0.0,0.0,0.0,0,0,0,0,0,0,0,3,0,0,0,5,1,0,0
1542582900,0.0,0.0,0.43236712,0.0,0.0,0.0,0.0,0.0,0.0,0.0,0,0,0,0,0,0,0,3,0,0,0,5,1,0,0
1542779693,0.0,0.0,0.43236712,0.0,0.0,0.0,0.0,0.0,0.0,0.0,0,0,0,0,0,0,0,3,0,0,0,5,1,0,0
1542987684,0.0,0.0,0.43236712,0.0,0.0,0.0,0.0,0.0,0.0,0.0,0,0,0,0,0,0,0,3,0,0,0,5,1,0,0
1543192469,0.0,0.0,0.43236712,0.0,0.0,0.0,0.0,0.0,0.0,0.0,0,0,0,0,0,0,0,3,0,0,0,5,1,0,0
1543393316,0.0,0.0,0.43236712,0.0,0.0,0.0,0.0,0.0,0.0,0.0,0,0,0,0,0,0,0,3,0,0,0,5,1,0,0
1543601357,0.0,0.0,0.43236712,0.0,0.0,0.0,0.0,0.0,0.0,0.0,0,0,0,0,0,0,0,3,0,0,0,5,1,0,0
1543806102,0.0,0.0,0.43236712,0.0,0.0,0.0,0.0,0.0,0.0,0.0,0,0,0,0,0,0,0,3,0,0,0,5,1,0,0
1544006072,0.0,0.0,0.43236712,0.0,0.0,0.0,0.0,0.0,0.0,0.0,0,0,0,0,0,0,0,3,0,0,0,5,1,0,0
1544194869,0.0,0.0,0.43236712,0.0,0.0,0.0,0.0,0.0,0.0,0.0,0,0,0,0,0,0,0,3,0,0,0,5,1,0,0
1544398866,0.0,0.0,0.43236712,0.0,0.0,0.0,0.0,0.0,0.0,0.0,0,0,0,0,0,0,0,3,0,0,0,5,1,0,0
1544599657,0.0,0.0,0.43236712,0.0,0.0,0.0,0.0,0.0,0.0,0.0,0,0,0,0,0,0,0,3,0,0,0,5,1,0,0
1544795666,0.0,0.0,0.43236712,0.0,0.0,0.0,0.0,0.0,0.0,0.0,0,0,0,0,0,0,0,3,0,0,0,5,1,0,0
1545008495,0.0,0.0,0.43236712,0.0,0.0,0.0,0.0,0.0,0.0,0.0,0,0,0,0,0,0,0,3,0,0,0,5,1,0,0
1545209302,0.0,0.0,0.43236712,0.0,0.0,0.0,0.0,0.0,0.0,0.0,0,0,0,0,0,0,0,3,0,0,0,5,1,0,0
1545409310,0.0,0.0,0.43236712,0.0,0.0,0.0,0.0,0.0,0.0,0.0,0,0,0,0,0,0,0,3,0,0,0,5,1,0,0
1545621263,0.0,0.0,0.43236712,0.0,0.0,0.0,0.0,0.0,0.0,0.0,0,0,0,0,0,0,0,3,0,0,0,5,1,0,0
1545810079,0.0,0.0,0.43236712,0.0,0.0,0.0,0.0,0.0,0.0,0.0,0,0,0,0,0,0,0,3,0,0,0,5,1,0,0
1546010461,0.0,0.0,0.43236712,0.0,0.0,0.0,0.0,0.0,0.0,0.0,0,0,0,0,0,0,0,3,0,0,0,5,1,0,0
1546206866,0.0,0.0,0.43236712,0.0,0.0,0.0,0.0,0.0,0.0,0.0,0,0,0,0,0,0,0,3,0,0,0,5,1,0,0
1546414941,0.0,0.0,0.43236712,0.0,0.0,0.0,0.0,0.0,0.0,0.0,0,0,0,0,0,0,0,3,0,0,0,5,1,0,0
1546631663,0.0,0.0,0.43236712,0.0,0.0,0.0,0.0,0.0,0.0,0.0,0,0,0,0,0,0,0,3,0,0,0,5,1,0,0
1546828468,0.0,0.0,0.43236712,0.0,0.0,0.0,0.0,0.0,0.0,0.0,0,0,0,0,0,0,0,3,0,0,0,5,1,0,0
1547024478,0.0,0.0,0.43236712,0.0,0.0,0.0,0.0,0.0,0.0,0.0,0,0,0,0,0,0,0,3,0,0,0,5,1,0,0
1547225261,0.0,0.0,0.43236712,0.0,0.0,0.0,0.0,0.0,0.0,0.0,0,0,0,0,0,0,0,3,0,0,0,5,1,0,0
1547437268,0.0,0.0,0.43236712,0.0,0.0,0.0,0.0,0.0,0.0,0.0,0,0,0,0,0,0,0,3,0,0,0,5,1,0,0
1547634289,0.0,0.0,0.43236712,0.0,0.0,0.0,0.0,0.0,0.0,0.0,0,0,0,0,0,0,0,3,0,0,0,5,1,0,0
1547830068,0.0,0.0,0.43236712,0.0,0.0,0.0,0.0,0.0,0.0,0.0,0,0,0,0,0,0,0,3,0,0,0,5,1,0,0
1548031240,0.0,0.0,0.43236712,0.0,0.0,0.0,0.0,0.0,0.0,0.0,0,0,0,0,0,0,0,3,0,0,0,5,1,0,0
1548235101,0.0,0.0,0.43236712,0.0,0.0,0.0,0.0,0.0,0.0,0.0,0,0,0,0,0,0,0,3,0,0,0,5,1,0,0
1548428300,0.0,0.0,0.43236712,0.0,0.0,0.0,0.0,0.0,0.0,0.0,0,0,0,0,0,0,0,3,0,0,0,5,1,0,0
1548635693,0.0,0.0,0.43236712,0.0,0.0,0.0,0.0,0.0,0.0,0.0,0,0,0,0,0,0,0,3,0,0,0,5,1,0,0
1548856525,0.0,0.0,0.43236712,0.0,0.0,0.0,0.0,0.0,0.0,0.0,0,0,0,0,0,0,0,3,0,0,0,5,1,0,0
1549053313,0.0,0.0,0.43236712,0.0,0.0,0.0,0.0,0.0,0.0,0.0,0,0,0,0,0,0,0,3,0,0,0,5,1,0,0
1549257732,0.0,0.0,0.43236712,0.0,0.0,0.0,0.0,0.0,0.0,0.0,0,0,0,0,0,0,0,3,0,0,0,5,1,0,0
1549454066,0.0,0.0,0.43236712,0.0,0.0,0.0,0.0,0.0,0.0,0.0,0,0,0,0,0,0,0,3,0,0,0,5,1,0,0
1549666104,0.0,0.0,0.43236712,0.0,0.0,0.0,0.0,0.0,0.0,0.0,0,0,0,0,0,0,0,3,0,0,0,5,1,0,0
1549878923,0.0,0.0,0.43236712,0.0,0.0,0.0,0.0,0.0,0.0,0.0,0,0,0,0,0,0,0,3,0,0,0,5,1,0,0
1550058862,0.0,0.0,0.43236712,0.0,0.0,0.0,0.0,0.0,0.0,0.0,0,0,0,0,0,0,0,3,0,0,0,5,1,0,0
1550259663,0.0,0.0,0.43236712,0.0,0.0,0.0,0.0,0.0,0.0,0.0,0,0,0,0,0,0,0,3,0,0,0,5,1,0,0
1550479681,0.0,0.0,0.43236712,0.0,0.0,0.0,0.0,0.0,0.0,0.0,0,0,0,0,0,0,0,3,0,0,0,5,1,0,0
1550680505,0.0,0.0,0.43236712,0.0,0.0,0.0,0.0,0.0,0.0,0.0,0,0,0,0,0,0,0,3,0,0,0,5,1,0,0
1550873274,0.0,0.0,0.43236712,0.0,0.0,0.0,0.0,0.0,0.0,0.0,0,0,0,0,0,0,0,3,0,0,0,5,1,0,0
1551077307,0.0,0.0,0.43236712,0.0,0.0,0.0,0.0,0.0,0.0,0.0,0,0,0,0,0,0,0,3,0,0,0,5,1,0,0
1551277501,0.0,0.0,0.43236712,0.0,0.0,0.0,0.0,0.0,0.0,0.0,0,0,0,0,0,0,0,3,0,0,0,5,1,0,0
1551478066,0.0,0.0,0.43236712,0.0,0.0,0.0,0.0,0.0,0.0,0.0,0,0,0,0,0,0,0,3,0,0,0,5,1,0,0
1551674291,0.0,0.0,0.43236712,0.0,0.0,0.0,0.0,0.0,0.0,0.0,0,0,0,0,0,0,0,3,0,0,0,5,1,0,0
1551894865,0.0,0.0,0.43236712,0.0,0.0,0.0,0.0,0.0,0.0,0.0,0,0,0,0,0,0,0,3,0,0,0,5,1,0,0
1552091666,0.0,0.0,0.43236712,0.0,0.0,0.0,0.0,0.0,0.0,0.0,0,0,0,0,0,0,0,3,0,0,0,5,1,0,0
1552291701,0.0,0.0,0.43236712,0.0,0.0,0.0,0.0,0.0,0.0,0.0,0,0,0,0,0,0,0,3,0,0,0,5,1,0,0
1552492466,0.0,0.0,0.43236712,0.0,0.0,0.0,0.0,0.0,0.0,0.0,0,0,0,0,0,0,0,3,0,0,0,5,1,0,0
1552696461,0.0,0.0,0.43236712,0.0,0.0,0.0,0.0,0.0,0.0,0.0,0,0,0,0,0,0,0,3,0,0,0,5,1,0,0
1552889263,0.0,0.0,0.43236712,0.0,0.0,0.0,0.0,0.0,0.0,0.0,0,0,0,0,0,0,0,3,0,0,0,5,1,0,0
1553105275,0.0,0.0,0.43236712,0.0,0.0,0.0,0.0,0.0,0.0,0.0,0,0,0,0,0,0,0,3,0,0,0,5,1,0,0
1553298340,0.0,0.0,0.43236712,0.0,0.0,0.0,0.0,0.0,0.0,0.0,0,0,0,0,0,0,0,3,0,0,0,5,1,0,0
1553502454,0.0,0.0,0.43236712,0.0,0.0,0.0,0.0,0.0,0.0,0.0,0,0,0,0,0,0,0,3,0,0,0,5,1,0,0
1553702965,0.0,0.0,0.43236712,0.0,0.0,0.0,0.0,0.0,0.0,0.0,0,0,0,0,0,0,0,3,0,0,0,5,1,0,0
1553918862,0.0,0.0,0.43236712,0.0,0.0,0.0,0.0,0.0,0.0,0.0,0,0,0,0,0,0,0,3,0,0,0,5,1,0,0
1554115690,0.0,0.0,0.43236712,0.0,0.0,0.0,0.0,0.0,0.0,0.0,0,0,0,0,0,0,0,3,0,0,0,5,1,0,0
1554319676,0.0,0.0,0.43236712,0.0,0.0,0.0,0.0,0.0,0.0,0.0,0,0,0,0,0,0,0,3,0,0,0,5,1,0,0
1554516500,0.0,0.0,0.43236712,0.0,0.0,0.0,0.0,0.0,0.0,0.0,0,0,0,0,0,0,0,3,0,0,0,5,1,0,0
1554733267,0.0,0.0,0.43236712,0.0,0.0,0.0,0.0,0.0,0.0,0.0,0,0,0,0,0,0,0,3,0,0,0,5,1,0,0
1554933293,0.0,0.0,0.43236712,0.0,0.0,0.0,0.0,0.0,0.0,0.0,0,0,0,0,0,0,0,3,0,0,0,5,1,0,0
1555126077,0.0,0.0,0.43236712,0.0,0.0,0.0,0.0,0.0,0.0,0.0,0,0,0,0,0,0,0,3,0,0,0,5,1,0,0
1555326066,0.0,0.0,0.43236712,0.0,0.0,0.0,0.0,0.0,0.0,0.0,0,0,0,0,0,0,0,3,0,0,0,5,1,0,0
1555526879,0.0,0.0,0.43236712,0.0,0.0,0.0,0.0,0.0,0.0,0.0,0,0,0,0,0,0,0,3,0,0,0,5,1,0,0
1555718861,0.0,0.0,0.43236712,0.0,0.0,0.0,0.0,0.0,0.0,0.0,0,0,0,0,0,0,0,3,0,0,0,5,1,0,0
1555943707,0.0,0.0,0.43236712,0.0,0.0,0.0,0.0,0.0,0.0,0.0,0,0,0,0,0,0,0,3,0,0,0,5,1,0,0
1556143668,0.0,0.0,0.43236712,0.0,0.0,0.0,0.0,0.0,0.0,0.0,0,0,0,0,0,0,0,3,0,0,0,5,1,0,0
1556340522,0.0,0.0,0.43236712,0.0,0.0,0.0,0.0,0.0,0.0,0.0,0,0,0,0,0,0,0,3,0,0,0,5,1,0,0
1556528504,0.0,0.0,0.43236712,0.0,0.0,0.0,0.0,0.0,0.0,0.0,0,0,0,0,0,0,0,3,0,0,0,5,1,0,0
1556745287,0.0,0.0,0.43236712,0.0,0.0,0.0,0.0,0.0,0.0,0.0,0,0,0,0,0,0,0,3,0,0,0,5,1,0,0
1556945307,0.0,0.0,0.43236712,0.0,0.0,0.0,0.0,0.0,0.0,0.0,0,0,0,0,0,0,0,3,0,0,0,5,1,0,0
1557154098,0.0,0.0,0.43236712,0.0,0.0,0.0,0.0,0.0,0.0,0.0,0,0,0,0,0,0,0,3,0,0,0,5,1,0,0
1557350876,0.0,0.0,0.43236712,0.0,0.0,0.0,0.0,0.0,0.0,0.0,0,0,0,0,0,0,0,3,0,0,0,5,1,0,0
1557555180,0.0,0.0,0.43236712,0.0,0.0,0.0,0.0,0.0,0.0,0.0,0,0,0,0,0,0,0,3,0,0,0,5,1,0,0
1557759697,0.0,0.0,0.43236712,0.0,0.0,0.0,0.0,0.0,0.0,0.0,0,0,0,0,0,0,0,3,0,0,0,5,1,0,0
1557963755,0.0,0.0,0.43236712,0.0,0.0,0.0,0.0,0.0,0.0,0.0,0,0,0,0,0,0,0,3,0,0,0,5,1,0,0
1558164487,0.0,0.0,0.43236712,0.0,0.0,0.0,0.0,0.0,0.0,0.0,0,0,0,0,0,0,0,3,0,0,0,5,1,0,0
1558352545,0.0,0.0,0.43236712,0.0,0.0,0.0,0.0,0.0,0.0,0.0,0,0,0,0,0,0,0,3,0,0,0,5,1,0,0
1558569261,0.0,0.0,0.43236712,0.0,0.0,0.0,0.0,0.0,0.0,0.0,0,0,0,0,0,0,0,3,0,0,0,5,1,0,0
1558765332,0.0,0.0,0.43236712,0.0,0.0,0.0,0.0,0.0,0.0,0.0,0,0,0,0,0,0,0,3,0,0,0,5,1,0,0
1558962435,0.0,0.0,0.43236712,0.0,0.0,0.0,0.0,0.0,0.0,0.0,0,0,0,0,0,0,0,3,0,0,0,5,1,0,0
1559162061,0.0,0.0,0.43236712,0.0,0.0,0.0,0.0,0.0,0.0,0.0,0,0,0,0,0,0,0,3,0,0,0,5,1,0,0
1559362918,0.0,0.0,0.43236712,0.0,0.0,0.0,0.0,0.0,0.0,0.0,0,0,0,0,0,0,0,3,0,0,0,5,1,0,0
1559566870,0.0,0.0,0.43236712,0.0,0.0,0.0,0.0,0.0,0.0,0.0,0,0,0,0,0,0,0,3,0,0,0,5,1,0,0
1559767691,0.0,0.0,0.43236712,0.0,0.0,0.0,0.0,0.0,0.0,0.0,0,0,0,0,0,0,0,3,0,0,0,5,1,0,0
1559984474,0.0,0.0,0.43236712,0.0,0.0,0.0,0.0,0.0,0.0,0.0,0,0,0,0,0,0,0,3,0,0,0,5,1,0,0
1560184469,0.0,0.0,0.43236712,0.0,0.0,0.0,0.0,0.0,0.0,0.0,0,0,0,0,0,0,0,3,0,0,0,5,1,0,0
1560397300,0.0,0.0,0.43236712,0.0,0.0,0.0,0.0,0.0,0.0,0.0,0,0,0,0,0,0,0,3,0,0,0,5,1,0,0
1560597262,0.0,0.0,0.43236712,0.0,0.0,0.0,0.0,0.0,0.0,0.0,0,0,0,0,0,0,0,3,0,0,0,5,1,0,0
1560781332,0.0,0.0,0.43236712,0.0,0.0,0.0,0.0,0.0,0.0,0.0,0,0,0,0,0,0,0,3,0,0,0,5,1,0,0
1560990111,0.0,0.0,0.43236712,0.0,0.0,0.0,0.0,0.0,0.0,0.0,0,0,0,0,0,0,0,3,0,0,0,5,1,0,0
1561190881,0.0,0.0,0.43236712,0.0,0.0,0.0,0.0,0.0,0.0,0.0,0,0,0,0,0,0,0,3,0,0,0,5,1,0,0
1561394886,0.0,0.0,0.43236712,0.0,0.0,0.0,0.0,0.0,0.0,0.0,0,0,0,0,0,0,0,3,0,0,0,5,1,0,0
1561596053,0.0,0.0,0.43236712,0.0,0.0,0.0,0.0,0.0,0.0,0.0,0,0,0,0,0,0,0,3,0,0,0,5,1,0,0
1561787687,0.0,0.0,0.43236712,0.0,0.0,0.0,0.0,0.0,0.0,0.0,0,0,0,0,0,0,0,3,0,0,0,5,1,0,0
1561992881,0.0,0.0,0.43236712,0.0,0.0,0.0,0.0,0.0,0.0,0.0,0,0,0,0,0,0,0,3,0,0,0,5,1,0,0
1562200473,0.0,0.0,0.43236712,0.0,0.0,0.0,0.0,0.0,0.0,0.0,0,0,0,0,0,0,0,3,0,0,0,5,1,0,0
1562405263,0.0,0.0,0.43236712,0.0,0.0,0.0,0.0,0.0,0.0,0.0,0,0,0,0,0,0,0,3,0,0,0,5,1,0,0
1562597266,0.0,0.0,0.43236712,0.0,0.0,0.0,0.0,0.0,0.0,0.0,0,0,0,0,0,0,0,3,0,0,0,5,1,0,0
1562798063,0.0,0.0,0.43236712,0.0,0.0,0.0,0.0,0.0,0.0,0.0,0,0,0,0,0,0,0,3,0,0,0,5,1,0,0
1563010083,0.0,0.0,0.4311074,0.0,0.0,0.0,0.0,0.0,0.0,0.0,0,0,0,0,0,0,0,3,0,0,0,5,1,0,0
1563206874,0.0,0.0,0.43115956,0.0,0.0,0.0,0.0,0.0,0.0,0.0,0,0,0,0,0,0,0,3,0,0,0,5,1,0,0
1563410869,0.0,0.0,0.4311594,0.0,0.0,0.0,0.0,0.0,0.0,0.0,0,0,0,0,0,0,0,3,0,0,0,5,1,0,0
1563611670,0.0,0.0,0.4311594,0.0,0.0,0.0,0.0,0.0,0.0,0.0,0,0,0,0,0,0,0,3,0,0,0,0,1,0,0
1563824472,0.0,0.0,0.4311594,0.0,0.0,0.0,0.0,0.0,0.0,0.0,0,0,0,0,0,0,0,3,0,0,0,0,1,0,0
1564020468,0.0,0.0,0.41430125,0.0,0.0,0.0,0.0,0.0,0.0,0.0,0,0,0,0,0,0,0,3,0,0,0,0,1,0,0
1564225264,0.0,0.0,0.40215975,0.0,0.0,0.0,0.0,0.0,0.0,0.0,0,0,0,0,0,0,0,3,0,0,0,0,1,0,0
1564429327,0.0,0.0,0.38418946,0.0,0.0,0.0,0.0,0.0,0.0,0.0,0,0,0,0,0,0,0,3,0,0,0,0,1,0,0
1564626453,0.0,0.0,0.38430732,0.0,0.0,0.0,0.0,0.0,0.0,0.0,0,0,0,0,0,0,0,3,0,0,0,0,1,0,0
1564830117,0.0,0.0,0.38526633,0.0,0.0,0.0,0.0,0.0,0.0,0.0,0,0,0,0,0,0,0,3,0,0,0,0,1,0,0
1565031097,0.0,0.0,0.45066863,0.0,0.0,0.0,0.0,0.0,0.0,0.0,0,0,0,0,0,0,0,3,0,0,0,0,1,0,0
1565239120,0.0,0.0,0.44903523,0.0,0.0,0.0,0.0,0.0,0.0,0.0,0,0,0,0,0,0,0,3,0,0,0,0,1,0,0
1565439667,0.0,0.0,0.44686037,0.0,0.0,0.0,0.0,0.0,0.0,0.0,0,0,0,0,0,0,0,3,0,0,0,0,1,0,0
1565623681,0.0,0.0,0.35858843,0.0,0.0,0.0,0.0,0.0,0.0,0.0,0,0,0,0,0,0,0,3,0,0,0,0,1,0,0
1565836483,0.0,0.0,0.3602707,0.0,0.0,0.0,0.0,0.0,0.0,0.0,0,0,0,0,0,0,0,3,0,0,0,0,1,0,0
1566033694,0.0,0.0,0.32260162,0.0,0.0,0.0,0.0,0.0,0.0,0.0,0,0,0,0,0,0,0,3,0,0,0,0,1,0,0
1566233274,0.0,0.0,0.3236702,0.0,0.0,0.0,0.0,0.0,0.0,0.0,0,0,0,0,0,0,0,3,0,0,0,0,1,0,0
1566446094,0.0,0.0,0.3171337,0.0,0.0,0.0,0.0,0.0,0.0,0.0,0,0,0,0,0,0,0,3,0,0,0,0,1,0,0
1566654073,0.0,0.0,0.30196282,0.0,0.0,0.0,0.0,0.0,0.0,0.0,0,0,0,0,0,0,0,3,0,0,0,0,1,0,0
1566850907,0.0,0.0,0.30193236,0.0,0.0,0.0,0.0,0.0,0.0,0.0,0,0,0,0,0,0,0,3,0,0,0,3,1,0,0
1567046876,0.0,0.0,0.30323118,0.0,0.0,0.0,0.0,0.0,0.0,0.0,0,0,0,0,0,0,0,3,0,0,0,3,1,0,0
1567259903,0.0,0.0,0.30314004,0.0,0.0,0.0,0.0,0.0,0.0,0.0,0,0,0,0,0,0,0,3,0,0,0,3,1,0,0
1567451708,0.0,0.0,0.3031401,0.0,0.0,0.0,0.0,0.0,0.0,0.0,0,0,0,0,0,0,0,3,0,0,0,3,1,0,0
1567668463,0.0,0.0,0.30398074,0.0,0.0,0.0,0.0,0.0,0.0,0.0,0,0,0,0,0,0,0,3,0,0,0,3,1,0,0
1567864463,0.0,0.0,0.30518848,0.0,0.0,0.0,0.0,0.0,0.0,0.0,0,0,0,0,0,0,0,3,0,0,0,3,1,0,0
1568057278,0.0,0.0,0.3030174,0.0,0.0,0.0,0.0,0.0,0.0,0.0,0,0,0,0,0,0,0,3,0,0,0,3,1,0,0
1568261276,0.0,0.0,0.26859933,0.0,0.0,0.0,0.0,0.0,0.0,0.0,0,0,0,0,0,0,0,3,0,0,0,3,1,0,0
1568482077,0.0,0.0,0.25231728,0.0,0.0,0.0,0.0,0.0,0.0,0.0,0,0,0,0,0,0,0,3,0,0,0,3,1,0,0
1568666300,0.0,0.0,0.25032753,0.0,0.0,0.0,0.0,0.0,0.0,0.0,0,0,0,0,0,0,0,3,0,0,0,3,1,0,0
1568886873,0.0,0.0,0.23402752,0.0,0.0,0.0,0.0,0.0,0.0,0.0,0,0,0,0,0,0,0,3,0,0,0,3,1,0,0
1569086879,0.0,0.0,0.2282602,0.0,0.0,0.0,0.0,0.0,0.0,0.0,0,0,0,0,0,0,0,3,0,0,0,3,1,0,0
1569287679,0.0,0.0,0.18046746,0.0,0.0,0.0,0.0,0.0,0.0,0.0,0,0,0,0,0,0,0,3,0,0,0,3,1,0,0
1569492474,0.0,0.0,0.16668695,0.0,0.0,0.0,0.0,0.0,0.0,0.0,0,0,0,0,0,0,0,3,0,0,0,3,1,0,0
1569672479,0.0,0.0,0.1666667,0.0,0.0,0.0,0.0,0.0,0.0,0.0,0,0,0,0,0,0,0,3,0,0,0,3,1,0,0
1569893702,0.0,0.0,0.08644015,0.0,0.0,0.0,0.0,0.0,0.0,0.0,0,0,0,0,0,0,0,3,0,0,0,3,1,0,0
1570093269,0.0,0.0,0.05071991,0.0,0.0,0.0,0.0,0.0,0.0,0.0,0,0,0,0,0,0,0,3,0,0,0,3,1,0,0
1570286063,0.0,0.0,0.01801738,0.0,0.0,0.0,0.0,0.0,0.0,0.0,0,0,0,0,0,0,0,3,0,0,0,3,1,0,0
1570486095,0.0,0.0,9.775893e-06,0.0,0.0,0.0,0.0,0.0,0.0,0.0,0,0,0,0,0,0,0,3,0,0,0,3,1,0,0
1570710866,0.0,0.0,0.0,0.0,0.0,0.0,0.0,0.0,0.0,0.0,0,0,0,0,0,0,0,3,0,0,0,3,1,0,0
1570906863,0.0,0.0,1.20549395e-11,0.0,0.0,0.0,0.0,0.0,0.0,0.0,0,0,0,0,0,0,0,3,0,0,0,3,1,0,0
1571107662,0.0,0.0,1.4460582e-14,0.0,0.0,0.0,0.0,0.0,0.0,0.0,0,0,0,0,0,0,0,3,0,0,0,3,1,0,0
1571311924,0.0,0.0,0.0,-0.053853873,0.0,0.0,0.0,0.0,0.0,0.0,0,0,0,0,0,0,0,3,0,0,0,3,1,0,0
1571508467,0.0,0.0,9.340927e-21,-0.0002796901,0.0,0.0,0.0,0.0,0.0,0.0,0,0,0,0,0,0,0,3,0,0,0,3,1,0,0
1571701276,0.0,0.0,0.0,-0.106873296,0.0,0.0,0.0,0.0,0.0,0.0,0,0,0,0,0,0,0,3,0,0,0,3,1,0,0
1571925305,0.0,0.0,0.0,-0.02454348,0.0,0.0,0.0,0.0,0.0,0.0,0,0,0,0,0,0,0,3,0,0,0,3,1,0,0
1572126081,0.0,0.0,5.765846e-31,-0.05640466,0.0,0.0,0.0,0.0,0.0,0.0,0,0,0,0,0,0,0,3,0,0,0,3,1,0,0
1572318488,0.0,0.0,3.7982107e-34,1.4526115e-05,0.0,0.0,0.0,0.0,0.0,0.0,0,0,0,0,0,0,0,3,0,0,0,3,1,0,0
1572530890,0.0,0.0,0.0,-5.7154836e-09,0.0,0.0,0.0,0.0,0.0,0.0,0,0,0,0,0,0,0,3,0,0,0,3,1,0,0
1572726913,0.0,0.0,0.0,-8.854847e-13,0.0,0.0,0.0,0.0,0.0,0.0,0,0,0,0,0,0,0,3,0,0,0,3,1,0,0
1572935671,0.0,0.0,9.1e-44,3.1918817e-15,0.0,0.0,0.0,0.0,0.0,0.0,0,0,0,0,0,0,0,3,0,0,0,3,1,0,0
1573127688,0.0,0.0,0.0,-2.410273e-18,0.0,0.0,0.0,0.0,0.0,0.0,0,0,0,0,0,0,0,3,0,0,0,3,1,0,0
1573320692,0.0,0.0,0.0,7.520275e-22,0.0,0.0,0.0,0.0,0.0,0.0,0,0,0,0,0,0,0,3,0,0,0,3,1,0,0
1573528468,0.0,0.0,0.0,3.6403774e-25,0.0,0.0,0.0,0.0,0.0,0.0,0,0,0,0,0,0,0,3,0,0,0,3,1,0,0
1573745277,0.0,0.0,0.0,-2.2027754e-28,0.0,0.0,0.0,0.0,0.0,0.0,0,0,0,0,0,0,0,3,0,0,0,3,1,0,0
1573945289,0.0,0.0,0.0,-4.5237192e-33,0.0,0.0,0.0,0.0,0.0,0.0,0,0,0,0,0,0,0,3,0,0,0,3,1,0,0
1574138078,0.0,0.0,0.0,9.718628e-35,0.0,0.0,0.0,0.0,0.0,0.0,0,0,0,0,0,0,0,3,0,0,0,3,1,0,0
1574338068,0.0,0.0,0.0,-8.288524e-38,0.0,0.0,0.0,0.0,0.0,0.0,0,0,0,0,0,0,0,3,0,0,0,3,1,0,0
1574534862,0.0,0.0,0.0,-0.08879954,0.0,0.0,0.0,0.0,0.0,0.0,0,0,0,0,0,0,0,3,0,0,0,3,1,0,0
1574754863,0.0,0.0,0.0,-6.623899e-05,0.0,0.0,0.0,0.0,0.0,0.0,0,0,0,0,0,0,0,3,0,0,0,3,1,0,0
1574951705,0.0,0.0,0.0,-0.12109171,0.0,0.0,0.0,0.0,0.0,0.0,0,0,0,0,0,0,0,3,0,0,0,3,1,0,0
1575144464,0.0,0.0,0.0,0.0010518275,0.0,0.0,0.0,0.0,0.0,0.0,0,0,0,0,0,0,0,3,0,0,0,3,1,0,0
1575340692,0.0,0.0,0.0,-0.062894,0.0,0.0,0.0,0.0,0.0,0.0,0,0,0,0,0,0,0,3,0,0,0,3,1,0,0
1575561280,0.0,0.0,0.0,-6.902086e-05,0.0,0.0,0.0,0.0,0.0,0.0,0,0,0,0,0,0,0,3,0,0,0,3,1,0,0
1575761362,0.0,0.0,0.0,4.148968e-07,0.0,0.0,0.0,0.0,0.0,0.0,0,0,0,0,0,0,0,3,0,0,0,3,1,0,0
1575958076,0.0,0.0,0.0,-0.07183171,0.0,0.0,0.0,0.0,0.0,0.0,0,0,0,0,0,0,0,3,0,0,0,3,1,0,0
1576150066,0.0,0.0,0.0,4.3139004e-05,0.0,0.0,0.0,0.0,0.0,0.0,0,0,0,0,0,0,0,3,0,0,0,3,1,0,0
1576366950,0.0,0.0,0.0,-7.658803e-09,0.0,0.0,0.0,0.0,0.0,0.0,0,0,0,0,0,0,0,3,0,0,0,3,1,0,0
1576550887,0.0,0.0,0.0,1.8141637e-11,0.0,0.0,0.0,0.0,0.0,0.0,0,0,0,0,0,0,0,3,0,0,0,3,1,0,0
1576755665,0.0,0.0,0.0,1.8290876e-15,0.0,0.0,0.0,0.0,0.0,0.0,0,0,0,0,0,0,0,3,0,0,0,3,1,0,0
1576967663,0.0,0.0,0.0,-4.4397877e-18,0.0,0.0,0.0,0.0,0.0,0.0,0,0,0,0,0,0,0,3,0,0,0,3,1,0,0
1577164513,0.0,0.0,0.0,7.4159827e-22,0.0,0.0,0.0,0.0,0.0,0.0,0,0,0,0,0,0,0,3,0,0,0,3,1,0,0
1577369306,0.0,0.0,0.0,1.2321912e-24,0.0,0.0,0.0,0.0,0.0,0.0,0,0,0,0,0,0,0,3,0,0,0,3,1,0,0
1577573263,0.0,0.0,0.0,-1.389054e-27,0.0,0.0,0.0,0.0,0.0,0.0,0,0,0,0,0,0,0,3,0,0,0,3,1,0,0
1577773295,0.0,0.0,0.0,6.9045924e-31,0.0,0.0,0.0,0.0,0.0,0.0,0,0,0,0,0,0,0,3,0,0,0,3,1,0,0
1577974485,0.0,0.0,0.0,-1.450236e-35,0.0,0.0,0.0,0.0,0.0,0.0,0,0,0,0,0,0,0,3,0,0,0,3,1,0,0
1578174064,0.0,0.0,0.0,-2.7960357e-37,0.0,0.0,0.0,0.0,0.0,0.0,0,0,0,0,0,0,0,3,0,0,0,3,1,0,0
1578390897,0.0,0.0,0.0,3.8517e-41,0.0,0.0,0.0,0.0,0.0,0.0,0,0,0,0,0,0,0,3,0,0,0,3,1,0,0
1578574890,0.0,0.0,0.0,-1.01e-43,0.0,0.0,0.0,0.0,0.0,0.0,0,0,0,0,0,0,0,3,0,0,0,3,1,0,0
1578775699,0.0,0.0,0.0,0.0,0.0,0.0,0.0,0.0,0.0,0.0,0,0,0,0,0,0,0,3,0,0,0,3,1,0,0
1578984838,0.0,0.0,0.0,0.0,0.0,0.0,0.0,0.0,0.0,0.0,0,0,0,0,0,0,0,3,0,0,0,3,1,0,0
1579196528,0.0,0.0,0.0,-0.026416004,0.0,0.0,0.0,0.0,0.0,0.0,0,0,0,0,0,0,0,3,0,0,0,3,1,0,0
1579381663,0.0,0.0,0.0,1.4637197e-05,0.0,0.0,0.0,0.0,0.0,0.0,0,0,0,0,0,0,0,3,0,0,0,3,1,0,0
1579581493,0.0,0.0,0.0,-1.5903386e-09,0.0,0.0,0.0,0.0,0.0,0.0,0,0,0,0,0,0,0,3,0,0,0,3,1,0,0
1579790063,0.0,0.0,0.0,-3.1966803e-12,0.0,0.0,0.0,0.0,0.0,0.0,0,0,0,0,0,0,0,3,0,0,0,3,1,0,0
1580006063,0.0,0.0,0.0,-5.935679e-16,0.0,0.0,0.0,0.0,0.0,0.0,0,0,0,0,0,0,0,3,0,0,0,3,1,0,0
1580202942,0.0,0.0,0.0,6.194137e-19,0.0,0.0,0.0,0.0,0.0,0.0,0,0,0,0,0,0,0,3,0,0,0,3,1,0,0
1580391238,0.0,0.0,0.0,-2.8922483e-22,0.0,0.0,0.0,0.0,0.0,0.0,0,0,0,0,0,0,0,3,0,0,0,3,1,0,0
1580599733,0.0,0.0,0.0,-9.821895e-27,0.0,0.0,0.0,0.0,0.0,0.0,0,0,0,0,0,0,0,3,0,0,0,3,1,0,0
1580815690,0.0,0.0,0.0,6.835053e-29,0.0,0.0,0.0,0.0,0.0,0.0,0,0,0,0,0,0,0,3,0,0,0,3,1,0,0
1581020467,0.0,0.0,0.0,-1.4189213e-32,0.0,0.0,0.0,0.0,0.0,0.0,0,0,0,0,0,0,0,3,0,0,0,3,1,0,0
1581209268,0.0,0.0,0.0,-1.6550602e-35,0.0,0.0,0.0,0.0,0.0,0.0,0,0,0,0,0,0,0,3,0,0,0,3,1,0,0
1581405266,0.0,0.0,0.0,2.0447264e-38,0.0,0.0,0.0,0.0,0.0,0.0,0,0,0,0,0,0,0,3,0,0,0,3,1,0,0
1581602101,0.0,0.0,0.0,-1.0836e-41,0.0,0.0,0.0,0.0,0.0,0.0,0,0,0,0,0,0,0,3,0,0,0,3,1,0,0
1581806099,0.0,0.07602817,0.0,1e-45,0.0,0.0,0.0,0.0,0.0,0.0,0,0,0,0,0,0,0,3,0,0,0,3,1,0,0
1582030872,0.0,0.1473659,0.0,0.0,0.0,0.0,0.0,0.0,0.0,0.0,0,0,0,0,0,0,0,3,0,0,0,3,1,0,0
1582222912,0.0,0.15891267,0.0,0.0,0.0,0.0,0.0,0.0,0.0,0.0,0,0,0,0,0,0,0,3,0,0,0,3,1,0,0
1582419667,0.0,0.15892419,0.0,0.0,0.0,0.0,0.0,0.0,0.0,0.0,0,0,0,0,0,0,0,3,0,0,0,3,1,0,0
1582627889,0.0,0.1525561,0.0,0.0,0.0,0.0,0.0,0.0,0.0,0.0,0,0,0,0,0,0,0,3,0,0,0,3,1,0,0
1582828467,0.0,0.14414507,0.0,0.0,0.0,0.0,0.0,0.0,0.0,0.0,0,0,0,0,0,0,0,3,0,0,0,3,1,0,0
1583028503,0.0,0.14425452,0.0,0.0,0.0,0.0,0.0,0.0,0.0,0.0,0,0,0,0,0,0,0,3,0,0,0,3,1,0,0
1583225261,0.0,0.15113576,0.0,0.0,0.0,0.0,0.0,0.0,0.0,0.0,0,0,0,0,0,0,0,3,0,0,0,3,1,0,0
1583425652,0.0,0.15158895,0.0,0.0,0.0,0.0,0.0,0.0,0.0,0.0,0,0,0,0,0,0,0,3,0,0,0,3,1,0,0
1583626065,0.0,0.15158924,0.0,0.0,0.0,0.0,0.0,0.0,0.0,0.0,0,0,0,0,0,0,0,3,0,0,0,3,1,0,0
1583830140,0.0,0.15158924,0.0,0.0,0.0,0.0,0.0,0.0,0.0,0.0,0,0,0,0,0,0,0,3,0,0,0,3,1,0,0
1584050864,0.0,0.15158924,0.0,0.0,0.0,0.0,0.0,0.0,0.0,0.0,0,0,0,0,0,0,0,3,0,0,0,3,1,0,0
1584258919,0.0,0.15158924,0.0,0.0,0.0,0.0,0.0,0.0,0.0,0.0,0,0,0,0,0,0,0,3,0,0,0,3,1,0,0
1584463690,0.0,0.15158924,0.0,0.0,0.0,0.0,0.0,0.0,0.0,0.0,0,0,0,0,0,0,0,3,0,0,0,3,1,0,0
1584644524,0.0,0.15158924,0.0,0.0,0.0,0.0,0.0,0.0,0.0,0.0,0,0,0,0,0,0,0,3,0,0,0,3,1,0,0
1584860509,0.0,0.15158924,0.0,0.0,0.0,0.0,0.0,0.0,0.0,0.0,0,0,0,0,0,0,0,3,0,0,0,3,1,0,0
1585049311,0.0,0.15158924,0.0,0.0,0.0,0.0,0.0,0.0,0.0,0.0,0,0,0,0,0,0,0,3,0,0,0,3,1,0,0
1585253262,0.0,0.15413947,0.0,0.0,0.0,0.0,0.0,0.0,0.0,0.0,0,0,0,0,0,0,0,3,0,0,0,3,1,0,0
1585466066,0.0,0.15403412,0.0,0.0,0.0,0.0,0.0,0.0,0.0,0.0,0,0,0,0,0,0,0,3,0,0,0,3,1,0,0
1585658292,0.0,0.15140483,0.0,0.0,0.0,0.0,0.0,0.0,0.0,0.0,0,0,0,0,0,0,0,3,0,0,0,3,1,0,0
1585854897,0.0,0.14646742,0.0,0.0,0.0,0.0,0.0,0.0,0.0,0.0,0,0,0,0,0,0,0,3,0,0,0,3,1,0,0
1586074892,0.0,0.14669922,0.0,0.0,0.0,0.0,0.0,0.0,0.0,0.0,0,0,0,0,0,0,0,3,0,0,0,3,1,0,0
1586267663,0.0,0.14669926,0.0,0.0,0.0,0.0,0.0,0.0,0.0,0.0,0,0,0,0,0,0,0,3,0,0,0,3,1,0,0
1586459692,0.0,0.14669926,0.0,0.0,0.0,0.0,0.0,0.0,0.0,0.0,0,0,0,0,0,0,0,3,0,0,0,3,1,0,0
1586676542,0.0,0.13915089,0.0,0.0,0.0,0.0,0.0,0.0,0.0,0.0,0,0,0,0,0,0,0,3,0,0,0,3,1,0,0
1586876498,0.0,0.13936436,0.0,0.0,0.0,0.0,0.0,0.0,0.0,0.0,0,0,0,0,0,0,0,3,0,0,0,3,1,0,0
1587065655,0.0,0.1393643,0.0,0.0,0.0,0.0,0.0,0.0,0.0,0.0,0,0,0,0,0,0,0,3,0,0,0,3,1,0,0
1587269311,0.0,0.14106613,0.0,0.0,0.0,0.0,0.0,0.0,0.0,0.0,0,0,0,0,0,0,0,3,0,0,0,3,1,0,0
1587474074,0.0,0.14231439,0.0,0.0,0.0,0.0,0.0,0.0,0.0,0.0,0,0,0,0,0,0,0,3,0,0,0,3,1,0,0
1587686134,0.0,0.14668313,0.0,0.0,0.0,0.0,0.0,0.0,0.0,0.0,0,0,0,0,0,0,0,3,0,0,0,3,1,0,0
1587890863,0.0,0.14669926,0.0,0.0,0.0,0.0,0.0,0.0,0.0,0.0,0,0,0,0,0,0,0,3,0,0,0,3,1,0,0
1588087695,0.0,0.14669925,0.0,0.0,0.0,0.0,0.0,0.0,0.0,0.0,0,0,0,0,0,0,0,3,0,0,0,3,1,0,0
1588292063,-0.016946977,0.14648408,0.0,0.0,0.0,0.0,0.0,0.0,0.0,0.0,0,0,0,0,0,0,0,3,0,0,0,3,1,0,0
1588483663,-0.07582279,0.15838955,0.0,0.0,0.0,0.0,0.0,0.0,0.0,0.0,0,0,0,0,0,0,0,3,0,0,0,3,1,0,0
1588684489,-0.0780322,0.15160644,0.0,0.0,0.0,0.0,0.0,0.0,0.0,0.0,0,0,0,0,0,0,0,3,0,0,0,3,1,0,0
1588897334,-0.10372263,0.13892785,0.0,0.0,0.0,0.0,0.0,0.0,0.0,0.0,0,0,0,0,0,0,0,3,0,0,0,3,1,0,0
1589093313,-0.11626003,0.121483065,0.0,0.0,0.0,0.0,0.0,0.0,0.0,0.0,0,0,0,0,0,0,0,3,0,0,0,3,1,0,0
1589310063,-0.1197783,0.122471474,0.0,0.0,0.0,0.0,0.0,0.0,0.0,0.0,0,0,0,0,0,0,0,3,0,0,0,3,1,0,0
1589494063,-0.13216127,0.122229636,0.0,0.0,0.0,0.0,0.0,0.0,0.0,0.0,0,0,0,0,0,0,0,3,0,0,0,3,1,0,0
1589706891,-0.15585436,0.13448285,0.0,0.0,0.0,0.0,0.0,0.0,0.0,0.0,0,0,0,0,0,0,0,3,0,0,0,3,1,0,0
1589910888,-0.16100462,0.13691697,0.0,0.0,0.0,0.0,0.0,0.0,0.0,0.0,0,0,0,0,0,0,0,3,0,0,0,3,1,0,0
1590107916,-0.15606868,0.13933292,0.0,0.0,0.0,0.0,0.0,0.0,0.0,0.0,0,0,0,0,0,0,0,3,0,0,0,3,1,0,0
1590312055,-0.15361108,0.13936426,0.0,0.0,0.0,0.0,0.0,0.0,0.0,0.0,0,0,0,0,0,0,0,3,0,0,0,3,1,0,0
1590508465,-0.14941683,0.1393643,0.0,0.0,0.0,0.0,0.0,0.0,0.0,0.0,0,0,0,0,0,0,0,3,0,0,0,3,1,0,0
1590724466,-0.14878082,0.1393643,0.0,0.0,0.0,0.0,0.0,0.0,0.0,0.0,0,0,0,0,0,0,0,3,0,0,0,3,1,0,0
1590905260,-0.14142066,0.1393643,0.0,0.0,0.0,0.0,0.0,0.0,0.0,0.0,0,0,0,0,0,0,0,3,0,0,0,3,1,0,0
1591126067,-0.1414634,0.1393643,0.0,0.0,0.0,0.0,0.0,0.0,0.0,0.0,0,0,0,0,0,0,0,3,0,0,0,3,1,0,0
1591306094,-0.1390405,0.1393643,0.0,0.0,0.0,0.0,0.0,0.0,0.0,0.0,0,0,0,0,0,0,0,3,0,0,0,3,1,0,0
1591522901,-0.1415684,0.13254054,0.0,0.0,0.0,0.0,0.0,0.0,0.0,0.0,0,0,0,0,0,0,0,3,0,0,0,3,1,0,0
1591722935,-0.1444037,0.13202938,0.0,0.0,0.0,0.0,0.0,0.0,0.0,0.0,0,0,0,0,0,0,0,3,0,0,0,3,1,0,0
1591918921,-0.15217945,0.12709416,0.0,0.0,0.0,0.0,0.0,0.0,0.0,0.0,0,0,0,0,0,0,0,3,0,0,0,3,1,0,0
1592131663,-0.15777862,0.10970451,0.0,0.0,0.0,0.0,0.0,0.0,0.0,0.0,0,0,0,0,0,0,0,3,0,0,0,3,1,0,0
1592320466,-0.15853663,0.107072406,0.0,0.0,0.0,0.0,0.0,0.0,0.0,0.0,0,0,0,0,0,0,0,3,0,0,0,3,1,0,0
1592544490,-0.15347227,0.09224969,0.0,0.0,0.0,0.0,0.0,0.0,0.0,0.0,0,0,0,0,0,0,0,3,0,0,0,3,1,0,0
1592729732,-0.14425007,0.09801071,0.0,0.0,0.0,0.0,0.0,0.0,0.0,0.0,0,0,0,0,0,0,0,3,0,0,0,3,1,0,0
1592929282,-0.12896942,0.09779902,0.0,0.0,0.0,0.0,0.0,0.0,0.0,0.0,0,0,0,0,0,0,0,3,0,0,0,3,1,0,0
1593146077,-0.12175145,0.102694094,0.0,0.0,0.0,0.0,0.0,0.0,0.0,0.0,0,0,0,0,0,0,0,3,0,0,0,3,1,0,0
1593338109,-0.121951446,0.10268949,0.0,0.0,0.0,0.0,0.0,0.0,0.0,0.0,0,0,0,0,0,0,0,3,0,0,0,3,1,0,0
1593546890,-0.12195122,0.09758901,0.0,0.0,0.0,0.0,0.0,0.0,0.0,0.0,0,0,0,0,0,0,0,3,0,0,0,3,1,0,0
1593750869,-0.11951453,0.0978,0.0,0.0,0.0,0.0,0.0,0.0,0.0,0.0,0,0,0,0,0,0,0,3,0,0,0,3,1,0,0
1593947721,-0.11951219,0.09609767,0.0,0.0,0.0,0.0,0.0,0.0,0.0,0.0,0,0,0,0,0,0,0,3,0,0,0,3,1,0,0
1594167667,-0.12442154,0.09292594,0.0,0.0,0.0,0.0,0.0,0.0,0.0,0.0,0,0,0,0,0,0,0,3,0,0,0,3,1,0,0
1594364475,-0.12987481,0.09046688,0.0070495307,0.0,0.0,0.0,0.0,0.0,0.0,0.0,0,0,0,0,0,0,0,3,0,0,0,3,1,0,0
1594561262,-0.13170838,0.09046454,0.019732522,0.0,0.0,0.0,0.0,0.0,0.0,0.0,0,0,0,0,0,0,0,3,0,0,0,3,1,0,0
1594761266,-0.13000962,0.09641846,0.024030965,0.0,0.0,0.0,0.0,0.0,0.0,0.0,0,0,0,0,0,0,0,3,0,0,0,3,1,0,0
1594961270,-0.11686227,0.10000624,0.04456138,0.0,0.0,0.0,0.0,0.0,0.0,0.0,0,0,0,0,0,0,0,3,0,0,0,3,1,0,0
1595158069,-0.10982947,0.0935,0.07272468,0.0,0.0,0.0,0.0,0.0,0.0,0.0,0,0,0,0,0,0,0,3,0,0,0,3,1,0,0
1595382906,-0.10975597,0.091203555,0.076087005,0.0,0.0,0.0,0.0,0.0,0.0,0.0,0,0,0,0,0,0,0,3,0,0,0,3,1,0,0
1595575303,-0.10726966,0.07680316,0.07608695,0.0,0.0,0.0,0.0,0.0,0.0,0.0,0,0,0,0,0,0,0,3,0,0,0,3,1,0,0
1595767711,-0.08725864,0.017753813,0.07608695,0.0,0.0,0.0,0.0,0.0,0.0,0.0,0,0,0,0,0,0,0,3,0,0,0,3,1,0,0
1595975696,-0.08778433,0.0019066762,0.07731817,0.0,0.0,0.0,0.0,0.0,0.0,0.0,0,0,0,0,0,0,0,3,0,0,0,3,1,0,0
1596172469,-0.092179075,-1.1217421e-06,0.08251815,0.0,0.0,0.0,0.0,0.0,0.0,0.0,0,0,0,0,0,0,0,3,0,0,0,3,1,0,0
1596392470,-0.09024387,-3.0142655e-10,0.08333331,0.0,0.0,0.0,0.0,0.0,0.0,0.0,0,0,0,0,0,0,0,3,0,0,0,3,1,0,0
1596585506,-0.092787914,0.0076144505,0.083333336,0.0,0.0,0.0,0.0,0.0,0.0,0.0,0,0,0,0,0,0,0,3,0,0,0,3,1,0,0
1596793277,-0.09048116,0.016820861,0.08212676,0.0,0.0,0.0,0.0,0.0,0.0,0.0,0,0,0,0,0,0,0,3,0,0,0,3,1,0,0
1596982494,-0.08770237,0.046117514,0.0821256,0.0,0.0,0.0,0.0,0.0,0.0,0.0,0,0,0,0,0,0,0,3,0,0,0,3,1,0,0
1597190096,-0.082200155,0.06605468,0.082125604,0.0,0.0,0.0,0.0,0.0,0.0,0.0,0,0,0,0,0,0,0,3,0,0,0,3,1,0,0
1597386896,-0.08292685,0.0660147,0.082125604,0.0,0.0,0.0,0.0,0.0,0.0,0.0,0,0,0,0,0,0,0,3,0,0,0,3,1,0,0
1597586864,-0.08044039,0.069149144,0.082125604,0.0,0.0,0.0,0.0,0.0,0.0,0.0,0,0,0,0,0,0,0,3,0,0,0,3,1,0,0
1597812069,-0.07370206,0.08850623,0.082125604,0.0,0.0,0.0,0.0,0.0,0.0,0.0,0,0,0,0,0,0,0,3,0,0,0,3,1,0,0
1598007678,-0.06977582,0.088523805,0.082125604,0.0,0.0,0.0,0.0,0.0,0.0,0.0,0,0,0,0,0,0,0,3,0,0,0,3,1,0,0
1598204506,-0.068311036,0.08069755,0.082125604,0.0,0.0,0.0,0.0,0.0,0.0,0.0,0,0,0,0,0,0,0,3,0,0,0,3,1,0,0
1598421264,-0.068292685,0.090881966,0.082125604,0.0,0.0,0.0,0.0,0.0,0.0,0.0,0,0,0,0,0,0,0,3,0,0,0,3,1,0,0
1598621335,-0.078108996,0.112510875,0.082125604,0.0,0.0,0.0,0.0,0.0,0.0,0.0,0,0,0,0,0,0,0,3,0,0,0,3,1,0,0
1598801267,-0.077309616,0.11559234,0.082125604,0.0,0.0,0.0,0.0,0.0,0.0,0.0,0,0,0,0,0,0,0,3,0,0,0,3,1,0,0
1599002491,-0.08653223,0.09878332,0.082125604,0.0,0.0,0.0,0.0,0.0,0.0,0.0,0,0,0,0,0,0,0,3,0,0,0,3,1,0,0
1599214863,-0.09184004,0.08096167,0.082125604,0.0,0.0,0.0,0.0,0.0,0.0,0.0,0,0,0,0,0,0,0,3,0,0,0,3,1,0,0
1599422904,-0.086260974,0.07422543,0.082125604,0.0,0.0,0.0,0.0,0.0,0.0,0.0,0,0,0,0,0,0,0,3,0,0,0,3,1,0,0
1599615929,-0.07186679,0.042417616,0.082125604,0.0,0.0,0.0,0.0,0.0,0.0,0.0,0,0,0,0,0,0,0,1,0,0,0,3,1,0,0
1599823665,0.00063722493,-0.0018173599,0.082125604,0.0,0.0,0.0,0.0,0.0,0.0,0.0,0,0,0,0,0,0,0,1,0,0,0,3,1,0,0
1600016465,-4.7542094e-06,1.9023827e-06,0.082125604,0.0,0.0,0.0,0.0,0.0,0.0,0.0,0,0,0,0,0,0,0,1,0,0,0,3,1,0,0
1600232464,4.498267e-10,1.8255857e-10,0.082125604,0.0,0.0,0.0,0.0,0.0,0.0,0.0,0,0,0,0,0,0,0,1,0,0,0,3,1,0,0
1600429269,6.156204e-13,-3.294799e-13,0.082125604,0.0,0.0,0.0,0.0,0.0,0.0,0.0,0,0,0,0,0,0,0,1,0,0,0,0,1,0,0
1600629286,-7.275633e-16,2.1021478e-16,0.082125604,0.0,0.0,0.0,0.0,0.0,0.0,0.0,0,0,0,0,0,0,0,1,0,0,0,0,1,0,0
1600822490,3.7425655e-19,-4.39609e-20,0.082125604,0.0,0.0,0.0,0.0,0.0,0.0,0.0,0,0,0,0,0,0,0,1,0,0,0,0,1,0,0
1601034115,-1.859506e-23,-5.0621558e-23,0.08162664,0.0,0.0,0.0,0.0,0.0,0.0,0.0,0,0,0,0,0,0,0,1,0,0,0,0,1,0,0
1601246862,-8.450989e-26,1.6565416e-26,0.0,-0.54539245,0.0,0.0,0.0,0.0,0.0,0.0,0,0,0,0,0,0,0,1,0,0,0,0,1,0,0
1601446912,2.2191155e-29,3.8545393e-30,1.4464949e-08,-0.99910504,0.0,0.0,0.0,0.0,0.0,0.0,0,0,0,0,0,0,0,1,0,0,0,0,1,0,0
1601647664,1.6408429e-32,-1.03750946e-32,6.480758e-12,-1.0,0.0,0.0,0.0,0.0,0.0,0.0,0,0,0,0,0,0,0,1,0,0,0,0,1,0,0
1601840462,-2.3710272e-35,7.421254e-36,0.0,-1.0,0.0,0.0,0.0,0.0,0.0,0.0,0,0,0,0,0,0,0,1,0,0,0,0,1,0,0
1602044466,1.3743072e-38,-2.083856e-39,7.5333175e-18,-1.0,0.0,0.0,0.0,0.0,0.0,0.0,0,0,0,0,0,0,0,1,0,0,0,0,1,0,0
1602249655,3.775e-42,-1.46e-42,1.7859324e-21,-1.0,0.0,0.0,0.0,0.0,0.0,0.0,0,0,0,0,0,0,0,1,0,0,0,0,1,0,0
1602453280,-3e-45,0.0,0.0,-1.0,0.0,0.0,0.0,0.0,0.0,0.0,0,0,0,0,0,0,0,1,0,0,0,0,1,0,0
1602646506,0.0,0.0,5.951876e-28,-1.0,0.0,0.0,0.0,0.0,0.0,0.0,0,0,0,0,0,0,0,1,0,0,0,0,1,0,0
1602846108,0.0,0.0,1.3611309e-31,-1.0,0.0,0.0,0.0,0.0,0.0,0.0,0,0,0,0,0,0,0,1,0,0,0,0,1,0,0
1603058875,0.0,0.0,0.0,-0.19947489,0.0,0.0,0.0,0.0,0.0,0.0,0,0,0,0,0,0,0,1,0,0,0,0,1,0,0
1603259269,0.0,0.0,1.5018289e-38,8.915655e-05,0.0,0.0,0.0,0.0,0.0,0.0,0,0,0,0,0,0,0,1,0,0,0,0,1,0,0
1603467663,0.0,0.0,3.4131e-41,3.508018e-08,0.0,0.0,0.0,0.0,0.0,0.0,0,0,0,0,0,0,0,1,0,0,0,0,1,0,0
