timestamp,stack_free,task_name[0],task_name[1],task_name[2],task_name[3],task_name[4],task_name[5],task_name[6],task_name[7],task_name[8],task_name[9],task_name[10],task_name[11],task_name[12],task_name[13],task_name[14],task_name[15]
1438118733,780,109,99,95,112,111,115,95,99,111,110,116,114,111,108,0,0
1438118765,1404,100,105,115,112,101,110,115,101,114,0,0,0,0,0,0,0
1439120621,748,110,97,118,105,103,97,116,111,114,0,0,0,0,0,0,0
1439120775,996,110,99,98,0,0,0,0,0,0,0,0,0,0,0,0,0
1440121380,900,104,112,119,111,114,107,0,0,0,0,0,0,0,0,0,0
1440121474,636,108,112,119,111,114,107,0,0,0,0,0,0,0,0,0,0
1441125069,244,105,110,105,116,0,0,0,0,0,0,0,0,0,0,0,0
1441125100,1292,109,97,118,108,105,110,107,95,115,104,101,108,108,0,0,0
1442127072,452,100,97,116,97,109,97,110,0,0,0,0,0,0,0,0,0
1442127087,476,103,112,115,0,0,0,0,0,0,0,0,0,0,0,0,0
1443128574,524,115,101,110,115,111,114,115,0,0,0,0,0,0,0,0,0
1443128586,292,99,111,109,109,97,110,100,101,114,0,0,0,0,0,0,0
1444130818,2436,99,111,109,109,97,110,100,101,114,95,108,111,119,95,112,114
1444130888,428,112,120,52,105,111,0,0,0,0,0,0,0,0,0,0,0
1445134832,684,109,97,118,108,105,110,107,95,105,102,48,0,0,0,0,0
1445134856,1020,109,97,118,108,105,110,107,95,114,99,118,95,105,102,48,0
1446135602,660,109,97,118,108,105,110,107,95,105,102,49,0,0,0,0,0
1446135635,1332,109,97,118,108,105,110,107,95,114,99,118,95,105,102,49,0
1447139624,324,108,111,103,95,119,114,105,116,101,114,95,102,105,108,101,0
1447139643,508,108,111,103,103,101,114,0,0,0,0,0,0,0,0,0,0
1448140136,1468,101,107,102,50,0,0,0,0,0,0,0,0,0,0,0,0
1448140152,460,109,99,95,97,116,116,95,99,111,110,116,114,111,108,0,0
1449143160,780,109,99,95,112,111,115,95,99,111,110,116,114,111,108,0,0
1449143193,1404,100,105,115,112,101,110,115,101,114,0,0,0,0,0,0,0
1450144707,748,110,97,118,105,103,97,116,111,114,0,0,0,0,0,0,0
1450145058,996,110,99,98,0,0,0,0,0,0,0,0,0,0,0,0,0
1451151277,900,104,112,119,111,114,107,0,0,0,0,0,0,0,0,0,0
1451151295,636,108,112,119,111,114,107,0,0,0,0,0,0,0,0,0,0
1452152503,244,105,110,105,116,0,0,0,0,0,0,0,0,0,0,0,0
1452152536,1292,109,97,118,108,105,110,107,95,115,104,101,108,108,0,0,0
1453155995,452,100,97,116,97,109,97,110,0,0,0,0,0,0,0,0,0
1453156011,476,103,112,115,0,0,0,0,0,0,0,0,0,0,0,0,0
1454158681,524,115,101,110,115,111,114,115,0,0,0,0,0,0,0,0,0
1454158694,292,99,111,109,109,97,110,100,101,114,0,0,0,0,0,0,0
1455159639,2436,99,111,109,109,97,110,100,101,114,95,108,111,119,95,112,114
1455159653,428,112,120,52,105,111,0,0,0,0,0,0,0,0,0,0,0
1456161349,684,109,97,118,108,105,110,107,95,105,102,48,0,0,0,0,0
1456161374,1020,109,97,118,108,105,110,107,95,114,99,118,95,105,102,48,0
1457163632,660,109,97,118,108,105,110,107,95,105,102,49,0,0,0,0,0
1457163670,1332,109,97,118,108,105,110,107,95,114,99,118,95,105,102,49,0
1458166415,324,108,111,103,95,119,114,105,116,101,114,95,102,105,108,101,0
1458166434,508,108,111,103,103,101,114,0,0,0,0,0,0,0,0,0,0
1459168359,1468,101,107,102,50,0,0,0,0,0,0,0,0,0,0,0,0
1459168375,460,109,99,95,97,116,116,95,99,111,110,116,114,111,108,0,0
1460169613,780,109,99,95,112,111,115,95,99,111,110,116,114,111,108,0,0
1460169646,1404,100,105,115,112,101,110,115,101,114,0,0,0,0,0,0,0
1461173604,748,110,97,118,105,103,97,116,111,114,0,0,0,0,0,0,0
1461173630,996,110,99,98,0,0,0,0,0,0,0,0,0,0,0,0,0
1462178923,900,104,112,119,111,114,107,0,0,0,0,0,0,0,0,0,0
1462178941,636,108,112,119,111,114,107,0,0,0,0,0,0,0,0,0,0
1463185527,244,105,110,105,116,0,0,0,0,0,0,0,0,0,0,0,0
1463185558,1292,109,97,118,108,105,110,107,95,115,104,101,108,108,0,0,0
1464186909,452,100,97,116,97,109,97,110,0,0,0,0,0,0,0,0,0
1464186925,476,103,112,115,0,0,0,0,0,0,0,0,0,0,0,0,0
1465190567,524,115,101,110,115,111,114,115,0,0,0,0,0,0,0,0,0
1465190579,292,99,111,109,109,97,110,100,101,114,0,0,0,0,0,0,0
1466192439,2436,99,111,109,109,97,110,100,101,114,95,108,111,119,95,112,114
1466192454,428,112,120,52,105,111,0,0,0,0,0,0,0,0,0,0,0
1467193955,684,109,97,118,108,105,110,107,95,105,102,48,0,0,0,0,0
1467193982,1020,109,97,118,108,105,110,107,95,114,99,118,95,105,102,48,0
1468195321,660,109,97,118,108,105,110,107,95,105,102,49,0,0,0,0,0
1468195351,1332,109,97,118,108,105,110,107,95,114,99,118,95,105,102,49,0
1469198470,324,108,111,103,95,119,114,105,116,101,114,95,102,105,108,101,0
1469198489,508,108,111,103,103,101,114,0,0,0,0,0,0,0,0,0,0
1470199972,1468,101,107,102,50,0,0,0,0,0,0,0,0,0,0,0,0
1470199990,460,109,99,95,97,116,116,95,99,111,110,116,114,111,108,0,0
1471201954,780,109,99,95,112,111,115,95,99,111,110,116,114,111,108,0,0
1471201989,1404,100,105,115,112,101,110,115,101,114,0,0,0,0,0,0,0
1472205281,748,110,97,118,105,103,97,116,111,114,0,0,0,0,0,0,0
1472205306,996,110,99,98,0,0,0,0,0,0,0,0,0,0,0,0,0
1473207293,900,104,112,119,111,114,107,0,0,0,0,0,0,0,0,0,0
1473207311,636,108,112,119,111,114,107,0,0,0,0,0,0,0,0,0,0
1474208317,244,105,110,105,116,0,0,0,0,0,0,0,0,0,0,0,0
1474208351,1292,109,97,118,108,105,110,107,95,115,104,101,108,108,0,0,0
1475211880,452,100,97,116,97,109,97,110,0,0,0,0,0,0,0,0,0
1475211895,476,103,112,115,0,0,0,0,0,0,0,0,0,0,0,0,0
1476214170,524,115,101,110,115,111,114,115,0,0,0,0,0,0,0,0,0
1476214183,292,99,111,109,109,97,110,100,101,114,0,0,0,0,0,0,0
1477215787,2436,99,111,109,109,97,110,100,101,114,95,108,111,119,95,112,114
1477215914,428,112,120,52,105,111,0,0,0,0,0,0,0,0,0,0,0
1478217914,684,109,97,118,108,105,110,107,95,105,102,48,0,0,0,0,0
1478217938,1020,109,97,118,108,105,110,107,95,114,99,118,95,105,102,48,0
1479219605,660,109,97,118,108,105,110,107,95,105,102,49,0,0,0,0,0
1479219635,1332,109,97,118,108,105,110,107,95,114,99,118,95,105,102,49,0
1480223094,324,108,111,103,95,119,114,105,116,101,114,95,102,105,108,101,0
1480223112,508,108,111,103,103,101,114,0,0,0,0,0,0,0,0,0,0
1481224804,1468,101,107,102,50,0,0,0,0,0,0,0,0,0,0,0,0
1481224820,460,109,99,95,97,116,116,95,99,111,110,116,114,111,108,0,0
1482225869,780,109,99,95,112,111,115,95,99,111,110,116,114,111,108,0,0
1482225902,1404,100,105,115,112,101,110,115,101,114,0,0,0,0,0,0,0
1483228766,748,110,97,118,105,103,97,116,111,114,0,0,0,0,0,0,0
1483228791,996,110,99,98,0,0,0,0,0,0,0,0,0,0,0,0,0
1484231764,900,104,112,119,111,114,107,0,0,0,0,0,0,0,0,0,0
1484231782,636,108,112,119,111,114,107,0,0,0,0,0,0,0,0,0,0
1485232560,244,105,110,105,116,0,0,0,0,0,0,0,0,0,0,0,0
1485232591,1292,109,97,118,108,105,110,107,95,115,104,101,108,108,0,0,0
1486234446,452,100,97,116,97,109,97,110,0,0,0,0,0,0,0,0,0
1486234461,476,103,112,115,0,0,0,0,0,0,0,0,0,0,0,0,0
1487241919,524,115,101,110,115,111,114,115,0,0,0,0,0,0,0,0,0
1487241931,292,99,111,109,109,97,110,100,101,114,0,0,0,0,0,0,0
1488243356,2436,99,111,109,109,97,110,100,101,114,95,108,111,119,95,112,114
1488243371,428,112,120,52,105,111,0,0,0,0,0,0,0,0,0,0,0
1489246839,684,109,97,118,108,105,110,107,95,105,102,48,0,0,0,0,0
1489246863,1020,109,97,118,108,105,110,107,95,114,99,118,95,105,102,48,0
1490248889,660,109,97,118,108,105,110,107,95,105,102,49,0,0,0,0,0
1490248919,1332,109,97,118,108,105,110,107,95,114,99,118,95,105,102,49,0
1491250690,324,108,111,103,95,119,114,105,116,101,114,95,102,105,108,101,0
1491250709,508,108,111,103,103,101,114,0,0,0,0,0,0,0,0,0,0
1492252063,1468,101,107,102,50,0,0,0,0,0,0,0,0,0,0,0,0
1492252079,460,109,99,95,97,116,116,95,99,111,110,116,114,111,108,0,0
1493255143,780,109,99,95,112,111,115,95,99,111,110,116,114,111,108,0,0
1493255215,1404,100,105,115,112,101,110,115,101,114,0,0,0,0,0,0,0
1494257641,748,110,97,118,105,103,97,116,111,114,0,0,0,0,0,0,0
1494257666,996,110,99,98,0,0,0,0,0,0,0,0,0,0,0,0,0
1495259328,900,104,112,119,111,114,107,0,0,0,0,0,0,0,0,0,0
1495259350,636,108,112,119,111,114,107,0,0,0,0,0,0,0,0,0,0
1496261787,244,105,110,105,116,0,0,0,0,0,0,0,0,0,0,0,0
1496261900,1292,109,97,118,108,105,110,107,95,115,104,101,108,108,0,0,0
1497262684,452,100,97,116,97,109,97,110,0,0,0,0,0,0,0,0,0
1497262700,476,103,112,115,0,0,0,0,0,0,0,0,0,0,0,0,0
1498270475,524,115,101,110,115,111,114,115,0,0,0,0,0,0,0,0,0
1498270487,292,99,111,109,109,97,110,100,101,114,0,0,0,0,0,0,0
1499271264,2436,99,111,109,109,97,110,100,101,114,95,108,111,119,95,112,114
1499271279,428,112,120,52,105,111,0,0,0,0,0,0,0,0,0,0,0
1500272954,684,109,97,118,108,105,110,107,95,105,102,48,0,0,0,0,0
1500272980,1020,109,97,118,108,105,110,107,95,114,99,118,95,105,102,48,0
1501276111,660,109,97,118,108,105,110,107,95,105,102,49,0,0,0,0,0
1501276178,1332,109,97,118,108,105,110,107,95,114,99,118,95,105,102,49,0
1502281765,324,108,111,103,95,119,114,105,116,101,114,95,102,105,108,101,0
1502281783,508,108,111,103,103,101,114,0,0,0,0,0,0,0,0,0,0
1503284451,1468,101,107,102,50,0,0,0,0,0,0,0,0,0,0,0,0
1503284467,460,109,99,95,97,116,116,95,99,111,110,116,114,111,108,0,0
1504286788,780,109,99,95,112,111,115,95,99,111,110,116,114,111,108,0,0
1504286821,1404,100,105,115,112,101,110,115,101,114,0,0,0,0,0,0,0
1505288308,748,110,97,118,105,103,97,116,111,114,0,0,0,0,0,0,0
1505288334,996,110,99,98,0,0,0,0,0,0,0,0,0,0,0,0,0
1506290717,900,104,112,119,111,114,107,0,0,0,0,0,0,0,0,0,0
1506290738,636,108,112,119,111,114,107,0,0,0,0,0,0,0,0,0,0
1507293331,244,105,110,105,116,0,0,0,0,0,0,0,0,0,0,0,0
1507293365,1292,109,97,118,108,105,110,107,95,115,104,101,108,108,0,0,0
1508295666,452,100,97,116,97,109,97,110,0,0,0,0,0,0,0,0,0
1508295681,476,103,112,115,0,0,0,0,0,0,0,0,0,0,0,0,0
1509296674,524,115,101,110,115,111,114,115,0,0,0,0,0,0,0,0,0
1509296687,292,99,111,109,109,97,110,100,101,114,0,0,0,0,0,0,0
1510298946,2436,99,111,109,109,97,110,100,101,114,95,108,111,119,95,112,114
1510298961,428,112,120,52,105,111,0,0,0,0,0,0,0,0,0,0,0
1511301711,684,109,97,118,108,105,110,107,95,105,102,48,0,0,0,0,0
1511301735,1020,109,97,118,108,105,110,107,95,114,99,118,95,105,102,48,0
1512303582,660,109,97,118,108,105,110,107,95,105,102,49,0,0,0,0,0
1512303611,1332,109,97,118,108,105,110,107,95,114,99,118,95,105,102,49,0
1513305621,324,108,111,103,95,119,114,105,116,101,114,95,102,105,108,101,0
1513305640,508,108,111,103,103,101,114,0,0,0,0,0,0,0,0,0,0
1514309107,1468,101,107,102,50,0,0,0,0,0,0,0,0,0,0,0,0
1514309129,460,109,99,95,97,116,116,95,99,111,110,116,114,111,108,0,0
1515314115,780,109,99,95,112,111,115,95,99,111,110,116,114,111,108,0,0
1515314147,1404,100,105,115,112,101,110,115,101,114,0,0,0,0,0,0,0
1516315763,748,110,97,118,105,103,97,116,111,114,0,0,0,0,0,0,0
1516315789,996,110,99,98,0,0,0,0,0,0,0,0,0,0,0,0,0
1517319337,900,104,112,119,111,114,107,0,0,0,0,0,0,0,0,0,0
1517319402,636,108,112,119,111,114,107,0,0,0,0,0,0,0,0,0,0
1518321638,244,105,110,105,116,0,0,0,0,0,0,0,0,0,0,0,0
1518321669,1292,109,97,118,108,105,110,107,95,115,104,101,108,108,0,0,0
1519327281,452,100,97,116,97,109,97,110,0,0,0,0,0,0,0,0,0
1519327590,476,103,112,115,0,0,0,0,0,0,0,0,0,0,0,0,0
1520333479,524,115,101,110,115,111,114,115,0,0,0,0,0,0,0,0,0
1520333491,292,99,111,109,109,97,110,100,101,114,0,0,0,0,0,0,0
1521338300,2436,99,111,109,109,97,110,100,101,114,95,108,111,119,95,112,114
1521338314,428,112,120,52,105,111,0,0,0,0,0,0,0,0,0,0,0
1522340428,684,109,97,118,108,105,110,107,95,105,102,48,0,0,0,0,0
1522340452,1020,109,97,118,108,105,110,107,95,114,99,118,95,105,102,48,0
1523346546,660,109,97,118,108,105,110,107,95,105,102,49,0,0,0,0,0
1523346576,1332,109,97,118,108,105,110,107,95,114,99,118,95,105,102,49,0
1524350820,324,108,111,103,95,119,114,105,116,101,114,95,102,105,108,101,0
1524350839,508,108,111,103,103,101,114,0,0,0,0,0,0,0,0,0,0
1525351311,1468,101,107,102,50,0,0,0,0,0,0,0,0,0,0,0,0
1525351327,460,109,99,95,97,116,116,95,99,111,110,116,114,111,108,0,0
1526353293,780,109,99,95,112,111,115,95,99,111,110,116,114,111,108,0,0
1526353363,1404,100,105,115,112,101,110,115,101,114,0,0,0,0,0,0,0
1527355608,748,110,97,118,105,103,97,116,111,114,0,0,0,0,0,0,0
1527355634,996,110,99,98,0,0,0,0,0,0,0,0,0,0,0,0,0
1528359017,900,104,112,119,111,114,107,0,0,0,0,0,0,0,0,0,0
1528359115,636,108,112,119,111,114,107,0,0,0,0,0,0,0,0,0,0
1529360172,244,105,110,105,116,0,0,0,0,0,0,0,0,0,0,0,0
1529360273,1292,109,97,118,108,105,110,107,95,115,104,101,108,108,0,0,0
1530362764,452,100,97,116,97,109,97,110,0,0,0,0,0,0,0,0,0
1530362780,476,103,112,115,0,0,0,0,0,0,0,0,0,0,0,0,0
1531364046,524,115,101,110,115,111,114,115,0,0,0,0,0,0,0,0,0
1531364059,292,99,111,109,109,97,110,100,101,114,0,0,0,0,0,0,0
1532366394,2436,99,111,109,109,97,110,100,101,114,95,108,111,119,95,112,114
1532366408,428,112,120,52,105,111,0,0,0,0,0,0,0,0,0,0,0
1533368756,684,109,97,118,108,105,110,107,95,105,102,48,0,0,0,0,0
1533368781,1020,109,97,118,108,105,110,107,95,114,99,118,95,105,102,48,0
1534371225,660,109,97,118,108,105,110,107,95,105,102,49,0,0,0,0,0
1534371258,1332,109,97,118,108,105,110,107,95,114,99,118,95,105,102,49,0
1535372493,324,108,111,103,95,119,114,105,116,101,114,95,102,105,108,101,0
1535372515,508,108,111,103,103,101,114,0,0,0,0,0,0,0,0,0,0
1536374036,1468,101,107,102,50,0,0,0,0,0,0,0,0,0,0,0,0
1536374051,460,109,99,95,97,116,116,95,99,111,110,116,114,111,108,0,0
1537376339,780,109,99,95,112,111,115,95,99,111,110,116,114,111,108,0,0
1537376372,1404,100,105,115,112,101,110,115,101,114,0,0,0,0,0,0,0
1538383675,748,110,97,118,105,103,97,116,111,114,0,0,0,0,0,0,0
1538383700,996,110,99,98,0,0,0,0,0,0,0,0,0,0,0,0,0
1539385389,900,104,112,119,111,114,107,0,0,0,0,0,0,0,0,0,0
1539385478,636,108,112,119,111,114,107,0,0,0,0,0,0,0,0,0,0
1540386147,244,105,110,105,116,0,0,0,0,0,0,0,0,0,0,0,0
1540386178,1292,109,97,118,108,105,110,107,95,115,104,101,108,108,0,0,0
1541390922,452,100,97,116,97,109,97,110,0,0,0,0,0,0,0,0,0
1541390941,476,103,112,115,0,0,0,0,0,0,0,0,0,0,0,0,0
1542391224,524,115,101,110,115,111,114,115,0,0,0,0,0,0,0,0,0
1542391236,292,99,111,109,109,97,110,100,101,114,0,0,0,0,0,0,0
1543393902,2436,99,111,109,109,97,110,100,101,114,95,108,111,119,95,112,114
1543393917,428,112,120,52,105,111,0,0,0,0,0,0,0,0,0,0,0
1544394934,684,109,97,118,108,105,110,107,95,105,102,48,0,0,0,0,0
1544395380,1020,109,97,118,108,105,110,107,95,114,99,118,95,105,102,48,0
1545398416,660,109,97,118,108,105,110,107,95,105,102,49,0,0,0,0,0
1545398445,1332,109,97,118,108,105,110,107,95,114,99,118,95,105,102,49,0
1546401387,324,108,111,103,95,119,114,105,116,101,114,95,102,105,108,101,0
1546402712,508,108,111,103,103,101,114,0,0,0,0,0,0,0,0,0,0
1547403215,1468,101,107,102,50,0,0,0,0,0,0,0,0,0,0,0,0
1547403231,460,109,99,95,97,116,116,95,99,111,110,116,114,111,108,0,0
1548404552,780,109,99,95,112,111,115,95,99,111,110,116,114,111,108,0,0
1548404585,1404,100,105,115,112,101,110,115,101,114,0,0,0,0,0,0,0
1549406969,748,110,97,118,105,103,97,116,111,114,0,0,0,0,0,0,0
1549407050,996,110,99,98,0,0,0,0,0,0,0,0,0,0,0,0,0
1550408319,900,104,112,119,111,114,107,0,0,0,0,0,0,0,0,0,0
1550408337,636,108,112,119,111,114,107,0,0,0,0,0,0,0,0,0,0
1551410438,244,105,110,105,116,0,0,0,0,0,0,0,0,0,0,0,0
1551410469,1292,109,97,118,108,105,110,107,95,115,104,101,108,108,0,0,0
1552413346,452,100,97,116,97,109,97,110,0,0,0,0,0,0,0,0,0
1552413362,476,103,112,115,0,0,0,0,0,0,0,0,0,0,0,0,0
1553416014,524,115,101,110,115,111,114,115,0,0,0,0,0,0,0,0,0
1553416027,292,99,111,109,109,97,110,100,101,114,0,0,0,0,0,0,0
1554417528,2436,99,111,109,109,97,110,100,101,114,95,108,111,119,95,112,114
1554417546,428,112,120,52,105,111,0,0,0,0,0,0,0,0,0,0,0
1555418212,684,109,97,118,108,105,110,107,95,105,102,48,0,0,0,0,0
1555418307,1020,109,97,118,108,105,110,107,95,114,99,118,95,105,102,48,0
1556421668,660,109,97,118,108,105,110,107,95,105,102,49,0,0,0,0,0
1556421701,1332,109,97,118,108,105,110,107,95,114,99,118,95,105,102,49,0
1557424707,324,108,111,103,95,119,114,105,116,101,114,95,102,105,108,101,0
1557424726,508,108,111,103,103,101,114,0,0,0,0,0,0,0,0,0,0
1558425197,1468,101,107,102,50,0,0,0,0,0,0,0,0,0,0,0,0
1558425213,460,109,99,95,97,116,116,95,99,111,110,116,114,111,108,0,0
1559427757,780,109,99,95,112,111,115,95,99,111,110,116,114,111,108,0,0
1559427790,1404,100,105,115,112,101,110,115,101,114,0,0,0,0,0,0,0
1560430705,748,110,97,118,105,103,97,116,111,114,0,0,0,0,0,0,0
1560430731,996,110,99,98,0,0,0,0,0,0,0,0,0,0,0,0,0
1561431492,900,104,112,119,111,114,107,0,0,0,0,0,0,0,0,0,0
1561431510,636,108,112,119,111,114,107,0,0,0,0,0,0,0,0,0,0
1562431680,244,105,110,105,116,0,0,0,0,0,0,0,0,0,0,0,0
1562431711,1292,109,97,118,108,105,110,107,95,115,104,101,108,108,0,0,0
1563432408,452,100,97,116,97,109,97,110,0,0,0,0,0,0,0,0,0
1563432428,476,103,112,115,0,0,0,0,0,0,0,0,0,0,0,0,0
1564433733,524,115,101,110,115,111,114,115,0,0,0,0,0,0,0,0,0
1564433746,292,99,111,109,109,97,110,100,101,114,0,0,0,0,0,0,0
1565434153,2436,99,111,109,109,97,110,100,101,114,95,108,111,119,95,112,114
1565434168,428,112,120,52,105,111,0,0,0,0,0,0,0,0,0,0,0
1566435254,684,109,97,118,108,105,110,107,95,105,102,48,0,0,0,0,0
1566435278,1020,109,97,118,108,105,110,107,95,114,99,118,95,105,102,48,0
1567437104,660,109,97,118,108,105,110,107,95,105,102,49,0,0,0,0,0
1567437143,1332,109,97,118,108,105,110,107,95,114,99,118,95,105,102,49,0
1568438966,324,108,111,103,95,119,114,105,116,101,114,95,102,105,108,101,0
1568439101,508,108,111,103,103,101,114,0,0,0,0,0,0,0,0,0,0
1569441322,1468,101,107,102,50,0,0,0,0,0,0,0,0,0,0,0,0
1569441338,460,109,99,95,97,116,116,95,99,111,110,116,114,111,108,0,0
1570442911,780,109,99,95,112,111,115,95,99,111,110,116,114,111,108,0,0
1570442944,1404,100,105,115,112,101,110,115,101,114,0,0,0,0,0,0,0
1571444767,748,110,97,118,105,103,97,116,111,114,0,0,0,0,0,0,0
1571444792,996,110,99,98,0,0,0,0,0,0,0,0,0,0,0,0,0
1572447355,900,104,112,119,111,114,107,0,0,0,0,0,0,0,0,0,0
1572447373,636,108,112,119,111,114,107,0,0,0,0,0,0,0,0,0,0
1573449370,244,105,110,105,116,0,0,0,0,0,0,0,0,0,0,0,0
1573449474,1292,109,97,118,108,105,110,107,95,115,104,101,108,108,0,0,0
1574452845,452,100,97,116,97,109,97,110,0,0,0,0,0,0,0,0,0
1574452929,476,103,112,115,0,0,0,0,0,0,0,0,0,0,0,0,0
1575454099,524,115,101,110,115,111,114,115,0,0,0,0,0,0,0,0,0
1575454114,292,99,111,109,109,97,110,100,101,114,0,0,0,0,0,0,0
1576456732,2436,99,111,109,109,97,110,100,101,114,95,108,111,119,95,112,114
1576456747,428,112,120,52,105,111,0,0,0,0,0,0,0,0,0,0,0
1577457929,684,109,97,118,108,105,110,107,95,105,102,48,0,0,0,0,0
1577457953,1020,109,97,118,108,105,110,107,95,114,99,118,95,105,102,48,0
1578458756,660,109,97,118,108,105,110,107,95,105,102,49,0,0,0,0,0
1578458785,1332,109,97,118,108,105,110,107,95,114,99,118,95,105,102,49,0
1579459190,324,108,111,103,95,119,114,105,116,101,114,95,102,105,108,101,0
1579459208,508,108,111,103,103,101,114,0,0,0,0,0,0,0,0,0,0
1580460133,1468,101,107,102,50,0,0,0,0,0,0,0,0,0,0,0,0
1580460149,460,109,99,95,97,116,116,95,99,111,110,116,114,111,108,0,0
1581462785,780,109,99,95,112,111,115,95,99,111,110,116,114,111,108,0,0
1581462972,1404,100,105,115,112,101,110,115,101,114,0,0,0,0,0,0,0
1582465630,748,110,97,118,105,103,97,116,111,114,0,0,0,0,0,0,0
1582465655,996,110,99,98,0,0,0,0,0,0,0,0,0,0,0,0,0
1583466446,900,104,112,119,111,114,107,0,0,0,0,0,0,0,0,0,0
1583466464,636,108,112,119,111,114,107,0,0,0,0,0,0,0,0,0,0
1584468545,244,105,110,105,116,0,0,0,0,0,0,0,0,0,0,0,0
1584468722,1292,109,97,118,108,105,110,107,95,115,104,101,108,108,0,0,0
1585470075,452,100,97,116,97,109,97,110,0,0,0,0,0,0,0,0,0
1585470098,476,103,112,115,0,0,0,0,0,0,0,0,0,0,0,0,0
1586471874,524,115,101,110,115,111,114,115,0,0,0,0,0,0,0,0,0
1586471887,292,99,111,109,109,97,110,100,101,114,0,0,0,0,0,0,0
1587472149,2436,99,111,109,109,97,110,100,101,114,95,108,111,119,95,112,114
1587472164,428,112,120,52,105,111,0,0,0,0,0,0,0,0,0,0,0
1588473239,684,109,97,118,108,105,110,107,95,105,102,48,0,0,0,0,0
1588473263,1020,109,97,118,108,105,110,107,95,114,99,118,95,105,102,48,0
1589474155,660,109,97,118,108,105,110,107,95,105,102,49,0,0,0,0,0
1589474185,1332,109,97,118,108,105,110,107,95,114,99,118,95,105,102,49,0
1590477547,324,108,111,103,95,119,114,105,116,101,114,95,102,105,108,101,0
1590477566,508,108,111,103,103,101,114,0,0,0,0,0,0,0,0,0,0
1591479141,1468,101,107,102,50,0,0,0,0,0,0,0,0,0,0,0,0
1591479187,460,109,99,95,97,116,116,95,99,111,110,116,114,111,108,0,0
1592482133,780,109,99,95,112,111,115,95,99,111,110,116,114,111,108,0,0
1592482166,1404,100,105,115,112,101,110,115,101,114,0,0,0,0,0,0,0
1593483914,748,110,97,118,105,103,97,116,111,114,0,0,0,0,0,0,0
1593483939,996,110,99,98,0,0,0,0,0,0,0,0,0,0,0,0,0
1594484813,900,104,112,119,111,114,107,0,0,0,0,0,0,0,0,0,0
1594484831,636,108,112,119,111,114,107,0,0,0,0,0,0,0,0,0,0
1595485242,244,105,110,105,116,0,0,0,0,0,0,0,0,0,0,0,0
1595485341,1292,109,97,118,108,105,110,107,95,115,104,101,108,108,0,0,0
1596486524,452,100,97,116,97,109,97,110,0,0,0,0,0,0,0,0,0
1596486539,476,103,112,115,0,0,0,0,0,0,0,0,0,0,0,0,0
1597487767,524,115,101,110,115,111,114,115,0,0,0,0,0,0,0,0,0
1597487780,292,99,111,109,109,97,110,100,101,114,0,0,0,0,0,0,0
1598490103,2436,99,111,109,109,97,110,100,101,114,95,108,111,119,95,112,114
1598490118,428,112,120,52,105,111,0,0,0,0,0,0,0,0,0,0,0
1599492392,684,109,97,118,108,105,110,107,95,105,102,48,0,0,0,0,0
1599492416,1020,109,97,118,108,105,110,107,95,114,99,118,95,105,102,48,0
1600494079,660,109,97,118,108,105,110,107,95,105,102,49,0,0,0,0,0
1600494115,1332,109,97,118,108,105,110,107,95,114,99,118,95,105,102,49,0
1601497156,324,108,111,103,95,119,114,105,116,101,114,95,102,105,108,101,0
1601497174,508,108,111,103,103,101,114,0,0,0,0,0,0,0,0,0,0
1602498795,1468,101,107,102,50,0,0,0,0,0,0,0,0,0,0,0,0
1602498811,460,109,99,95,97,116,116,95,99,111,110,116,114,111,108,0,0
1603500855,780,109,99,95,112,111,115,95,99,111,110,116,114,111,108,0,0
