timestamp,voltage_v,voltage_filtered_v,current_a,current_filtered_a,discharged_mah,remaining,scale,cell_count,connected,system_source,priority,warning
3732757133,45.708073,46.294277,12.540193,4.202177,5532.371,0.48229772,1.0468352,12,1,1,0,0
3733262057,44.864147,46.046726,7.8967724,9.144534,5534.405,0.4528303,1.0496333,12,1,1,0,0
3733754701,45.54473,45.90137,8.961506,8.920221,5535.5947,0.44529706,1.050351,12,1,1,0,0
3734259500,46.36143,45.81211,9.020658,8.940312,5536.8477,0.4441076,1.0504644,12,1,1,0,0
3734764800,45.245274,45.7576,8.754475,8.934492,5538.102,0.4442824,1.0504477,12,1,1,0,0
3735257141,46.170868,45.751625,8.872778,8.9511385,5539.3267,0.45077822,1.0498286,12,1,1,0,0
3735762843,46.36143,45.85623,8.724898,8.981296,5540.5864,0.48091617,1.046966,12,1,1,0,0
3736267686,44.3469,45.268154,57.19984,39.50963,5549.228,0.517056,1.0435537,12,1,1,0,0
3736760513,44.047443,45.00591,45.5765,46.397602,5556.3687,0.56715375,1.0388601,12,1,1,0,0
3737265201,44.619137,44.88242,41.938663,45.165928,5562.61,0.594168,1.0363467,12,1,1,0,0
3737769993,44.537464,44.787613,41.938663,43.34534,5568.503,0.5963281,1.0361462,12,1,1,0,0
3738262765,44.89137,44.824802,41.25842,42.348537,5574.1904,0.6153192,1.0343872,12,1,1,0,0
3738768051,45.163605,44.872272,41.96824,41.99405,5580.0464,0.63409203,1.0326543,12,1,1,0,0
3739272444,45.109158,44.909523,42.678062,41.67364,5585.842,0.64817214,1.0313584,12,1,1,0,0
3739777211,44.455795,44.91688,42.559757,41.8298,5591.7188,0.65707725,1.0305403,12,1,1,0,0
3740270004,45.000263,44.934402,41.90909,42.046894,5597.4966,0.6681864,1.0295218,12,1,1,0,0
3740774690,45.245274,44.93352,41.997818,42.460526,5603.5044,0.6745284,1.0289413,12,1,1,0,0
3741280453,44.700806,44.908855,40.903507,42.63167,5609.52,0.6736879,1.029018,12,1,1,0,0
3741784442,44.537464,44.852085,42.707638,42.761543,5615.525,0.66308683,1.0299891,12,1,1,0,0
3742289274,44.510242,44.829346,42.618908,42.980885,5621.573,0.6592306,1.0303428,12,1,1,0,0
3742782875,45.109158,44.826977,44.452618,43.176205,5627.5093,0.6581894,1.0304383,12,1,1,0,0
3743287539,45.245274,44.80997,41.61333,43.40886,5633.6177,0.6537598,1.0308449,12,1,1,0,0
3743792416,44.292454,44.79715,44.27516,43.764233,5639.788,0.6507216,1.031124,12,1,1,0,0
3744285087,45.13638,44.786602,44.92583,44.073902,5645.8447,0.6507948,1.0311173,12,1,1,0,0
3744789971,44.83692,44.76153,45.31032,44.425255,5652.104,0.6484104,1.0313364,12,1,1,0,0
3745294723,44.455795,44.74542,45.458202,44.954285,5658.453,0.64887935,1.0312934,12,1,1,0,0
3745799525,44.755253,44.74966,45.90184,45.52394,5664.893,0.6543814,1.030788,12,1,1,0,0
3746292415,44.292454,44.705975,42.648487,45.516705,5671.1436,0.63630486,1.0324504,12,1,1,0,0
3746797117,44.238007,44.647087,41.58375,43.94656,5677.1494,0.6063671,1.0352156,12,1,1,0,0
3747302056,44.673584,44.693954,42.678062,42.934242,5683.054,0.60450566,1.035388,12,1,1,0,0
3747806761,44.755253,44.716366,44.748375,42.893593,5689.041,0.60407704,1.0354278,12,1,1,0,0
3748300477,44.700806,44.683342,47.41021,44.40107,5695.264,0.60090387,1.0357219,12,1,1,0,0
3748804487,44.8097,44.640606,47.321484,45.666824,5701.7827,0.5998682,1.0358179,12,1,1,0,0
3749309902,44.56469,44.62131,45.813107,46.504787,5708.391,0.6041634,1.0354198,12,1,1,0,0
3749814789,44.755253,44.599964,42.678062,46.007145,5714.8174,0.608438,1.0350239,12,1,1,0,0
3750307617,44.89137,44.563286,40.93308,45.936253,5721.0825,0.6081959,1.0350462,12,1,1,0,0
3750812451,43.747986,44.56583,41.702057,44.380398,5727.1387,0.60964465,1.0349121,12,1,1,0,0
3751317249,44.700806,44.56261,44.748375,43.543552,5733.1353,0.6074387,1.0351164,12,1,1,0,0
3751809914,44.89137,44.600815,42.589336,43.0733,5738.9937,0.6141716,1.0344933,12,1,1,0,0
3752314715,43.884106,44.620434,41.31757,42.52853,5744.9062,0.61538273,1.0343814,12,1,1,0,0
3752819593,45.05471,44.640163,43.447033,42.516228,5750.8794,0.6174691,1.0341884,12,1,1,0,0
3753324369,44.8097,44.604214,44.65965,43.28573,5757.025,0.6109711,1.0347894,12,1,1,0,0
3753816966,43.639095,44.530464,46.996147,47.182255,5764.0337,0.61112964,1.0347747,12,1,1,0,0
3754321934,44.700806,44.519634,44.334312,46.530613,5770.5034,0.61304754,1.0345973,12,1,1,0,0
3754826694,44.07467,44.530212,44.304737,45.62573,5776.823,0.61373246,1.0345339,12,1,1,0,0
3755319706,45.000263,44.61355,35.905174,37.756,5781.1484,0.59065145,1.0366732,12,1,1,0,0
3755824407,44.18356,44.589134,35.8756,37.02217,5786.2485,0.56723315,1.0388527,12,1,1,0,0
3756329158,44.8097,44.610073,40.814777,38.138603,5791.692,0.5702724,1.0385693,12,1,1,0,0
3756822874,44.18356,44.600544,40.045803,39.239807,5797.185,0.5731828,1.0382981,12,1,1,0,0
3757327649,44.973038,44.595375,42.500607,40.475853,5802.98,0.58007497,1.0376564,12,1,1,0,0
3757832474,44.265232,44.595425,41.22884,41.31337,5808.855,0.5872039,1.0369935,12,1,1,0,0
3758337279,44.755253,44.60585,41.702057,41.572044,5814.7085,0.5938476,1.0363765,12,1,1,0,0
3758842003,44.8097,44.557766,42.20485,41.87717,5820.6084,0.58406746,1.037285,12,1,1,0,0
3759334666,44.31968,44.576183,42.02739,41.88708,5826.341,0.58797926,1.0369214,12,1,1,0,0
3759839577,44.619137,44.57509,41.76121,41.850605,5832.21,0.5878645,1.0369321,12,1,1,0,0
3760344361,44.673584,44.547344,41.347145,41.65614,5838.0376,0.5821483,1.0374634,12,1,1,0,0
3760837252,43.802433,44.490402,56.371716,45.601696,5844.5186,0.58239436,1.0374405,12,1,1,0,0
3761341970,44.537464,44.44515,45.66523,46.724464,5851.307,0.58887976,1.0368377,12,1,1,0,0
3761846855,44.537464,44.482426,43.535767,44.458668,5857.327,0.59399146,1.036363,12,1,1,0,0
3762339593,44.89137,44.494434,34.367226,43.806847,5863.396,0.5958593,1.0361897,12,1,1,0,0
3762845240,44.700806,44.496098,36.496693,41.444286,5869.049,0.5842908,1.0372642,12,1,1,0,0
3763349271,44.83692,44.43886,42.796368,45.096813,5875.7695,0.58296895,1.0373871,12,1,1,0,0
3763842961,44.02022,44.44207,45.813107,45.37501,5881.9917,0.5909184,1.0366484,12,1,1,0,0
3764347413,44.755253,44.465015,46.138447,45.281185,5888.323,0.6004519,1.0357637,12,1,1,0,0
3764852459,44.619137,44.44601,45.5765,45.16572,5894.6484,0.59868187,1.0359279,12,1,1,0,0
3765345002,44.156338,44.495117,39.63174,42.0496,5900.113,0.60018647,1.0357883,12,1,1,0,0
3765849781,44.537464,44.53053,42.293575,40.507526,5905.6333,0.5971691,1.0360682,12,1,1,0,0
3766354789,43.61187,44.5074,42.885094,40.40766,5911.2695,0.58596,1.0371091,12,1,1,0,0
3766859667,44.782475,44.454144,36.467117,42.44598,5917.47,0.57923335,1.0377346,12,1,1,0,0
3767352459,44.59191,44.426228,46.345478,43.081123,5923.3594,0.5777939,1.0378687,12,1,1,0,0
3767857192,44.973038,44.45172,38.271248,41.960426,5929.1865,0.5847403,1.0372224,12,1,1,0,0
3768361994,44.8097,44.465595,40.63732,39.673317,5934.4434,0.57737255,1.0379078,12,1,1,0,0
3768866843,44.374126,44.4658,40.63732,40.314556,5940.158,0.56797826,1.0387832,12,1,1,0,0
3769371589,44.265232,44.45797,41.702057,41.51118,5946.092,0.55530655,1.0399662,12,1,1,0,0
3769865094,44.56469,44.399902,41.140114,42.10432,5951.954,0.5321154,1.0421383,12,1,1,0,0
3770381312,44.129116,44.33865,56.13511,48.621304,5959.2515,0.5280298,1.042522,12,1,1,0,0
3770874033,44.483017,44.2846,50.33823,49.299183,5966.105,0.5261471,1.0426987,12,1,1,0,0
3771379710,44.455795,44.296574,48.060883,48.558605,5972.8667,0.5272757,1.0425928,12,1,1,0,0
3771884435,44.238007,44.380386,35.579838,40.489624,5977.885,0.5168571,1.0435724,12,1,1,0,0
3772389203,44.455795,44.4314,37.11779,38.250553,5983.0103,0.50631183,1.0445658,12,1,1,0,0
3772894114,44.40135,44.42883,41.524597,39.406174,5988.632,0.5046153,1.0447258,12,1,1,0,0
3773386582,44.59191,44.381897,46.46378,44.33346,5995.2397,0.51458067,1.0437866,12,1,1,0,0
3773891467,43.884106,44.29146,50.131195,47.772926,6002.2935,0.5124159,1.0439905,12,1,1,0,0
3774396393,44.537464,44.31414,31.0843,43.412148,6007.9365,0.505003,1.0446892,12,1,1,0,0
3774901182,44.537464,44.393734,39.217678,39.764626,6013.0337,0.5017198,1.044999,12,1,1,0,0
3775405783,44.265232,44.38847,38.892345,39.571114,6018.5576,0.4937443,1.0457522,12,1,1,0,0
3775910697,44.782475,44.399952,40.72605,40.13309,6024.233,0.49704686,1.0454402,12,1,1,0,0
3776403590,43.884106,44.36917,41.4063,41.46047,6030.0483,0.49490598,1.0456425,12,1,1,0,0
3776908449,44.619137,44.385906,43.535767,42.075813,6036.0103,0.50285906,1.0448915,12,1,1,0,0
3777414078,43.720764,44.33687,43.772373,43.11801,6042.1694,0.4937945,1.0457474,12,1,1,0,0
3777918003,42.849617,44.276577,99.99621,45.80985,6048.7056,0.49002048,1.0461042,12,1,1,0,0
3778411962,44.292454,44.21224,51.018475,51.413246,6056.625,0.50146,1.0450234,12,1,1,0,0
3778916466,43.992996,44.146034,44.6005,49.85356,6063.485,0.49347365,1.0457778,12,1,1,0,0
3779421282,44.428574,44.177887,44.097706,47.29477,6069.8633,0.50327253,1.0448525,12,1,1,0,0
3779925905,44.510242,44.210552,44.127285,45.517563,6076.066,0.5102629,1.0441934,12,1,1,0,0
3780418677,44.156338,44.228054,43.8611,44.50574,6082.059,0.51372224,1.0438675,12,1,1,0,0
3780923626,43.992996,44.24059,42.293575,43.96979,6088.1616,0.51496875,1.0437502,12,1,1,0,0
3781428453,43.93855,44.25433,41.4063,43.32916,6094.185,0.5167618,1.0435814,12,1,1,0,0
3781921164,43.884106,44.263344,43.476612,43.341454,6100.1094,0.51738846,1.0435224,12,1,1,0,0
3782425966,44.537464,44.26706,42.796368,43.288685,6106.177,0.51508224,1.0437394,12,1,1,0,0
3782931094,44.292454,44.25291,42.559757,43.2166,6112.234,0.50560766,1.0446322,12,1,1,0,0
3783423514,43.82966,44.239105,43.210426,43.497967,6118.211,0.49694383,1.0454499,12,1,1,0,0
3783928465,44.07467,44.254234,44.127285,43.485622,6124.302,0.49560282,1.0455766,12,1,1,0,0
3784433823,44.483017,44.27181,40.87393,41.806084,6130.038,0.49089864,1.0460212,12,1,1,0,0
3784938741,44.673584,44.32696,38.921917,39.719006,6135.4136,0.48938182,1.0461646,12,1,1,0,0
3785431557,44.537464,44.365597,38.951496,39.15697,6140.7236,0.48734063,1.0463578,12,1,1,0,0
3785936444,43.802433,44.353916,38.537434,38.84758,6146.0903,0.47924417,1.0471244,12,1,1,0,0
3786441260,44.156338,44.342567,43.890675,39.7976,6151.76,0.47927466,1.0471214,12,1,1,0,0
3786945878,44.374126,44.30342,45.280743,42.532345,6157.9824,0.4780477,1.0472378,12,1,1,0,0
3787438806,44.3469,44.273758,42.35273,42.790096,6163.923,0.4757859,1.0474522,12,1,1,0,0
3787943614,44.83692,44.28742,39.42471,40.24777,6169.287,0.48517764,1.0465624,12,1,1,0,0
3788448492,44.673584,44.282818,42.707638,41.19759,6175.1284,0.49548268,1.0455879,12,1,1,0,0
3788941175,43.802433,44.299377,43.151276,42.421955,6181.044,0.5142541,1.0438174,12,1,1,0,0
3789445995,44.238007,44.297264,44.718803,43.534866,6187.2715,0.52843297,1.042484,12,1,1,0,0
3789950890,44.483017,44.289085,40.785202,42.603542,6193.1797,0.5313487,1.0422102,12,1,1,0,0
3790455567,44.156338,44.267117,37.70931,41.042442,6198.8125,0.5233594,1.0429608,12,1,1,0,0
3790960449,44.755253,44.3187,38.50786,39.92529,6204.3037,0.5297362,1.0423617,12,1,1,0,0
3791453380,44.700806,44.36568,39.010647,39.79435,6209.7275,0.53711843,1.0416689,12,1,1,0,0
3791957896,43.557423,44.334682,38.50786,40.260395,6215.414,0.53293544,1.0420613,12,1,1,0,0
3792463642,44.428574,44.333786,39.483864,39.72091,6220.9624,0.5314825,1.0421977,12,1,1,0,0
3792956299,44.700806,44.352253,37.62058,39.652817,6226.413,0.5329388,1.0420611,12,1,1,0,0
3793461503,44.10189,44.311523,46.04972,41.48113,6232.366,0.52987146,1.042349,12,1,1,0,0
3793965989,44.56469,44.27205,44.866684,43.59835,6238.6885,0.5358096,1.0417917,12,1,1,0,0
3794458821,43.965775,44.278713,41.938663,43.869476,6244.7324,0.54527044,1.0409051,12,1,1,0,0
3794963575,43.77521,44.252415,40.104954,42.334263,6250.5337,0.5399038,1.0414078,12,1,1,0,0
3795468376,44.40135,44.26256,38.65574,41.129345,6256.1973,0.5382462,1.0415633,12,1,1,0,0
3795973574,44.374126,44.303703,37.73888,40.151016,6261.7397,0.54257023,1.041158,12,1,1,0,0
3796465883,44.700806,44.335846,40.37114,39.932106,6267.1577,0.54409003,1.0410156,12,1,1,0,0
3796970715,44.537464,44.32331,42.885094,41.20581,6273.075,0.5329617,1.0420588,12,1,1,0,0
3797475701,44.59191,44.281532,40.844353,41.10799,6278.834,0.50883675,1.0443277,12,1,1,0,0
3797968411,44.64636,44.27288,41.642906,41.41746,6284.517,0.49617153,1.0455228,12,1,1,0,0
3798473054,44.18356,44.262817,41.25842,41.69758,6290.402,0.4884691,1.0462509,12,1,1,0,0
3798978061,43.58465,44.233482,44.21601,42.646442,6296.4556,0.4824374,1.046822,12,1,1,0,0
3799482919,44.40135,44.194447,44.718803,43.59505,6302.6777,0.47740984,1.0472982,12,1,1,0,0
3799976459,44.18356,44.17245,44.541344,44.278522,6308.8027,0.4770545,1.0473319,12,1,1,0,0
3800481181,43.82966,44.18882,40.844353,43.579586,6314.871,0.48676866,1.0464119,12,1,1,0,0
3800986043,44.455795,44.21317,41.642906,42.540348,6320.746,0.49553892,1.0455825,12,1,1,0,0
3801490888,44.428574,44.234676,41.08096,41.775585,6326.5,0.503084,1.0448703,12,1,1,0,0
3801995508,43.992996,44.185555,38.892345,41.140675,6332.2173,0.49308324,1.0458146,12,1,1,0,0
3802488410,44.428574,44.176476,42.116116,41.149426,6337.8535,0.49202514,1.0459148,12,1,1,0,0
3802993279,43.69354,44.185516,40.430294,41.15684,6343.626,0.49370614,1.0457557,12,1,1,0,0
3803497967,44.537464,44.212685,43.594913,41.205,6349.4233,0.499663,1.0451931,12,1,1,0,0
3803990713,44.02022,44.208454,43.92025,41.14283,6355.0454,0.4957204,1.0455655,12,1,1,0,0
3804496098,44.02022,44.20275,41.96824,41.99394,6361.024,0.4941164,1.045717,12,1,1,0,0
3805000404,44.210785,44.19698,44.127285,43.080303,6367.184,0.49555624,1.045581,12,1,1,0,0
3805505216,44.537464,44.224216,42.648487,42.442543,6373.1133,0.5016324,1.0450072,12,1,1,0,0
3805998048,43.58465,44.22912,41.199265,41.90664,6378.8022,0.5006665,1.0450984,12,1,1,0,0
3806502868,44.129116,44.18088,42.441456,41.69447,6384.601,0.48869157,1.04623,12,1,1,0,0
3807007676,44.483017,44.197773,41.61333,42.184612,6390.5576,0.49634966,1.045506,12,1,1,0,0
3807500483,43.911327,44.194115,42.796368,42.47402,6396.3843,0.498502,1.0453027,12,1,1,0,0
3808005882,44.700806,44.19853,43.1217,41.859447,6402.2153,0.49932164,1.0452254,12,1,1,0,0
3808510840,44.455795,44.209293,42.559757,41.41771,6407.9624,0.49864462,1.0452893,12,1,1,0,0
3809003564,43.965775,44.200703,44.06813,41.549133,6413.6465,0.49562165,1.0455748,12,1,1,0,0
3809508319,44.07467,44.20755,44.097706,42.486942,6419.658,0.5004247,1.0451212,12,1,1,0,0
3810013194,44.18356,44.135056,46.75954,45.72735,6426.487,0.50100076,1.0450668,12,1,1,0,0
3810506057,44.18356,44.13016,45.783535,45.840252,6432.772,0.5070415,1.044497,12,1,1,0,0
3811010860,44.07467,44.120075,45.54693,45.3517,6439.082,0.5061862,1.0445776,12,1,1,0,0
3811515484,43.666317,44.214703,36.171356,38.05124,6443.7817,0.49330536,1.0457937,12,1,1,0,0
3812008372,44.510242,44.24919,37.32482,37.046978,6448.725,0.48416653,1.0466582,12,1,1,0,0
3812513248,44.428574,44.251205,39.602165,38.01158,6454.1333,0.48389655,1.0466837,12,1,1,0,0
3813017960,43.58465,44.236916,41.96824,39.505985,6459.8096,0.487051,1.0463852,12,1,1,0,0
3813510841,44.047443,44.176605,43.447033,40.955822,6465.556,0.48048055,1.0470072,12,1,1,0,0
3814015691,44.428574,44.1791,43.594913,41.73975,6471.4976,0.48620257,1.0464654,12,1,1,0,0
3814520492,43.747986,44.19648,41.731632,42.36341,6477.5054,0.4935445,1.045771,12,1,1,0,0
3815013268,44.31968,44.197666,44.156857,42.651455,6483.3735,0.49505743,1.0456281,12,1,1,0,0
3815517956,44.265232,44.159115,45.280743,43.03482,6489.411,0.48722303,1.0463688,12,1,1,0,0
3816022887,44.265232,44.154957,44.36389,43.083714,6495.536,0.48858094,1.0462404,12,1,1,0,0
3816516427,44.64636,44.142044,40.6669,44.573547,6501.716,0.47970945,1.0470803,12,1,1,0,0
3817021160,44.3469,44.126236,42.825943,45.118267,6508.071,0.46438068,1.0485346,12,1,1,0,0
3817525960,43.85688,44.087566,47.114452,46.130486,6514.61,0.4578157,1.0491588,12,1,1,0,0
3818018810,43.93855,44.05805,46.138447,46.42149,6521.042,0.45858786,1.0490854,12,1,1,0,0
3818523551,44.31968,44.038845,51.935326,46.797806,6527.5806,0.46039468,1.0489135,12,1,1,0,0
3819028465,44.292454,44.018707,43.26958,47.788742,6534.4883,0.47078383,1.0479267,12,1,1,0,0
3819521211,44.700806,44.062,34.751713,45.363068,6540.508,0.47920877,1.0471277,12,1,1,0,0
3820026011,44.455795,44.097675,34.54468,42.16312,6546.1396,0.4740305,1.0476186,12,1,1,0,0
3820530724,44.483017,44.067257,42.02739,42.57044,6552.1104,0.4668681,1.0482984,12,1,1,0,0
3821023659,44.510242,44.009758,43.299156,47.647705,6559.253,0.4687503,1.0481197,12,1,1,0,0
3821528271,43.666317,44.006424,47.853848,47.675304,6565.9507,0.47201112,1.0478102,12,1,1,0,0
3822033120,44.047443,44.01424,44.718803,46.823284,6572.4424,0.47215885,1.0477962,12,1,1,0,0
3822537892,43.992996,44.002487,44.36389,45.528786,6578.7104,0.46651044,1.0483323,12,1,1,0,0
3823030778,44.428574,44.043266,40.459866,43.095524,6584.3896,0.46811026,1.0481805,12,1,1,0,0
3823535616,44.210785,44.13303,39.957077,38.862926,6589.381,0.46740526,1.0482475,12,1,1,0,0
3824040406,44.483017,44.18702,35.846024,36.926823,6594.447,0.47068164,1.0479363,12,1,1,0,0
3824533910,43.884106,44.19051,37.472702,37.763687,6599.7017,0.4765938,1.0473756,12,1,1,0,0
3825038695,44.238007,44.119232,43.949825,41.781918,6605.8867,0.479563,1.0470941,12,1,1,0,0
3825543599,44.455795,44.13237,39.72047,41.472862,6611.7456,0.49573022,1.0455645,12,1,1,0,0
3826048399,43.557423,44.109463,43.387886,43.439335,6618.0312,0.49893808,1.0452615,12,1,1,0,0
3826541322,44.265232,44.12767,41.554176,40.918957,6623.387,0.4910628,1.0460056,12,1,1,0,0
3827045923,44.455795,44.127277,40.252834,40.989475,6629.1387,0.48062667,1.0469934,12,1,1,0,0
3827550791,43.93855,44.131462,42.796368,41.239662,6634.924,0.4731275,1.0477042,12,1,1,0,0
3828055615,44.18356,44.147873,42.707638,42.07136,6640.892,0.46983358,1.0480169,12,1,1,0,0
3828560344,44.374126,44.08547,48.91858,44.66923,6647.3804,0.4569192,1.049244,12,1,1,0,0
3829053071,43.884106,44.079967,47.498936,44.973682,6653.577,0.45601368,1.0493302,12,1,1,0,0
3829558015,43.666317,44.02307,60.92641,44.428757,6659.712,0.43973306,1.0508817,12,1,1,0,0
3830062943,43.14907,43.989483,54.33098,46.06955,6666.3813,0.44111443,1.0507499,12,1,1,0,0
3830555541,44.047443,43.958862,52.20151,48.415104,6673.3296,0.4471812,1.0501714,12,1,1,0,0
3831060473,43.666317,43.953148,47.114452,47.6219,6679.945,0.447284,1.0501616,12,1,1,0,0
3831565228,43.69354,43.93039,45.60608,46.99001,6686.4834,0.44084865,1.0507753,12,1,1,0,0
3832058018,43.44853,44.04634,37.53185,38.949154,6690.987,0.43917742,1.0509348,12,1,1,0,0
3832563668,44.31968,44.095234,37.354397,37.683296,6696.134,0.43408263,1.0514213,12,1,1,0,0
3833068440,43.666317,44.1212,39.897923,38.735813,6701.6436,0.43726882,1.051117,12,1,1,0,0
3833561125,44.18356,44.11787,41.61333,40.08211,6707.2627,0.4352504,1.0513097,12,1,1,0,0
3834065988,44.374126,44.085567,38.123367,40.930256,6713.0723,0.42629534,1.0521657,12,1,1,0,0
3834570824,43.339638,44.077137,40.903507,42.219658,6719.1167,0.424387,1.0523484,12,1,1,0,0
3835063548,44.210785,44.051697,39.750042,43.119083,6725.1396,0.4182098,1.0529399,12,1,1,0,0
3835568389,43.747986,43.89387,55.129524,51.553905,6733.189,0.40796944,1.0539219,12,1,1,0,0
3836073196,43.39408,43.86706,50.19035,51.509823,6740.453,0.4108156,1.0536488,12,1,1,0,0
3836565919,44.047443,43.84383,49.332645,50.47304,6747.2544,0.4032604,1.0543742,12,1,1,0,0
3837070887,44.07467,43.890736,46.227173,48.123222,6753.7773,0.40922365,1.0538017,12,1,1,0,0
3837575646,44.31968,43.963894,43.299156,45.061893,6759.8257,0.42432988,1.0523539,12,1,1,0,0
3838080468,44.31968,44.013233,44.452618,43.60964,6765.771,0.43739715,1.0511048,12,1,1,0,0
3838585261,43.93855,44.00999,43.1217,43.16195,6771.7783,0.4393127,1.0509219,12,1,1,0,0
3839077896,43.747986,43.99204,42.737213,43.059727,6777.655,0.43914008,1.0509384,12,1,1,0,0
3839582791,44.156338,43.99735,43.151276,42.930973,6783.68,0.44096372,1.0507643,12,1,1,0,0
3840088353,43.77521,44.00396,43.32873,43.11271,6789.7397,0.44004172,1.0508523,12,1,1,0,0
3840592429,43.85688,43.990463,44.156857,43.952538,6795.9873,0.43581328,1.051256,12,1,1,0,0
3841086028,43.93855,43.96406,46.3159,44.504265,6802.1445,0.4293788,1.0518708,12,1,1,0,0
3841590876,43.720764,43.994938,42.796368,44.019367,6808.2725,0.4353383,1.0513014,12,1,1,0,0
3842095583,44.31968,43.99306,42.293575,43.30273,6814.304,0.42988244,1.0518228,12,1,1,0,0
3842588404,44.428574,44.007507,37.443123,41.461987,6819.8506,0.42057413,1.0527134,12,1,1,0,0
3843093162,43.992996,44.01441,35.550262,41.41488,6825.6577,0.4120347,1.0535319,12,1,1,0,0
3843597896,44.18356,43.999,41.731632,40.507515,6831.24,0.40533307,1.0541751,12,1,1,0,0
3844090906,44.265232,44.0267,39.069798,40.216103,6836.7188,0.4125195,1.0534854,12,1,1,0,0
3844595555,44.18356,44.0048,40.104954,41.991314,6842.7935,0.4120845,1.0535271,12,1,1,0,0
3845100308,43.965775,44.01752,49.24392,43.345642,6848.978,0.41914853,1.05285,12,1,1,0,0
3845605384,44.238007,44.008804,39.27683,41.81798,6854.7676,0.42410165,1.0523757,12,1,1,0,0
3846097759,43.69354,44.01608,40.22326,41.166916,6860.2993,0.4328835,1.0515358,12,1,1,0,0
3846602871,43.639095,43.969925,46.197598,42.813828,6866.4385,0.43378618,1.0514497,12,1,1,0,0
3847107583,43.61187,43.964043,45.31032,44.636242,6872.897,0.450159,1.0498877,12,1,1,0,0
3847600458,43.639095,43.948586,43.32873,44.402885,6878.967,0.45779756,1.0491605,12,1,1,0,0
3848105276,43.61187,43.913708,42.559757,43.620033,6885.008,0.4549527,1.0494312,12,1,1,0,0
3848610063,43.93855,43.95955,40.548595,42.696884,6890.898,0.46442923,1.0485301,12,1,1,0,0
3849102830,43.639095,43.975235,42.411877,42.380955,6896.6743,0.46794045,1.0481966,12,1,1,0,0
3849608409,44.210785,44.011665,40.72605,41.591934,6902.443,0.47340995,1.0476775,12,1,1,0,0
3850113222,43.61187,43.989395,38.862766,40.33348,6907.9736,0.46052438,1.0489012,12,1,1,0,0
3850617923,43.82966,44.02249,43.683643,40.35346,6913.6025,0.46482894,1.0484921,12,1,1,0,0
3851110766,44.156338,44.006443,43.624493,41.749325,6919.4087,0.46596882,1.0483838,12,1,1,0,0
3851615706,42.985733,43.92613,47.853848,45.22265,6926.0874,0.4635416,1.0486144,12,1,1,0,0
3852120357,44.156338,43.88298,46.04972,46.279568,6932.7197,0.46658,1.0483258,12,1,1,0,0
3852613200,43.992996,43.853546,45.842686,45.52471,6938.8804,0.4626136,1.0487026,12,1,1,0,0
3853117991,43.230743,43.83351,48.415794,45.911003,6945.322,0.4604096,1.048912,12,1,1,0,0
3853622820,43.911327,43.863113,47.469364,46.553715,6951.9062,0.46667013,1.0483172,12,1,1,0,0
3854128013,44.047443,43.874187,46.700386,46.52253,6958.416,0.45784673,1.0491558,12,1,1,0,0
3854632499,43.747986,43.862267,43.772373,45.468277,6964.6914,0.44208023,1.0506577,12,1,1,0,0
3855125232,43.557423,43.865906,42.589336,44.1353,6970.6143,0.43546835,1.0512888,12,1,1,0,0
3855630158,44.129116,43.919567,42.885094,43.857773,6976.712,0.44843814,1.0500517,12,1,1,0,0
3856134875,43.61187,43.912136,43.654068,44.253002,6982.957,0.45336473,1.0495824,12,1,1,0,0
3856627722,43.85688,43.876484,46.227173,45.710484,6989.346,0.45547232,1.0493817,12,1,1,0,0
3857132433,43.82966,43.857426,47.321484,45.52654,6995.726,0.4565565,1.0492786,12,1,1,0,0
3857637102,43.557423,43.87475,47.498936,45.7971,7002.175,0.4627085,1.0486937,12,1,1,0,0
3858129775,44.265232,43.890472,46.404625,45.651882,7008.4136,0.4666427,1.0483198,12,1,1,0,0
3858635625,43.475754,43.88088,43.772373,45.066624,7014.7017,0.46184447,1.0487757,12,1,1,0,0
3859140453,43.44853,43.896103,44.541344,44.533195,7020.8833,0.46190864,1.0487696,12,1,1,0,0
3859633214,43.666317,43.924446,47.35106,44.035,7026.838,0.4650397,1.048472,12,1,1,0,0
3860137989,43.720764,43.920467,44.36389,43.87234,7032.99,0.46362305,1.0486066,12,1,1,0,0
3860642730,43.666317,43.866707,44.27516,44.589626,7039.3267,0.45400196,1.0495217,12,1,1,0,0
3861135650,44.210785,43.876312,42.707638,44.856693,7045.4966,0.45955172,1.0489937,12,1,1,0,0
3861640287,43.666317,43.858425,44.837105,45.27135,7051.875,0.45964515,1.0489849,12,1,1,0,0
3862145188,44.129116,43.832764,45.044136,45.143627,7058.1997,0.45658237,1.0492761,12,1,1,0,0
3862637784,44.07467,43.85979,43.71322,44.598675,7064.262,0.46369064,1.0486003,12,1,1,0,0
3863142897,44.02022,43.833466,43.26958,44.388115,7070.4746,0.4561122,1.0493208,12,1,1,0,0
3863647576,43.557423,43.846104,44.27516,43.956436,7076.5903,0.45827696,1.049115,12,1,1,0,0
3864152468,43.61187,43.858604,45.044136,43.85039,7082.719,0.46024036,1.0489283,12,1,1,0,0
3864645237,43.992996,43.872482,47.61724,45.206062,7089.0215,0.46691564,1.048294,12,1,1,0,0
3865149953,43.965775,43.874554,47.794697,45.515602,7095.4775,0.4708939,1.0479162,12,1,1,0,0
3865654824,43.36686,43.874657,42.796368,45.187737,7101.796,0.46922746,1.0480744,12,1,1,0,0
3866147529,43.44853,43.853226,42.855515,44.086617,7107.729,0.45637515,1.0492959,12,1,1,0,0
3866652453,43.58465,43.868835,43.624493,43.487865,7113.7573,0.45229673,1.049684,12,1,1,0,0
3867157213,43.884106,43.837986,48.14961,47.35395,7120.819,0.45845684,1.0490978,12,1,1,0,0
3867650814,43.421307,43.81848,44.689224,46.940186,7127.222,0.46051624,1.048902,12,1,1,0,0
3868155463,43.992996,43.8047,45.783535,45.843437,7133.539,0.45814216,1.0491277,12,1,1,0,0
3868660442,43.12185,43.818233,43.092125,44.66519,7139.6875,0.45753306,1.0491856,12,1,1,0,0
3869153057,44.483017,43.944294,33.68698,36.396633,7143.5986,0.44316632,1.0505542,12,1,1,0,0
3869657759,44.3469,43.971992,37.206516,36.641315,7148.7275,0.43797305,1.0510497,12,1,1,0,0
3870162832,43.747986,43.953136,40.578175,38.526134,7154.3013,0.43388987,1.0514398,12,1,1,0,0
3870655692,43.14907,43.92564,44.393463,40.42622,7160.025,0.432578,1.051565,12,1,1,0,0
3871160444,43.992996,43.921707,41.4063,41.19067,7165.8804,0.43910375,1.0509418,12,1,1,0,0
3871665195,44.129116,43.911728,40.459866,41.342022,7171.6895,0.44333494,1.0505381,12,1,1,0,0
3872158004,44.238007,43.906456,41.82036,40.989365,7177.271,0.44687182,1.0502008,12,1,1,0,0
3872662757,44.02022,43.908287,40.282413,41.0551,7183.043,0.4513168,1.0497774,12,1,1,0,0
3873167647,43.747986,43.898254,38.212097,39.96343,7188.539,0.44701764,1.050187,12,1,1,0,0
3873672541,44.156338,43.922535,40.104954,39.419765,7193.995,0.45015267,1.0498883,12,1,1,0,0
3874165213,43.639095,43.959553,56.874508,39.87689,7199.4644,0.46170956,1.0487885,12,1,1,0,0
3874669997,43.557423,43.693295,57.58433,52.263676,7208.4937,0.41684052,1.0530711,12,1,1,0,0
3875174693,43.992996,43.662285,50.45653,52.494217,7215.909,0.40544772,1.054164,12,1,1,0,0
3875680272,43.82966,43.646004,51.373386,51.55754,7223.06,0.39210933,1.0554466,12,1,1,0,0
3876184966,44.047443,43.679688,48.889008,49.86185,7229.8906,0.3925258,1.0554065,12,1,1,0,0
3876678043,43.93855,43.67293,48.090454,48.716133,7236.441,0.3832688,1.0562984,12,1,1,0,0
3877182828,43.339638,43.69688,47.55809,48.304752,7243.1807,0.38538098,1.0560948,12,1,1,0,0
3877687693,43.502975,43.703403,46.877846,47.186794,7249.6943,0.38536376,1.0560963,12,1,1,0,0
3878180830,43.61187,43.725113,45.399048,46.415924,7255.973,0.38995,1.0556545,12,1,1,0,0
3878685288,43.85688,43.75481,46.25675,45.80994,7262.3477,0.39729086,1.054948,12,1,1,0,0
3879189896,43.502975,43.731647,43.387886,45.661663,7268.7485,0.39495367,1.0551728,12,1,1,0,0
3879694842,44.18356,43.756992,43.831524,45.195946,7275.057,0.40039122,1.05465,12,1,1,0,0
3880199741,43.992996,43.745644,43.447033,44.565224,7281.217,0.3920524,1.0554521,12,1,1,0,0
3880692543,43.992996,43.756836,45.428623,44.911415,7287.4155,0.3919093,1.0554658,12,1,1,0,0
3881197174,43.884106,43.768757,45.487774,45.625504,7293.8657,0.38979715,1.0556692,12,1,1,0,0
3881701953,43.61187,43.75661,48.681973,45.491787,7300.1973,0.3819955,1.0564212,12,1,1,0,0
3882194565,42.849617,43.760124,44.304737,44.542557,7306.181,0.37652302,1.0569493,12,1,1,0,0
3882699383,43.666317,43.76498,48.031303,45.29907,7312.5874,0.37670976,1.0569311,12,1,1,0,0
3883204242,44.374126,43.815823,38.271248,42.450626,7318.388,0.3818892,1.0564314,12,1,1,0,0
3883708962,43.58465,43.84514,36.200935,39.103325,7323.5854,0.37330952,1.0572596,12,1,1,0,0
3884201990,43.965775,43.82769,39.513435,40.712536,7329.336,0.3794521,1.0566665,12,1,1,0,0
3884706732,42.82239,43.76298,46.02014,44.60398,7335.79,0.3835171,1.0562744,12,1,1,0,0
3885211641,43.82966,43.728775,47.35106,46.746376,7342.561,0.40092847,1.0545982,12,1,1,0,0
3885716343,43.911327,43.71369,43.92025,46.928883,7349.1885,0.40794253,1.0539246,12,1,1,0,0
3886209168,43.965775,43.71516,46.079292,46.476257,7355.5063,0.40741554,1.0539751,12,1,1,0,0
3886713909,43.911327,43.736385,44.21601,45.47015,7361.7456,0.4015686,1.0545367,12,1,1,0,0
3887218709,43.475754,43.793575,33.864437,39.96215,7366.846,0.3891638,1.0557302,12,1,1,0,0
3887724360,43.802433,43.833603,37.650154,38.134033,7371.949,0.37454715,1.05714,12,1,1,0,0
3888229197,44.156338,43.867844,35.786873,37.631546,7377.178,0.3725971,1.0573283,12,1,1,0,0
3888722085,43.28519,43.877903,40.992233,38.188854,7382.4604,0.3731135,1.0572785,12,1,1,0,0
3889226730,43.666317,43.860798,45.75396,39.253418,7388.0317,0.37305874,1.0572838,12,1,1,0,0
3889731509,43.421307,43.844776,47.321484,42.50493,7394.3076,0.37530398,1.0570669,12,1,1,0,0
3890224331,43.639095,43.786926,46.434204,45.173336,7400.7817,0.36451775,1.0581095,12,1,1,0,0
3890729233,44.047443,43.762936,45.192017,45.351902,7407.185,0.35883054,1.05866,12,1,1,0,0
3891234021,43.339638,43.75855,46.46378,45.126823,7413.4927,0.35958266,1.0585872,12,1,1,0,0
3891738847,43.911327,43.726437,45.16244,45.689205,7419.964,0.35485205,1.0590456,12,1,1,0,0
3892231670,43.992996,43.742493,44.98498,45.512264,7426.189,0.36333162,1.0582243,12,1,1,0,0
3892736376,42.82239,43.74895,45.31032,45.447304,7432.5454,0.3700958,1.0575701,12,1,1,0,0
3893241272,43.58465,43.732204,44.748375,45.155243,7438.853,0.37226695,1.0573603,12,1,1,0,0
3893734002,42.90406,43.680176,110.5844,47.04109,7445.328,0.37623125,1.0569774,12,1,1,0,0
3894238767,44.31968,43.657097,25.583178,47.408726,7452.6357,0.38789064,1.0558529,12,1,1,0,0
3894743475,44.129116,43.70087,39.690895,45.08945,7458.567,0.37571597,1.0570271,12,1,1,0,0
3895248382,43.58465,43.758293,41.08096,42.657215,7464.2793,0.397269,1.0549501,12,1,1,0,0
3895753208,43.992996,43.78875,42.648487,41.979736,7470.0835,0.41572025,1.0531785,12,1,1,0,0
3896245770,44.02022,43.779068,40.992233,41.669655,7475.759,0.42243052,1.0525357,12,1,1,0,0
3896752000,43.93855,43.789722,41.28799,41.79786,7481.6533,0.4304003,1.0517732,12,1,1,0,0
3897256335,43.312412,43.791687,42.116116,42.25214,7487.6016,0.4336849,1.0514593,12,1,1,0,0
3897749273,44.18356,43.77537,42.086544,42.54172,7493.4575,0.43109322,1.0517069,12,1,1,0,0
3898253893,44.10189,43.745823,42.3823,42.55077,7499.4297,0.42350253,1.052433,12,1,1,0,0
3898758812,44.18356,43.72395,39.897923,41.983963,7505.28,0.41644552,1.0531089,12,1,1,0,0
3899251561,43.421307,43.77096,41.051384,41.077717,7510.807,0.42292872,1.052488,12,1,1,0,0
3899756281,43.77521,43.790264,41.702057,41.01477,7516.5293,0.4257174,1.0522211,12,1,1,0,0
3900261223,43.93855,43.806393,40.16411,41.410202,7522.3877,0.43095955,1.0517197,12,1,1,0,0
3900754301,43.85688,43.814793,40.87393,41.365997,7528.0527,0.43279564,1.0515443,12,1,1,0,0
3901258821,43.094627,43.8153,42.441456,41.540718,7533.8823,0.431485,1.0516695,12,1,1,0,0
3901764002,44.129116,43.7934,44.92583,42.0317,7539.8213,0.42645732,1.0521502,12,1,1,0,0
3902268382,43.639095,43.790974,42.441456,42.253654,7545.779,0.42662445,1.0521343,12,1,1,0,0
3902761352,43.93855,43.79342,40.844353,41.769024,7551.4556,0.42478707,1.0523101,12,1,1,0,0
3903265968,43.93855,43.784477,40.252834,41.095573,7557.15,0.41894668,1.0528693,12,1,1,0,0
3903770817,43.85688,43.794254,38.803616,40.71922,7562.8306,0.41907695,1.0528568,12,1,1,0,0
3904275416,43.639095,43.800407,39.57259,40.97861,7568.5913,0.4220481,1.0525723,12,1,1,0,0
3904768482,44.156338,43.830048,42.737213,41.558098,7574.341,0.4329686,1.0515277,12,1,1,0,0
3905273493,43.666317,43.75051,43.41746,42.319912,7580.3306,0.41861016,1.0529015,12,1,1,0,0
3905778041,44.047443,43.776276,42.737213,42.357536,7586.2754,0.42689896,1.052108,12,1,1,0,0
3906271585,43.502975,43.762516,43.06255,42.53224,7592.1284,0.4252293,1.0522678,12,1,1,0,0
3906776397,43.720764,43.768105,44.98498,42.45106,7598.061,0.4273433,1.0520655,12,1,1,0,0
3907280373,43.012955,43.742687,43.240005,43.053856,7604.1436,0.42487663,1.0523015,12,1,1,0,0
3907773782,43.965775,43.725655,44.18643,43.40301,7610.1436,0.424917,1.0522977,12,1,1,0,0
3908278767,43.720764,43.740612,39.306404,42.789238,7616.1133,0.42796317,1.0520062,12,1,1,0,0
3908783677,43.884106,43.76395,39.36556,41.21853,7621.7437,0.42558688,1.0522336,12,1,1,0,0
3909288364,43.421307,43.792458,40.37114,39.882423,7627.1904,0.42029,1.0527406,12,1,1,0,0
3909781203,44.210785,43.8142,36.733303,38.410088,7632.31,0.40797052,1.0539218,12,1,1,0,0
3910285893,45.000263,43.90519,0.0,31.086302,7636.1226,0.3773985,1.0568646,12,1,1,0,0
3910790707,45.081932,44.225006,0.0,13.306523,7636.1226,0.363518,1.0582062,12,1,1,0,0
3911283597,44.864147,44.455544,0.0,5.8121133,7636.1226,0.36051345,1.0584971,12,1,1,0,0
3911788762,45.109158,44.61553,0.0,2.487881,7636.1226,0.3224052,1.0621998,12,1,1,0,0
3912293101,45.081932,44.710632,0.0,1.0649399,7636.1226,0.29194307,1.0651784,12,1,1,0,0
3912785778,44.700806,44.73631,0.0,0.4651516,7636.1226,0.26391017,1.0679342,12,1,1,0,0
3913290874,45.190826,44.819,0.0,0.19910862,7636.1226,0.22587654,1.071696,12,1,1,0,0
3913795535,45.245274,44.90647,0.0,0.08522863,7636.1226,0.20327283,1.0739442,12,1,1,0,0
