timestamp,flag_armed,flag_external_manual_override_ok,flag_system_hil_enabled,flag_control_manual_enabled,flag_control_auto_enabled,flag_control_offboard_enabled,flag_control_rates_enabled,flag_control_attitude_enabled,flag_control_rattitude_enabled,flag_control_force_enabled,flag_control_acceleration_enabled,flag_control_velocity_enabled,flag_control_position_enabled,flag_control_altitude_enabled,flag_control_climb_rate_enabled,flag_control_termination_enabled,flag_control_fixed_hdg_enabled
3732430089,1,0,0,1,0,0,1,1,0,0,0,0,0,0,0,0,0
3732788058,1,0,0,1,0,0,1,1,0,0,0,0,0,0,0,0,0
3733023792,1,0,0,1,0,0,1,1,0,0,0,0,0,0,0,0,0
3733251207,1,0,0,1,0,0,1,1,0,0,0,0,0,0,0,0,0
3733484100,1,0,0,1,0,0,1,1,0,0,0,0,0,0,0,0,0
3733712982,1,0,0,1,0,0,1,1,0,0,0,0,0,0,0,0,0
3733956476,1,0,0,1,0,0,1,1,0,0,0,0,0,0,0,0,0
3734196409,1,0,0,1,0,0,1,1,0,0,0,0,0,0,0,0,0
3734434181,1,0,0,1,0,0,1,1,0,0,0,0,0,0,0,0,0
3734674890,1,0,0,1,0,0,1,1,0,0,0,0,0,0,0,0,0
3734914695,1,0,0,1,0,0,1,1,0,0,0,0,0,0,0,0,0
3735154538,1,0,0,1,0,0,1,1,0,0,0,0,0,0,0,0,0
3735387789,1,0,0,1,0,0,1,1,0,0,0,0,0,0,0,0,0
3735615221,1,0,0,1,0,0,1,1,0,0,0,0,0,0,0,0,0
3735768632,1,0,0,1,0,0,1,1,0,0,0,1,1,1,1,0,0
3735868272,1,0,0,0,1,0,1,1,0,0,0,1,1,1,1,0,0
3736096871,1,0,0,0,1,0,1,1,0,0,0,1,1,1,1,0,0
3736337564,1,0,0,0,1,0,1,1,0,0,0,1,1,1,1,0,0
3736577974,1,0,0,0,1,0,1,1,0,0,0,1,1,1,1,0,0
3736821699,1,0,0,0,1,0,1,1,0,0,0,1,1,1,1,0,0
3737062520,1,0,0,0,1,0,1,1,0,0,0,1,1,1,1,0,0
3737302482,1,0,0,0,1,0,1,1,0,0,0,1,1,1,1,0,0
3737542530,1,0,0,0,1,0,1,1,0,0,0,1,1,1,1,0,0
3737787339,1,0,0,0,1,0,1,1,0,0,0,1,1,1,1,0,0
3738027372,1,0,0,0,1,0,1,1,0,0,0,1,1,1,1,0,0
3738268167,1,0,0,0,1,0,1,1,0,0,0,1,1,1,1,0,0
3738502169,1,0,0,0,1,0,1,1,0,0,0,1,1,1,1,0,0
3738746279,1,0,0,0,1,0,1,1,0,0,0,1,1,1,1,0,0
3738987095,1,0,0,0,1,0,1,1,0,0,0,1,1,1,1,0,0
3739226090,1,0,0,0,1,0,1,1,0,0,0,1,1,1,1,0,0
3739463666,1,0,0,0,1,0,1,1,0,0,0,1,1,1,1,0,0
3739702165,1,0,0,0,1,0,1,1,0,0,0,1,1,1,1,0,0
3739939956,1,0,0,0,1,0,1,1,0,0,0,1,1,1,1,0,0
3740180847,1,0,0,0,1,0,1,1,0,0,0,1,1,1,1,0,0
3740419970,1,0,0,0,1,0,1,1,0,0,0,1,1,1,1,0,0
3740660848,1,0,0,0,1,0,1,1,0,0,0,1,1,1,1,0,0
3740892707,1,0,0,0,1,0,1,1,0,0,0,1,1,1,1,0,0
3741133323,1,0,0,0,1,0,1,1,0,0,0,1,1,1,1,0,0
3741370532,1,0,0,0,1,0,1,1,0,0,0,1,1,1,1,0,0
3741610904,1,0,0,0,1,0,1,1,0,0,0,1,1,1,1,0,0
3741854420,1,0,0,0,1,0,1,1,0,0,0,1,1,1,1,0,0
3742094679,1,0,0,0,1,0,1,1,0,0,0,1,1,1,1,0,0
3742336916,1,0,0,0,1,0,1,1,0,0,0,1,1,1,1,0,0
3742575487,1,0,0,0,1,0,1,1,0,0,0,1,1,1,1,0,0
3742820087,1,0,0,0,1,0,1,1,0,0,0,1,1,1,1,0,0
3743052079,1,0,0,0,1,0,1,1,0,0,0,1,1,1,1,0,0
3743284670,1,0,0,0,1,0,1,1,0,0,0,1,1,1,1,0,0
3743524548,1,0,0,0,1,0,1,1,0,0,0,1,1,1,1,0,0
3743765372,1,0,0,0,1,0,1,1,0,0,0,1,1,1,1,0,0
3744010357,1,0,0,0,1,0,1,1,0,0,0,1,1,1,1,0,0
3744255364,1,0,0,0,1,0,1,1,0,0,0,1,1,1,1,0,0
3744495877,1,0,0,0,1,0,1,1,0,0,0,1,1,1,1,0,0
3744736073,1,0,0,0,1,0,1,1,0,0,0,1,1,1,1,0,0
3744973159,1,0,0,0,1,0,1,1,0,0,0,1,1,1,1,0,0
3745212831,1,0,0,0,1,0,1,1,0,0,0,1,1,1,1,0,0
3745444934,1,0,0,0,1,0,1,1,0,0,0,1,1,1,1,0,0
3745680936,1,0,0,0,1,0,1,1,0,0,0,1,1,1,1,0,0
3745921580,1,0,0,0,1,0,1,1,0,0,0,1,1,1,1,0,0
3746162019,1,0,0,0,1,0,1,1,0,0,0,1,1,1,1,0,0
3746401704,1,0,0,0,1,0,1,1,0,0,0,1,1,1,1,0,0
3746642461,1,0,0,0,1,0,1,1,0,0,0,1,1,1,1,0,0
3746882891,1,0,0,0,1,0,1,1,0,0,0,1,1,1,1,0,0
3747123304,1,0,0,0,1,0,1,1,0,0,0,1,1,1,1,0,0
3747367598,1,0,0,0,1,0,1,1,0,0,0,1,1,1,1,0,0
3747608562,1,0,0,0,1,0,1,1,0,0,0,1,1,1,1,0,0
3747844376,1,0,0,0,1,0,1,1,0,0,0,1,1,1,1,0,0
3748093324,1,0,0,0,1,0,1,1,0,0,0,1,1,1,1,0,0
3748338063,1,0,0,0,1,0,1,1,0,0,0,1,1,1,1,0,0
3748590868,1,0,0,0,1,0,1,1,0,0,0,1,1,1,1,0,0
3748838449,1,0,0,0,1,0,1,1,0,0,0,1,1,1,1,0,0
3749087536,1,0,0,0,1,0,1,1,0,0,0,1,1,1,1,0,0
3749331198,1,0,0,0,1,0,1,1,0,0,0,1,1,1,1,0,0
3749571783,1,0,0,0,1,0,1,1,0,0,0,1,1,1,1,0,0
3749817153,1,0,0,0,1,0,1,1,0,0,0,1,1,1,1,0,0
3750060457,1,0,0,0,1,0,1,1,0,0,0,1,1,1,1,0,0
3750308978,1,0,0,0,1,0,1,1,0,0,0,1,1,1,1,0,0
3750556946,1,0,0,0,1,0,1,1,0,0,0,1,1,1,1,0,0
3750802663,1,0,0,0,1,0,1,1,0,0,0,1,1,1,1,0,0
3751042151,1,0,0,0,1,0,1,1,0,0,0,1,1,1,1,0,0
3751286942,1,0,0,0,1,0,1,1,0,0,0,1,1,1,1,0,0
3751535387,1,0,0,0,1,0,1,1,0,0,0,1,1,1,1,0,0
3751787151,1,0,0,0,1,0,1,1,0,0,0,1,1,1,1,0,0
3752035521,1,0,0,0,1,0,1,1,0,0,0,1,1,1,1,0,0
3752284590,1,0,0,0,1,0,1,1,0,0,0,1,1,1,1,0,0
3752524829,1,0,0,0,1,0,1,1,0,0,0,1,1,1,1,0,0
3752773872,1,0,0,0,1,0,1,1,0,0,0,1,1,1,1,0,0
3753018803,1,0,0,0,1,0,1,1,0,0,0,1,1,1,1,0,0
3753258178,1,0,0,0,1,0,1,1,0,0,0,1,1,1,1,0,0
3753498182,1,0,0,0,1,0,1,1,0,0,0,1,1,1,1,0,0
3753738683,1,0,0,0,1,0,1,1,0,0,0,1,1,1,1,0,0
3753983742,1,0,0,0,1,0,1,1,0,0,0,1,1,1,1,0,0
3754223924,1,0,0,0,1,0,1,1,0,0,0,1,1,1,1,0,0
3754463978,1,0,0,0,1,0,1,1,0,0,0,1,1,1,1,0,0
3754700269,1,0,0,0,1,0,1,1,0,0,0,1,1,1,1,0,0
3754936713,1,0,0,0,1,0,1,1,0,0,0,1,1,1,1,0,0
3755177618,1,0,0,0,1,0,1,1,0,0,0,1,1,1,1,0,0
3755422825,1,0,0,0,1,0,1,1,0,0,0,1,1,1,1,0,0
3755662538,1,0,0,0,1,0,1,1,0,0,0,1,1,1,1,0,0
3755903727,1,0,0,0,1,0,1,1,0,0,0,1,1,1,1,0,0
3756143206,1,0,0,0,1,0,1,1,0,0,0,1,1,1,1,0,0
3756381348,1,0,0,0,1,0,1,1,0,0,0,1,1,1,1,0,0
3756619628,1,0,0,0,1,0,1,1,0,0,0,1,1,1,1,0,0
3756860512,1,0,0,0,1,0,1,1,0,0,0,1,1,1,1,0,0
3757100147,1,0,0,0,1,0,1,1,0,0,0,1,1,1,1,0,0
3757341148,1,0,0,0,1,0,1,1,0,0,0,1,1,1,1,0,0
3757581531,1,0,0,0,1,0,1,1,0,0,0,1,1,1,1,0,0
3757821993,1,0,0,0,1,0,1,1,0,0,0,1,1,1,1,0,0
3758061910,1,0,0,0,1,0,1,1,0,0,0,1,1,1,1,0,0
3758299545,1,0,0,0,1,0,1,1,0,0,0,1,1,1,1,0,0
3758539807,1,0,0,0,1,0,1,1,0,0,0,1,1,1,1,0,0
3758780097,1,0,0,0,1,0,1,1,0,0,0,1,1,1,1,0,0
3759020149,1,0,0,0,1,0,1,1,0,0,0,1,1,1,1,0,0
3759257914,1,0,0,0,1,0,1,1,0,0,0,1,1,1,1,0,0
3759497153,1,0,0,0,1,0,1,1,0,0,0,1,1,1,1,0,0
3759737677,1,0,0,0,1,0,1,1,0,0,0,1,1,1,1,0,0
3759977764,1,0,0,0,1,0,1,1,0,0,0,1,1,1,1,0,0
3760222417,1,0,0,0,1,0,1,1,0,0,0,1,1,1,1,0,0
3760461756,1,0,0,0,1,0,1,1,0,0,0,1,1,1,1,0,0
3760702988,1,0,0,0,1,0,1,1,0,0,0,1,1,1,1,0,0
3760943177,1,0,0,0,1,0,1,1,0,0,0,1,1,1,1,0,0
3761183536,1,0,0,0,1,0,1,1,0,0,0,1,1,1,1,0,0
3761423501,1,0,0,0,1,0,1,1,0,0,0,1,1,1,1,0,0
3761669474,1,0,0,0,1,0,1,1,0,0,0,1,1,1,1,0,0
3761908441,1,0,0,0,1,0,1,1,0,0,0,1,1,1,1,0,0
3762146144,1,0,0,0,1,0,1,1,0,0,0,1,1,1,1,0,0
3762386174,1,0,0,0,1,0,1,1,0,0,0,1,1,1,1,0,0
3762626462,1,0,0,0,1,0,1,1,0,0,0,1,1,1,1,0,0
3762867469,1,0,0,0,1,0,1,1,0,0,0,1,1,1,1,0,0
3763107733,1,0,0,0,1,0,1,1,0,0,0,1,1,1,1,0,0
3763347916,1,0,0,0,1,0,1,1,0,0,0,1,1,1,1,0,0
3763592137,1,0,0,0,1,0,1,1,0,0,0,1,1,1,1,0,0
3763840949,1,0,0,0,1,0,1,1,0,0,0,1,1,1,1,0,0
3764088833,1,0,0,0,1,0,1,1,0,0,0,1,1,1,1,0,0
3764332944,1,0,0,0,1,0,1,1,0,0,0,1,1,1,1,0,0
3764577788,1,0,0,0,1,0,1,1,0,0,0,1,1,1,1,0,0
3764826703,1,0,0,0,1,0,1,1,0,0,0,1,1,1,1,0,0
3765066817,1,0,0,0,1,0,1,1,0,0,0,1,1,1,1,0,0
3765307208,1,0,0,0,1,0,1,1,0,0,0,1,1,1,1,0,0
3765547156,1,0,0,0,1,0,1,1,0,0,0,1,1,1,1,0,0
3765783488,1,0,0,0,1,0,1,1,0,0,0,1,1,1,1,0,0
3766031902,1,0,0,0,1,0,1,1,0,0,0,1,1,1,1,0,0
3766280303,1,0,0,0,1,0,1,1,0,0,0,1,1,1,1,0,0
3766520903,1,0,0,0,1,0,1,1,0,0,0,1,1,1,1,0,0
3766769542,1,0,0,0,1,0,1,1,0,0,0,1,1,1,1,0,0
3767014173,1,0,0,0,1,0,1,1,0,0,0,1,1,1,1,0,0
3767254380,1,0,0,0,1,0,1,1,0,0,0,1,1,1,1,0,0
3767498577,1,0,0,0,1,0,1,1,0,0,0,1,1,1,1,0,0
3767739495,1,0,0,0,1,0,1,1,0,0,0,1,1,1,1,0,0
3767982718,1,0,0,0,1,0,1,1,0,0,0,1,1,1,1,0,0
3768227735,1,0,0,0,1,0,1,1,0,0,0,1,1,1,1,0,0
3768468326,1,0,0,0,1,0,1,1,0,0,0,1,1,1,1,0,0
3768720971,1,0,0,0,1,0,1,1,0,0,0,1,1,1,1,0,0
3768965246,1,0,0,0,1,0,1,1,0,0,0,1,1,1,1,0,0
3769205185,1,0,0,0,1,0,1,1,0,0,0,1,1,1,1,0,0
3769445749,1,0,0,0,1,0,1,1,0,0,0,1,1,1,1,0,0
3769694134,1,0,0,0,1,0,1,1,0,0,0,1,1,1,1,0,0
3769934380,1,0,0,0,1,0,1,1,0,0,0,1,1,1,1,0,0
3770182799,1,0,0,0,1,0,1,1,0,0,0,1,1,1,1,0,0
3770420507,1,0,0,0,1,0,1,1,0,0,0,1,1,1,1,0,0
3770659914,1,0,0,0,1,0,1,1,0,0,0,1,1,1,1,0,0
3770908969,1,0,0,0,1,0,1,1,0,0,0,1,1,1,1,0,0
3771160095,1,0,0,0,1,0,1,1,0,0,0,1,1,1,1,0,0
3771406452,1,0,0,0,1,0,1,1,0,0,0,1,1,1,1,0,0
3771653876,1,0,0,0,1,0,1,1,0,0,0,1,1,1,1,0,0
3771898888,1,0,0,0,1,0,1,1,0,0,0,1,1,1,1,0,0
3772146420,1,0,0,0,1,0,1,1,0,0,0,1,1,1,1,0,0
3772391257,1,0,0,0,1,0,1,1,0,0,0,1,1,1,1,0,0
3772635373,1,0,0,0,1,0,1,1,0,0,0,1,1,1,1,0,0
3772884028,1,0,0,0,1,0,1,1,0,0,0,1,1,1,1,0,0
3773124029,1,0,0,0,1,0,1,1,0,0,0,1,1,1,1,0,0
3773368532,1,0,0,0,1,0,1,1,0,0,0,1,1,1,1,0,0
3773609284,1,0,0,0,1,0,1,1,0,0,0,1,1,1,1,0,0
3773853285,1,0,0,0,1,0,1,1,0,0,0,1,1,1,1,0,0
3774098318,1,0,0,0,1,0,1,1,0,0,0,1,1,1,1,0,0
3774341844,1,0,0,0,1,0,1,1,0,0,0,1,1,1,1,0,0
3774586570,1,0,0,0,1,0,1,1,0,0,0,1,1,1,1,0,0
3774822919,1,0,0,0,1,0,1,1,0,0,0,1,1,1,1,0,0
3775062379,1,0,0,0,1,0,1,1,0,0,0,1,1,1,1,0,0
3775304478,1,0,0,0,1,0,1,1,0,0,0,1,1,1,1,0,0
3775544742,1,0,0,0,1,0,1,1,0,0,0,1,1,1,1,0,0
3775779973,1,0,0,0,1,0,1,1,0,0,0,1,1,1,1,0,0
3776017601,1,0,0,0,1,0,1,1,0,0,0,1,1,1,1,0,0
3776258042,1,0,0,0,1,0,1,1,0,0,0,1,1,1,1,0,0
3776501674,1,0,0,0,1,0,1,1,0,0,0,1,1,1,1,0,0
3776741900,1,0,0,0,1,0,1,1,0,0,0,1,1,1,1,0,0
3776983256,1,0,0,0,1,0,1,1,0,0,0,1,1,1,1,0,0
3777223239,1,0,0,0,1,0,1,1,0,0,0,1,1,1,1,0,0
3777463968,1,0,0,0,1,0,1,1,0,0,0,1,1,1,1,0,0
3777704144,1,0,0,0,1,0,1,1,0,0,0,1,1,1,1,0,0
3777944190,1,0,0,0,1,0,1,1,0,0,0,1,1,1,1,0,0
3778184090,1,0,0,0,1,0,1,1,0,0,0,1,1,1,1,0,0
3778424986,1,0,0,0,1,0,1,1,0,0,0,1,1,1,1,0,0
3778665220,1,0,0,0,1,0,1,1,0,0,0,1,1,1,1,0,0
3778906103,1,0,0,0,1,0,1,1,0,0,0,1,1,1,1,0,0
3779146199,1,0,0,0,1,0,1,1,0,0,0,1,1,1,1,0,0
3779386540,1,0,0,0,1,0,1,1,0,0,0,1,1,1,1,0,0
3779626511,1,0,0,0,1,0,1,1,0,0,0,1,1,1,1,0,0
3779867646,1,0,0,0,1,0,1,1,0,0,0,1,1,1,1,0,0
3780107523,1,0,0,0,1,0,1,1,0,0,0,1,1,1,1,0,0
3780348506,1,0,0,0,1,0,1,1,0,0,0,1,1,1,1,0,0
3780588295,1,0,0,0,1,0,1,1,0,0,0,1,1,1,1,0,0
3780829211,1,0,0,0,1,0,1,1,0,0,0,1,1,1,1,0,0
3781068945,1,0,0,0,1,0,1,1,0,0,0,1,1,1,1,0,0
3781310092,1,0,0,0,1,0,1,1,0,0,0,1,1,1,1,0,0
3781549999,1,0,0,0,1,0,1,1,0,0,0,1,1,1,1,0,0
3781786948,1,0,0,0,1,0,1,1,0,0,0,1,1,1,1,0,0
3782027639,1,0,0,0,1,0,1,1,0,0,0,1,1,1,1,0,0
3782267506,1,0,0,0,1,0,1,1,0,0,0,1,1,1,1,0,0
3782507252,1,0,0,0,1,0,1,1,0,0,0,1,1,1,1,0,0
3782745230,1,0,0,0,1,0,1,1,0,0,0,1,1,1,1,0,0
3782977317,1,0,0,0,1,0,1,1,0,0,0,1,1,1,1,0,0
3783220745,1,0,0,0,1,0,1,1,0,0,0,1,1,1,1,0,0
3783461271,1,0,0,0,1,0,1,1,0,0,0,1,1,1,1,0,0
3783702107,1,0,0,0,1,0,1,1,0,0,0,1,1,1,1,0,0
3783941732,1,0,0,0,1,0,1,1,0,0,0,1,1,1,1,0,0
3784187217,1,0,0,0,1,0,1,1,0,0,0,1,1,1,1,0,0
3784425153,1,0,0,0,1,0,1,1,0,0,0,1,1,1,1,0,0
3784663543,1,0,0,0,1,0,1,1,0,0,0,1,1,1,1,0,0
3784903630,1,0,0,0,1,0,1,1,0,0,0,1,1,1,1,0,0
3785137250,1,0,0,0,1,0,1,1,0,0,0,1,1,1,1,0,0
3785376742,1,0,0,0,1,0,1,1,0,0,0,1,1,1,1,0,0
3785617492,1,0,0,0,1,0,1,1,0,0,0,1,1,1,1,0,0
3785854087,1,0,0,0,1,0,1,1,0,0,0,1,1,1,1,0,0
3786093766,1,0,0,0,1,0,1,1,0,0,0,1,1,1,1,0,0
3786334153,1,0,0,0,1,0,1,1,0,0,0,1,1,1,1,0,0
3786574441,1,0,0,0,1,0,1,1,0,0,0,1,1,1,1,0,0
3786815890,1,0,0,0,1,0,1,1,0,0,0,1,1,1,1,0,0
3787056088,1,0,0,0,1,0,1,1,0,0,0,1,1,1,1,0,0
3787292160,1,0,0,0,1,0,1,1,0,0,0,1,1,1,1,0,0
3787532141,1,0,0,0,1,0,1,1,0,0,0,1,1,1,1,0,0
3787773468,1,0,0,0,1,0,1,1,0,0,0,1,1,1,1,0,0
3788013854,1,0,0,0,1,0,1,1,0,0,0,1,1,1,1,0,0
3788262732,1,0,0,0,1,0,1,1,0,0,0,1,1,1,1,0,0
3788502016,1,0,0,0,1,0,1,1,0,0,0,1,1,1,1,0,0
3788754481,1,0,0,0,1,0,1,1,0,0,0,1,1,1,1,0,0
3788999966,1,0,0,0,1,0,1,1,0,0,0,1,1,1,1,0,0
3789240051,1,0,0,0,1,0,1,1,0,0,0,1,1,1,1,0,0
3789480303,1,0,0,0,1,0,1,1,0,0,0,1,1,1,1,0,0
3789720596,1,0,0,0,1,0,1,1,0,0,0,1,1,1,1,0,0
3789961138,1,0,0,0,1,0,1,1,0,0,0,1,1,1,1,0,0
3790201741,1,0,0,0,1,0,1,1,0,0,0,1,1,1,1,0,0
3790441493,1,0,0,0,1,0,1,1,0,0,0,1,1,1,1,0,0
3790691236,1,0,0,0,1,0,1,1,0,0,0,1,1,1,1,0,0
3790930776,1,0,0,0,1,0,1,1,0,0,0,1,1,1,1,0,0
3791166458,1,0,0,0,1,0,1,1,0,0,0,1,1,1,1,0,0
3791411524,1,0,0,0,1,0,1,1,0,0,0,1,1,1,1,0,0
3791659670,1,0,0,0,1,0,1,1,0,0,0,1,1,1,1,0,0
3791907920,1,0,0,0,1,0,1,1,0,0,0,1,1,1,1,0,0
3792153126,1,0,0,0,1,0,1,1,0,0,0,1,1,1,1,0,0
3792392738,1,0,0,0,1,0,1,1,0,0,0,1,1,1,1,0,0
3792634272,1,0,0,0,1,0,1,1,0,0,0,1,1,1,1,0,0
3792881508,1,0,0,0,1,0,1,1,0,0,0,1,1,1,1,0,0
3793125976,1,0,0,0,1,0,1,1,0,0,0,1,1,1,1,0,0
3793370355,1,0,0,0,1,0,1,1,0,0,0,1,1,1,1,0,0
3793611203,1,0,0,0,1,0,1,1,0,0,0,1,1,1,1,0,0
3793863515,1,0,0,0,1,0,1,1,0,0,0,1,1,1,1,0,0
3794107997,1,0,0,0,1,0,1,1,0,0,0,1,1,1,1,0,0
3794347929,1,0,0,0,1,0,1,1,0,0,0,1,1,1,1,0,0
3794589314,1,0,0,0,1,0,1,1,0,0,0,1,1,1,1,0,0
3794836881,1,0,0,0,1,0,1,1,0,0,0,1,1,1,1,0,0
3795081607,1,0,0,0,1,0,1,1,0,0,0,1,1,1,1,0,0
3795326771,1,0,0,0,1,0,1,1,0,0,0,1,1,1,1,0,0
3795570470,1,0,0,0,1,0,1,1,0,0,0,1,1,1,1,0,0
3795814398,1,0,0,0,1,0,1,1,0,0,0,1,1,1,1,0,0
3796059092,1,0,0,0,1,0,1,1,0,0,0,1,1,1,1,0,0
3796307688,1,0,0,0,1,0,1,1,0,0,0,1,1,1,1,0,0
3796555914,1,0,0,0,1,0,1,1,0,0,0,1,1,1,1,0,0
3796800970,1,0,0,0,1,0,1,1,0,0,0,1,1,1,1,0,0
3797049137,1,0,0,0,1,0,1,1,0,0,0,1,1,1,1,0,0
3797289551,1,0,0,0,1,0,1,1,0,0,0,1,1,1,1,0,0
3797534399,1,0,0,0,1,0,1,1,0,0,0,1,1,1,1,0,0
3797773780,1,0,0,0,1,0,1,1,0,0,0,1,1,1,1,0,0
3798018429,1,0,0,0,1,0,1,1,0,0,0,1,1,1,1,0,0
3798259569,1,0,0,0,1,0,1,1,0,0,0,1,1,1,1,0,0
3798503609,1,0,0,0,1,0,1,1,0,0,0,1,1,1,1,0,0
3798739460,1,0,0,0,1,0,1,1,0,0,0,1,1,1,1,0,0
3798987507,1,0,0,0,1,0,1,1,0,0,0,1,1,1,1,0,0
3799228388,1,0,0,0,1,0,1,1,0,0,0,1,1,1,1,0,0
3799464692,1,0,0,0,1,0,1,1,0,0,0,1,1,1,1,0,0
3799713490,1,0,0,0,1,0,1,1,0,0,0,1,1,1,1,0,0
3799961691,1,0,0,0,1,0,1,1,0,0,0,1,1,1,1,0,0
3800210153,1,0,0,0,1,0,1,1,0,0,0,1,1,1,1,0,0
3800450551,1,0,0,0,1,0,1,1,0,0,0,1,1,1,1,0,0
3800686543,1,0,0,0,1,0,1,1,0,0,0,1,1,1,1,0,0
3800934474,1,0,0,0,1,0,1,1,0,0,0,1,1,1,1,0,0
3801172143,1,0,0,0,1,0,1,1,0,0,0,1,1,1,1,0,0
3801421137,1,0,0,0,1,0,1,1,0,0,0,1,1,1,1,0,0
3801658073,1,0,0,0,1,0,1,1,0,0,0,1,1,1,1,0,0
3801905363,1,0,0,0,1,0,1,1,0,0,0,1,1,1,1,0,0
3802145277,1,0,0,0,1,0,1,1,0,0,0,1,1,1,1,0,0
3802386983,1,0,0,0,1,0,1,1,0,0,0,1,1,1,1,0,0
3802629993,1,0,0,0,1,0,1,1,0,0,0,1,1,1,1,0,0
3802867585,1,0,0,0,1,0,1,1,0,0,0,1,1,1,1,0,0
3803107157,1,0,0,0,1,0,1,1,0,0,0,1,1,1,1,0,0
3803347528,1,0,0,0,1,0,1,1,0,0,0,1,1,1,1,0,0
3803587716,1,0,0,0,1,0,1,1,0,0,0,1,1,1,1,0,0
3803828281,1,0,0,0,1,0,1,1,0,0,0,1,1,1,1,0,0
3804068415,1,0,0,0,1,0,1,1,0,0,0,1,1,1,1,0,0
3804308847,1,0,0,0,1,0,1,1,0,0,0,1,1,1,1,0,0
3804549360,1,0,0,0,1,0,1,1,0,0,0,1,1,1,1,0,0
3804790003,1,0,0,0,1,0,1,1,0,0,0,1,1,1,1,0,0
3805030290,1,0,0,0,1,0,1,1,0,0,0,1,1,1,1,0,0
3805270548,1,0,0,0,1,0,1,1,0,0,0,1,1,1,1,0,0
3805510435,1,0,0,0,1,0,1,1,0,0,0,1,1,1,1,0,0
3805748398,1,0,0,0,1,0,1,1,0,0,0,1,1,1,1,0,0
3805991333,1,0,0,0,1,0,1,1,0,0,0,1,1,1,1,0,0
3806232736,1,0,0,0,1,0,1,1,0,0,0,1,1,1,1,0,0
3806467882,1,0,0,0,1,0,1,1,0,0,0,1,1,1,1,0,0
3806705319,1,0,0,0,1,0,1,1,0,0,0,1,1,1,1,0,0
3806945678,1,0,0,0,1,0,1,1,0,0,0,1,1,1,1,0,0
3807186846,1,0,0,0,1,0,1,1,0,0,0,1,1,1,1,0,0
3807426771,1,0,0,0,1,0,1,1,0,0,0,1,1,1,1,0,0
3807667618,1,0,0,0,1,0,1,1,0,0,0,1,1,1,1,0,0
3807907191,1,0,0,0,1,0,1,1,0,0,0,1,1,1,1,0,0
3808147493,1,0,0,0,1,0,1,1,0,0,0,1,1,1,1,0,0
3808387358,1,0,0,0,1,0,1,1,0,0,0,1,1,1,1,0,0
3808632546,1,0,0,0,1,0,1,1,0,0,0,1,1,1,1,0,0
3808873546,1,0,0,0,1,0,1,1,0,0,0,1,1,1,1,0,0
3809114166,1,0,0,0,1,0,1,1,0,0,0,1,1,1,1,0,0
3809354579,1,0,0,0,1,0,1,1,0,0,0,1,1,1,1,0,0
3809594512,1,0,0,0,1,0,1,1,0,0,0,1,1,1,1,0,0
3809834818,1,0,0,0,1,0,1,1,0,0,0,1,1,1,1,0,0
3810071324,1,0,0,0,1,0,1,1,0,0,0,1,1,1,1,0,0
3810311300,1,0,0,0,1,0,1,1,0,0,0,1,1,1,1,0,0
3810552424,1,0,0,0,1,0,1,1,0,0,0,1,1,1,1,0,0
3810792797,1,0,0,0,1,0,1,1,0,0,0,1,1,1,1,0,0
3811024924,1,0,0,0,1,0,1,1,0,0,0,1,1,1,1,0,0
3811260142,1,0,0,0,1,0,1,1,0,0,0,1,1,1,1,0,0
3811497649,1,0,0,0,1,0,1,1,0,0,0,1,1,1,1,0,0
3811739207,1,0,0,0,1,0,1,1,0,0,0,1,1,1,1,0,0
3811978789,1,0,0,0,1,0,1,1,0,0,0,1,1,1,1,0,0
3812222144,1,0,0,0,1,0,1,1,0,0,0,1,1,1,1,0,0
3812462750,1,0,0,0,1,0,1,1,0,0,0,1,1,1,1,0,0
3812702922,1,0,0,0,1,0,1,1,0,0,0,1,1,1,1,0,0
3812943785,1,0,0,0,1,0,1,1,0,0,0,1,1,1,1,0,0
3813184737,1,0,0,0,1,0,1,1,0,0,0,1,1,1,1,0,0
3813420157,1,0,0,0,1,0,1,1,0,0,0,1,1,1,1,0,0
3813653083,1,0,0,0,1,0,1,1,0,0,0,1,1,1,1,0,0
3813893318,1,0,0,0,1,0,1,1,0,0,0,1,1,1,1,0,0
3814134112,1,0,0,0,1,0,1,1,0,0,0,1,1,1,1,0,0
3814373924,1,0,0,0,1,0,1,1,0,0,0,1,1,1,1,0,0
3814614133,1,0,0,0,1,0,1,1,0,0,0,1,1,1,1,0,0
3814850174,1,0,0,0,1,0,1,1,0,0,0,1,1,1,1,0,0
3815090820,1,0,0,0,1,0,1,1,0,0,0,1,1,1,1,0,0
3815331643,1,0,0,0,1,0,1,1,0,0,0,1,1,1,1,0,0
3815571983,1,0,0,0,1,0,1,1,0,0,0,1,1,1,1,0,0
3815812117,1,0,0,0,1,0,1,1,0,0,0,1,1,1,1,0,0
3816053382,1,0,0,0,1,0,1,1,0,0,0,1,1,1,1,0,0
3816293229,1,0,0,0,1,0,1,1,0,0,0,1,1,1,1,0,0
3816533720,1,0,0,0,1,0,1,1,0,0,0,1,1,1,1,0,0
3816774130,1,0,0,0,1,0,1,1,0,0,0,1,1,1,1,0,0
3817019115,1,0,0,0,1,0,1,1,0,0,0,1,1,1,1,0,0
3817259917,1,0,0,0,1,0,1,1,0,0,0,1,1,1,1,0,0
3817496311,1,0,0,0,1,0,1,1,0,0,0,1,1,1,1,0,0
3817743967,1,0,0,0,1,0,1,1,0,0,0,1,1,1,1,0,0
3817984970,1,0,0,0,1,0,1,1,0,0,0,1,1,1,1,0,0
3818224590,1,0,0,0,1,0,1,1,0,0,0,1,1,1,1,0,0
3818466406,1,0,0,0,1,0,1,1,0,0,0,1,1,1,1,0,0
3818709540,1,0,0,0,1,0,1,1,0,0,0,1,1,1,1,0,0
3818954891,1,0,0,0,1,0,1,1,0,0,0,1,1,1,1,0,0
3819194164,1,0,0,0,1,0,1,1,0,0,0,1,1,1,1,0,0
3819447358,1,0,0,0,1,0,1,1,0,0,0,1,1,1,1,0,0
3819687473,1,0,0,0,1,0,1,1,0,0,0,1,1,1,1,0,0
3819932073,1,0,0,0,1,0,1,1,0,0,0,1,1,1,1,0,0
3820172431,1,0,0,0,1,0,1,1,0,0,0,1,1,1,1,0,0
3820420330,1,0,0,0,1,0,1,1,0,0,0,1,1,1,1,0,0
3820664508,1,0,0,0,1,0,1,1,0,0,0,1,1,1,1,0,0
3820905518,1,0,0,0,1,0,1,1,0,0,0,1,1,1,1,0,0
3821146782,1,0,0,0,1,0,1,1,0,0,0,1,1,1,1,0,0
3821390147,1,0,0,0,1,0,1,1,0,0,0,1,1,1,1,0,0
3821634785,1,0,0,0,1,0,1,1,0,0,0,1,1,1,1,0,0
3821874820,1,0,0,0,1,0,1,1,0,0,0,1,1,1,1,0,0
3822115488,1,0,0,0,1,0,1,1,0,0,0,1,1,1,1,0,0
3822360044,1,0,0,0,1,0,1,1,0,0,0,1,1,1,1,0,0
3822604142,1,0,0,0,1,0,1,1,0,0,0,1,1,1,1,0,0
3822848784,1,0,0,0,1,0,1,1,0,0,0,1,1,1,1,0,0
3823088879,1,0,0,0,1,0,1,1,0,0,0,1,1,1,1,0,0
3823329670,1,0,0,0,1,0,1,1,0,0,0,1,1,1,1,0,0
3823570802,1,0,0,0,1,0,1,1,0,0,0,1,1,1,1,0,0
3823813651,1,0,0,0,1,0,1,1,0,0,0,1,1,1,1,0,0
3824054352,1,0,0,0,1,0,1,1,0,0,0,1,1,1,1,0,0
3824294502,1,0,0,0,1,0,1,1,0,0,0,1,1,1,1,0,0
3824535667,1,0,0,0,1,0,1,1,0,0,0,1,1,1,1,0,0
3824775341,1,0,0,0,1,0,1,1,0,0,0,1,1,1,1,0,0
3825020350,1,0,0,0,1,0,1,1,0,0,0,1,1,1,1,0,0
3825264910,1,0,0,0,1,0,1,1,0,0,0,1,1,1,1,0,0
3825513957,1,0,0,0,1,0,1,1,0,0,0,1,1,1,1,0,0
3825762309,1,0,0,0,1,0,1,1,0,0,0,1,1,1,1,0,0
3826006100,1,0,0,0,1,0,1,1,0,0,0,1,1,1,1,0,0
3826250353,1,0,0,0,1,0,1,1,0,0,0,1,1,1,1,0,0
3826491484,1,0,0,0,1,0,1,1,0,0,0,1,1,1,1,0,0
3826734948,1,0,0,0,1,0,1,1,0,0,0,1,1,1,1,0,0
3826984024,1,0,0,0,1,0,1,1,0,0,0,1,1,1,1,0,0
3827223983,1,0,0,0,1,0,1,1,0,0,0,1,1,1,1,0,0
3827464835,1,0,0,0,1,0,1,1,0,0,0,1,1,1,1,0,0
3827704877,1,0,0,0,1,0,1,1,0,0,0,1,1,1,1,0,0
3827945737,1,0,0,0,1,0,1,1,0,0,0,1,1,1,1,0,0
3828190349,1,0,0,0,1,0,1,1,0,0,0,1,1,1,1,0,0
3828438062,1,0,0,0,1,0,1,1,0,0,0,1,1,1,1,0,0
3828678707,1,0,0,0,1,0,1,1,0,0,0,1,1,1,1,0,0
3828918754,1,0,0,0,1,0,1,1,0,0,0,1,1,1,1,0,0
3829158387,1,0,0,0,1,0,1,1,0,0,0,1,1,1,1,0,0
3829395951,1,0,0,0,1,0,1,1,0,0,0,1,1,1,1,0,0
3829636028,1,0,0,0,1,0,1,1,0,0,0,1,1,1,1,0,0
3829872152,1,0,0,0,1,0,1,1,0,0,0,1,1,1,1,0,0
3830112384,1,0,0,0,1,0,1,1,0,0,0,1,1,1,1,0,0
3830353532,1,0,0,0,1,0,1,1,0,0,0,1,1,1,1,0,0
3830593867,1,0,0,0,1,0,1,1,0,0,0,1,1,1,1,0,0
3830834971,1,0,0,0,1,0,1,1,0,0,0,1,1,1,1,0,0
3831077687,1,0,0,0,1,0,1,1,0,0,0,1,1,1,1,0,0
3831314878,1,0,0,0,1,0,1,1,0,0,0,1,1,1,1,0,0
3831555272,1,0,0,0,1,0,1,1,0,0,0,1,1,1,1,0,0
3831796851,1,0,0,0,1,0,1,1,0,0,0,1,1,1,1,0,0
3832035918,1,0,0,0,1,0,1,1,0,0,0,1,1,1,1,0,0
3832276954,1,0,0,0,1,0,1,1,0,0,0,1,1,1,1,0,0
3832509899,1,0,0,0,1,0,1,1,0,0,0,1,1,1,1,0,0
3832750026,1,0,0,0,1,0,1,1,0,0,0,1,1,1,1,0,0
3832992959,1,0,0,0,1,0,1,1,0,0,0,1,1,1,1,0,0
3833234034,1,0,0,0,1,0,1,1,0,0,0,1,1,1,1,0,0
3833473557,1,0,0,0,1,0,1,1,0,0,0,1,1,1,1,0,0
3833715315,1,0,0,0,1,0,1,1,0,0,0,1,1,1,1,0,0
3833955569,1,0,0,0,1,0,1,1,0,0,0,1,1,1,1,0,0
3834195237,1,0,0,0,1,0,1,1,0,0,0,1,1,1,1,0,0
3834436518,1,0,0,0,1,0,1,1,0,0,0,1,1,1,1,0,0
3834673374,1,0,0,0,1,0,1,1,0,0,0,1,1,1,1,0,0
3834904916,1,0,0,0,1,0,1,1,0,0,0,1,1,1,1,0,0
3835145712,1,0,0,0,1,0,1,1,0,0,0,1,1,1,1,0,0
3835386718,1,0,0,0,1,0,1,1,0,0,0,1,1,1,1,0,0
3835626153,1,0,0,0,1,0,1,1,0,0,0,1,1,1,1,0,0
3835867126,1,0,0,0,1,0,1,1,0,0,0,1,1,1,1,0,0
3836106809,1,0,0,0,1,0,1,1,0,0,0,1,1,1,1,0,0
3836347287,1,0,0,0,1,0,1,1,0,0,0,1,1,1,1,0,0
3836587337,1,0,0,0,1,0,1,1,0,0,0,1,1,1,1,0,0
3836827347,1,0,0,0,1,0,1,1,0,0,0,1,1,1,1,0,0
3837065222,1,0,0,0,1,0,1,1,0,0,0,1,1,1,1,0,0
3837305198,1,0,0,0,1,0,1,1,0,0,0,1,1,1,1,0,0
3837545708,1,0,0,0,1,0,1,1,0,0,0,1,1,1,1,0,0
3837786418,1,0,0,0,1,0,1,1,0,0,0,1,1,1,1,0,0
3838026292,1,0,0,0,1,0,1,1,0,0,0,1,1,1,1,0,0
3838267504,1,0,0,0,1,0,1,1,0,0,0,1,1,1,1,0,0
3838507110,1,0,0,0,1,0,1,1,0,0,0,1,1,1,1,0,0
3838747961,1,0,0,0,1,0,1,1,0,0,0,1,1,1,1,0,0
3838987238,1,0,0,0,1,0,1,1,0,0,0,1,1,1,1,0,0
3839224543,1,0,0,0,1,0,1,1,0,0,0,1,1,1,1,0,0
3839464828,1,0,0,0,1,0,1,1,0,0,0,1,1,1,1,0,0
3839701208,1,0,0,0,1,0,1,1,0,0,0,1,1,1,1,0,0
3839940864,1,0,0,0,1,0,1,1,0,0,0,1,1,1,1,0,0
3840181940,1,0,0,0,1,0,1,1,0,0,0,1,1,1,1,0,0
3840422130,1,0,0,0,1,0,1,1,0,0,0,1,1,1,1,0,0
3840662796,1,0,0,0,1,0,1,1,0,0,0,1,1,1,1,0,0
3840902728,1,0,0,0,1,0,1,1,0,0,0,1,1,1,1,0,0
3841139785,1,0,0,0,1,0,1,1,0,0,0,1,1,1,1,0,0
3841380291,1,0,0,0,1,0,1,1,0,0,0,1,1,1,1,0,0
3841616152,1,0,0,0,1,0,1,1,0,0,0,1,1,1,1,0,0
3841856179,1,0,0,0,1,0,1,1,0,0,0,1,1,1,1,0,0
3842097484,1,0,0,0,1,0,1,1,0,0,0,1,1,1,1,0,0
3842337293,1,0,0,0,1,0,1,1,0,0,0,1,1,1,1,0,0
3842578162,1,0,0,0,1,0,1,1,0,0,0,1,1,1,1,0,0
3842822703,1,0,0,0,1,0,1,1,0,0,0,1,1,1,1,0,0
3843067284,1,0,0,0,1,0,1,1,0,0,0,1,1,1,1,0,0
3843307094,1,0,0,0,1,0,1,1,0,0,0,1,1,1,1,0,0
3843548394,1,0,0,0,1,0,1,1,0,0,0,1,1,1,1,0,0
3843787762,1,0,0,0,1,0,1,1,0,0,0,1,1,1,1,0,0
3844028078,1,0,0,0,1,0,1,1,0,0,0,1,1,1,1,0,0
3844268125,1,0,0,0,1,0,1,1,0,0,0,1,1,1,1,0,0
3844508922,1,0,0,0,1,0,1,1,0,0,0,1,1,1,1,0,0
3844749178,1,0,0,0,1,0,1,1,0,0,0,1,1,1,1,0,0
3844989751,1,0,0,0,1,0,1,1,0,0,0,1,1,1,1,0,0
3845230732,1,0,0,0,1,0,1,1,0,0,0,1,1,1,1,0,0
3845476015,1,0,0,0,1,0,1,1,0,0,0,1,1,1,1,0,0
3845719130,1,0,0,0,1,0,1,1,0,0,0,1,1,1,1,0,0
3845971793,1,0,0,0,1,0,1,1,0,0,0,1,1,1,1,0,0
3846211529,1,0,0,0,1,0,1,1,0,0,0,1,1,1,1,0,0
3846448922,1,0,0,0,1,0,1,1,0,0,0,1,1,1,1,0,0
3846684352,1,0,0,0,1,0,1,1,0,0,0,1,1,1,1,0,0
3846929876,1,0,0,0,1,0,1,1,0,0,0,1,1,1,1,0,0
3847177922,1,0,0,0,1,0,1,1,0,0,0,1,1,1,1,0,0
3847421965,1,0,0,0,1,0,1,1,0,0,0,1,1,1,1,0,0
3847669897,1,0,0,0,1,0,1,1,0,0,0,1,1,1,1,0,0
3847922706,1,0,0,0,1,0,1,1,0,0,0,1,1,1,1,0,0
3848170970,1,0,0,0,1,0,1,1,0,0,0,1,1,1,1,0,0
3848415753,1,0,0,0,1,0,1,1,0,0,0,1,1,1,1,0,0
3848655938,1,0,0,0,1,0,1,1,0,0,0,1,1,1,1,0,0
3848901142,1,0,0,0,1,0,1,1,0,0,0,1,1,1,1,0,0
3849141482,1,0,0,0,1,0,1,1,0,0,0,1,1,1,1,0,0
3849385275,1,0,0,0,1,0,1,1,0,0,0,1,1,1,1,0,0
3849626517,1,0,0,0,1,0,1,1,0,0,0,1,1,1,1,0,0
3849869645,1,0,0,0,1,0,1,1,0,0,0,1,1,1,1,0,0
3850110771,1,0,0,0,1,0,1,1,0,0,0,1,1,1,1,0,0
3850350851,1,0,0,0,1,0,1,1,0,0,0,1,1,1,1,0,0
3850591318,1,0,0,0,1,0,1,1,0,0,0,1,1,1,1,0,0
3850831598,1,0,0,0,1,0,1,1,0,0,0,1,1,1,1,0,0
3851075928,1,0,0,0,1,0,1,1,0,0,0,1,1,1,1,0,0
3851320461,1,0,0,0,1,0,1,1,0,0,0,1,1,1,1,0,0
3851564798,1,0,0,0,1,0,1,1,0,0,0,1,1,1,1,0,0
3851806064,1,0,0,0,1,0,1,1,0,0,0,1,1,1,1,0,0
3852050504,1,0,0,0,1,0,1,1,0,0,0,1,1,1,1,0,0
3852290328,1,0,0,0,1,0,1,1,0,0,0,1,1,1,1,0,0
3852534681,1,0,0,0,1,0,1,1,0,0,0,1,1,1,1,0,0
3852782130,1,0,0,0,1,0,1,1,0,0,0,1,1,1,1,0,0
3853023763,1,0,0,0,1,0,1,1,0,0,0,1,1,1,1,0,0
3853259134,1,0,0,0,1,0,1,1,0,0,0,1,1,1,1,0,0
3853497212,1,0,0,0,1,0,1,1,0,0,0,1,1,1,1,0,0
3853736309,1,0,0,0,1,0,1,1,0,0,0,1,1,1,1,0,0
3853985754,1,0,0,0,1,0,1,1,0,0,0,1,1,1,1,0,0
3854226265,1,0,0,0,1,0,1,1,0,0,0,1,1,1,1,0,0
3854466530,1,0,0,0,1,0,1,1,0,0,0,1,1,1,1,0,0
3854710202,1,0,0,0,1,0,1,1,0,0,0,1,1,1,1,0,0
3854950416,1,0,0,0,1,0,1,1,0,0,0,1,1,1,1,0,0
3855194970,1,0,0,0,1,0,1,1,0,0,0,1,1,1,1,0,0
3855432158,1,0,0,0,1,0,1,1,0,0,0,1,1,1,1,0,0
3855679356,1,0,0,0,1,0,1,1,0,0,0,1,1,1,1,0,0
3855916381,1,0,0,0,1,0,1,1,0,0,0,1,1,1,1,0,0
3856155946,1,0,0,0,1,0,1,1,0,0,0,1,1,1,1,0,0
3856401637,1,0,0,0,1,0,1,1,0,0,0,1,1,1,1,0,0
3856641909,1,0,0,0,1,0,1,1,0,0,0,1,1,1,1,0,0
3856882505,1,0,0,0,1,0,1,1,0,0,0,1,1,1,1,0,0
3857122451,1,0,0,0,1,0,1,1,0,0,0,1,1,1,1,0,0
3857371135,1,0,0,0,1,0,1,1,0,0,0,1,1,1,1,0,0
3857611901,1,0,0,0,1,0,1,1,0,0,0,1,1,1,1,0,0
3857851773,1,0,0,0,1,0,1,1,0,0,0,1,1,1,1,0,0
3858087304,1,0,0,0,1,0,1,1,0,0,0,1,1,1,1,0,0
3858324287,1,0,0,0,1,0,1,1,0,0,0,1,1,1,1,0,0
3858563897,1,0,0,0,1,0,1,1,0,0,0,1,1,1,1,0,0
3858802475,1,0,0,0,1,0,1,1,0,0,0,1,1,1,1,0,0
3859041375,1,0,0,0,1,0,1,1,0,0,0,1,1,1,1,0,0
3859277577,1,0,0,0,1,0,1,1,0,0,0,1,1,1,1,0,0
3859517397,1,0,0,0,1,0,1,1,0,0,0,1,1,1,1,0,0
3859759136,1,0,0,0,1,0,1,1,0,0,0,1,1,1,1,0,0
3859999165,1,0,0,0,1,0,1,1,0,0,0,1,1,1,1,0,0
3860235249,1,0,0,0,1,0,1,1,0,0,0,1,1,1,1,0,0
3860473250,1,0,0,0,1,0,1,1,0,0,0,1,1,1,1,0,0
3860712829,1,0,0,0,1,0,1,1,0,0,0,1,1,1,1,0,0
3860947906,1,0,0,0,1,0,1,1,0,0,0,1,1,1,1,0,0
3861185637,1,0,0,0,1,0,1,1,0,0,0,1,1,1,1,0,0
3861426445,1,0,0,0,1,0,1,1,0,0,0,1,1,1,1,0,0
3861666432,1,0,0,0,1,0,1,1,0,0,0,1,1,1,1,0,0
3861907078,1,0,0,0,1,0,1,1,0,0,0,1,1,1,1,0,0
3862147612,1,0,0,0,1,0,1,1,0,0,0,1,1,1,1,0,0
3862387314,1,0,0,0,1,0,1,1,0,0,0,1,1,1,1,0,0
3862619227,1,0,0,0,1,0,1,1,0,0,0,1,1,1,1,0,0
3862859342,1,0,0,0,1,0,1,1,0,0,0,1,1,1,1,0,0
3863100144,1,0,0,0,1,0,1,1,0,0,0,1,1,1,1,0,0
3863340274,1,0,0,0,1,0,1,1,0,0,0,1,1,1,1,0,0
3863580705,1,0,0,0,1,0,1,1,0,0,0,1,1,1,1,0,0
3863821216,1,0,0,0,1,0,1,1,0,0,0,1,1,1,1,0,0
3864066390,1,0,0,0,1,0,1,1,0,0,0,1,1,1,1,0,0
3864305962,1,0,0,0,1,0,1,1,0,0,0,1,1,1,1,0,0
3864546793,1,0,0,0,1,0,1,1,0,0,0,1,1,1,1,0,0
3864785134,1,0,0,0,1,0,1,1,0,0,0,1,1,1,1,0,0
3865027949,1,0,0,0,1,0,1,1,0,0,0,1,1,1,1,0,0
3865268004,1,0,0,0,1,0,1,1,0,0,0,1,1,1,1,0,0
3865500027,1,0,0,0,1,0,1,1,0,0,0,1,1,1,1,0,0
3865729227,1,0,0,0,1,0,1,1,0,0,0,1,1,1,1,0,0
3865969394,1,0,0,0,1,0,1,1,0,0,0,1,1,1,1,0,0
3866211232,1,0,0,0,1,0,1,1,0,0,0,1,1,1,1,0,0
3866450356,1,0,0,0,1,0,1,1,0,0,0,1,1,1,1,0,0
3866690273,1,0,0,0,1,0,1,1,0,0,0,1,1,1,1,0,0
3866930682,1,0,0,0,1,0,1,1,0,0,0,1,1,1,1,0,0
3867170654,1,0,0,0,1,0,1,1,0,0,0,1,1,1,1,0,0
3867407612,1,0,0,0,1,0,1,1,0,0,0,1,1,1,1,0,0
3867644138,1,0,0,0,1,0,1,1,0,0,0,1,1,1,1,0,0
3867878129,1,0,0,0,1,0,1,1,0,0,0,1,1,1,1,0,0
3868113142,1,0,0,0,1,0,1,1,0,0,0,1,1,1,1,0,0
3868354070,1,0,0,0,1,0,1,1,0,0,0,1,1,1,1,0,0
3868594489,1,0,0,0,1,0,1,1,0,0,0,1,1,1,1,0,0
3868834675,1,0,0,0,1,0,1,1,0,0,0,1,1,1,1,0,0
3869072121,1,0,0,0,1,0,1,1,0,0,0,1,1,1,1,0,0
3869310178,1,0,0,0,1,0,1,1,0,0,0,1,1,1,1,0,0
3869547255,1,0,0,0,1,0,1,1,0,0,0,1,1,1,1,0,0
3869787218,1,0,0,0,1,0,1,1,0,0,0,1,1,1,1,0,0
3870027716,1,0,0,0,1,0,1,1,0,0,0,1,1,1,1,0,0
3870259752,1,0,0,0,1,0,1,1,0,0,0,1,1,1,1,0,0
3870494187,1,0,0,0,1,0,1,1,0,0,0,1,1,1,1,0,0
3870732927,1,0,0,0,1,0,1,1,0,0,0,1,1,1,1,0,0
3870973647,1,0,0,0,1,0,1,1,0,0,0,1,1,1,1,0,0
3871218283,1,0,0,0,1,0,1,1,0,0,0,1,1,1,1,0,0
3871459115,1,0,0,0,1,0,1,1,0,0,0,1,1,1,1,0,0
3871698965,1,0,0,0,1,0,1,1,0,0,0,1,1,1,1,0,0
3871936128,1,0,0,0,1,0,1,1,0,0,0,1,1,1,1,0,0
3872176055,1,0,0,0,1,0,1,1,0,0,0,1,1,1,1,0,0
3872408765,1,0,0,0,1,0,1,1,0,0,0,1,1,1,1,0,0
3872646094,1,0,0,0,1,0,1,1,0,0,0,1,1,1,1,0,0
3872883950,1,0,0,0,1,0,1,1,0,0,0,1,1,1,1,0,0
3873122429,1,0,0,0,1,0,1,1,0,0,0,1,1,1,1,0,0
3873362431,1,0,0,0,1,0,1,1,0,0,0,1,1,1,1,0,0
3873602764,1,0,0,0,1,0,1,1,0,0,0,1,1,1,1,0,0
3873842675,1,0,0,0,1,0,1,1,0,0,0,1,1,1,1,0,0
3874078456,1,0,0,0,1,0,1,1,0,0,0,1,1,1,1,0,0
3874139323,1,0,0,0,1,0,1,1,0,0,0,1,1,1,1,0,0
3874318399,1,0,0,0,1,0,1,1,0,0,0,1,1,1,1,0,0
3874556088,1,0,0,0,1,0,1,1,0,0,0,1,1,1,1,0,0
3874795578,1,0,0,0,1,0,1,1,0,0,0,1,1,1,1,0,0
3875028168,1,0,0,0,1,0,1,1,0,0,0,1,1,1,1,0,0
3875265625,1,0,0,0,1,0,1,1,0,0,0,1,1,1,1,0,0
3875505138,1,0,0,0,1,0,1,1,0,0,0,1,1,1,1,0,0
3875746503,1,0,0,0,1,0,1,1,0,0,0,1,1,1,1,0,0
3875986127,1,0,0,0,1,0,1,1,0,0,0,1,1,1,1,0,0
3876234195,1,0,0,0,1,0,1,1,0,0,0,1,1,1,1,0,0
3876478548,1,0,0,0,1,0,1,1,0,0,0,1,1,1,1,0,0
3876727310,1,0,0,0,1,0,1,1,0,0,0,1,1,1,1,0,0
3876967690,1,0,0,0,1,0,1,1,0,0,0,1,1,1,1,0,0
3877209257,1,0,0,0,1,0,1,1,0,0,0,1,1,1,1,0,0
3877448307,1,0,0,0,1,0,1,1,0,0,0,1,1,1,1,0,0
3877685072,1,0,0,0,1,0,1,1,0,0,0,1,1,1,1,0,0
3877924781,1,0,0,0,1,0,1,1,0,0,0,1,1,1,1,0,0
3878173673,1,0,0,0,1,0,1,1,0,0,0,1,1,1,1,0,0
3878422535,1,0,0,0,1,0,1,1,0,0,0,1,1,1,1,0,0
3878662468,1,0,0,0,1,0,1,1,0,0,0,1,1,1,1,0,0
3878902816,1,0,0,0,1,0,1,1,0,0,0,1,1,1,1,0,0
3879139222,1,0,0,0,1,0,1,1,0,0,0,1,1,1,1,0,0
3879378910,1,0,0,0,1,0,1,1,0,0,0,1,1,1,1,0,0
3879617980,1,0,0,0,1,0,1,1,0,0,0,1,1,1,1,0,0
3879859770,1,0,0,0,1,0,1,1,0,0,0,1,1,1,1,0,0
3880100884,1,0,0,0,1,0,1,1,0,0,0,1,1,1,1,0,0
3880341071,1,0,0,0,1,0,1,1,0,0,0,1,1,1,1,0,0
3880583779,1,0,0,0,1,0,1,1,0,0,0,1,1,1,1,0,0
3880830088,1,0,0,0,1,0,1,1,0,0,0,1,1,1,1,0,0
3881070976,1,0,0,0,1,0,1,1,0,0,0,1,1,1,1,0,0
3881310804,1,0,0,0,1,0,1,1,0,0,0,1,1,1,1,0,0
3881552325,1,0,0,0,1,0,1,1,0,0,0,1,1,1,1,0,0
3881789196,1,0,0,0,1,0,1,1,0,0,0,1,1,1,1,0,0
3882019772,1,0,0,0,1,0,1,1,0,0,0,1,1,1,1,0,0
3882264142,1,0,0,0,1,0,1,1,0,0,0,1,1,1,1,0,0
3882501337,1,0,0,0,1,0,1,1,0,0,0,1,1,1,1,0,0
3882745916,1,0,0,0,1,0,1,1,0,0,0,1,1,1,1,0,0
3882986372,1,0,0,0,1,0,1,1,0,0,0,1,1,1,1,0,0
3883226373,1,0,0,0,1,0,1,1,0,0,0,1,1,1,1,0,0
3883462837,1,0,0,0,1,0,1,1,0,0,0,1,1,1,1,0,0
3883702559,1,0,0,0,1,0,1,1,0,0,0,1,1,1,1,0,0
3883944172,1,0,0,0,1,0,1,1,0,0,0,1,1,1,1,0,0
3884181172,1,0,0,0,1,0,1,1,0,0,0,1,1,1,1,0,0
3884420093,1,0,0,0,1,0,1,1,0,0,0,1,1,1,1,0,0
3884659946,1,0,0,0,1,0,1,1,0,0,0,1,1,1,1,0,0
3884897705,1,0,0,0,1,0,1,1,0,0,0,1,1,1,1,0,0
3885137398,1,0,0,0,1,0,1,1,0,0,0,1,1,1,1,0,0
3885378452,1,0,0,0,1,0,1,1,0,0,0,1,1,1,1,0,0
3885618707,1,0,0,0,1,0,1,1,0,0,0,1,1,1,1,0,0
3885862011,1,0,0,0,1,0,1,1,0,0,0,1,1,1,1,0,0
3886106722,1,0,0,0,1,0,1,1,0,0,0,1,1,1,1,0,0
3886343947,1,0,0,0,1,0,1,1,0,0,0,1,1,1,1,0,0
3886583527,1,0,0,0,1,0,1,1,0,0,0,1,1,1,1,0,0
3886824477,1,0,0,0,1,0,1,1,0,0,0,1,1,1,1,0,0
3887060171,1,0,0,0,1,0,1,1,0,0,0,1,1,1,1,0,0
3887301245,1,0,0,0,1,0,1,1,0,0,0,1,1,1,1,0,0
3887541303,1,0,0,0,1,0,1,1,0,0,0,1,1,1,1,0,0
3887778394,1,0,0,0,1,0,1,1,0,0,0,1,1,1,1,0,0
3888018734,1,0,0,0,1,0,1,1,0,0,0,1,1,1,1,0,0
3888255125,1,0,0,0,1,0,1,1,0,0,0,1,1,1,1,0,0
3888495703,1,0,0,0,1,0,1,1,0,0,0,1,1,1,1,0,0
3888730871,1,0,0,0,1,0,1,1,0,0,0,1,1,1,1,0,0
3888963158,1,0,0,0,1,0,1,1,0,0,0,1,1,1,1,0,0
3889198126,1,0,0,0,1,0,1,1,0,0,0,1,1,1,1,0,0
3889433080,1,0,0,0,1,0,1,1,0,0,0,1,1,1,1,0,0
3889669552,1,0,0,0,1,0,1,1,0,0,0,1,1,1,1,0,0
3889908465,1,0,0,0,1,0,1,1,0,0,0,1,1,1,1,0,0
3890146050,1,0,0,0,1,0,1,1,0,0,0,1,1,1,1,0,0
3890386365,1,0,0,0,1,0,1,1,0,0,0,1,1,1,1,0,0
3890627120,1,0,0,0,1,0,1,1,0,0,0,1,1,1,1,0,0
3890867229,1,0,0,0,1,0,1,1,0,0,0,1,1,1,1,0,0
3891103319,1,0,0,0,1,0,1,1,0,0,0,1,1,1,1,0,0
3891347541,1,0,0,0,1,0,1,1,0,0,0,1,1,1,1,0,0
3891583970,1,0,0,0,1,0,1,1,0,0,0,1,1,1,1,0,0
3891828515,1,0,0,0,1,0,1,1,0,0,0,1,1,1,1,0,0
3892070170,1,0,0,0,1,0,1,1,0,0,0,1,1,1,1,0,0
3892309538,1,0,0,0,1,0,1,1,0,0,0,1,1,1,1,0,0
3892546546,1,0,0,0,1,0,1,1,0,0,0,1,1,1,1,0,0
3892789777,1,0,0,0,1,0,1,1,0,0,0,1,1,1,1,0,0
3893030435,1,0,0,0,1,0,1,1,0,0,0,1,1,1,1,0,0
3893270830,1,0,0,0,1,0,1,1,0,0,0,1,1,1,1,0,0
3893507558,1,0,0,0,1,0,1,1,0,0,0,1,1,1,1,0,0
3893747879,1,0,0,0,1,0,1,1,0,0,0,1,1,1,1,0,0
3893986123,1,0,0,0,1,0,1,1,0,0,0,1,1,1,1,0,0
3894224138,1,0,0,0,1,0,1,1,0,0,0,1,1,1,1,0,0
3894465588,1,0,0,0,1,0,1,1,0,0,0,1,1,1,1,0,0
3894704848,1,0,0,0,1,0,1,1,0,0,0,1,1,1,1,0,0
3894954765,1,0,0,0,1,0,1,1,0,0,0,1,1,1,1,0,0
3895194580,1,0,0,0,1,0,1,1,0,0,0,1,1,1,1,0,0
3895439358,1,0,0,0,1,0,1,1,0,0,0,1,1,1,1,0,0
3895679069,1,0,0,0,1,0,1,1,0,0,0,1,1,1,1,0,0
3895919920,1,0,0,0,1,0,1,1,0,0,0,1,1,1,1,0,0
3896156491,1,0,0,0,1,0,1,1,0,0,0,1,1,1,1,0,0
3896392737,1,0,0,0,1,0,1,1,0,0,0,1,1,1,1,0,0
3896627785,1,0,0,0,1,0,1,1,0,0,0,1,1,1,1,0,0
3896868954,1,0,0,0,1,0,1,1,0,0,0,1,1,1,1,0,0
3897108796,1,0,0,0,1,0,1,1,0,0,0,1,1,1,1,0,0
3897349274,1,0,0,0,1,0,1,1,0,0,0,1,1,1,1,0,0
3897597495,1,0,0,0,1,0,1,1,0,0,0,1,1,1,1,0,0
3897837934,1,0,0,0,1,0,1,1,0,0,0,1,1,1,1,0,0
3898078771,1,0,0,0,1,0,1,1,0,0,0,1,1,1,1,0,0
3898315290,1,0,0,0,1,0,1,1,0,0,0,1,1,1,1,0,0
3898552604,1,0,0,0,1,0,1,1,0,0,0,1,1,1,1,0,0
3898790146,1,0,0,0,1,0,1,1,0,0,0,1,1,1,1,0,0
3899020207,1,0,0,0,1,0,1,1,0,0,0,1,1,1,1,0,0
3899257803,1,0,0,0,1,0,1,1,0,0,0,1,1,1,1,0,0
3899497543,1,0,0,0,1,0,1,1,0,0,0,1,1,1,1,0,0
3899738386,1,0,0,0,1,0,1,1,0,0,0,1,1,1,1,0,0
3899977885,1,0,0,0,1,0,1,1,0,0,0,1,1,1,1,0,0
3900215294,1,0,0,0,1,0,1,1,0,0,0,1,1,1,1,0,0
3900454303,1,0,0,0,1,0,1,1,0,0,0,1,1,1,1,0,0
3900691483,1,0,0,0,1,0,1,1,0,0,0,1,1,1,1,0,0
3900919180,1,0,0,0,1,0,1,1,0,0,0,1,1,1,1,0,0
3901146148,1,0,0,0,1,0,1,1,0,0,0,1,1,1,1,0,0
3901376130,1,0,0,0,1,0,1,1,0,0,0,1,1,1,1,0,0
3901608429,1,0,0,0,1,0,1,1,0,0,0,1,1,1,1,0,0
3901849158,1,0,0,0,1,0,1,1,0,0,0,1,1,1,1,0,0
3902090527,1,0,0,0,1,0,1,1,0,0,0,1,1,1,1,0,0
3902330148,1,0,0,0,1,0,1,1,0,0,0,1,1,1,1,0,0
3902566424,1,0,0,0,1,0,1,1,0,0,0,1,1,1,1,0,0
3902806473,1,0,0,0,1,0,1,1,0,0,0,1,1,1,1,0,0
3903043339,1,0,0,0,1,0,1,1,0,0,0,1,1,1,1,0,0
3903275561,1,0,0,0,1,0,1,1,0,0,0,1,1,1,1,0,0
3903512158,1,0,0,0,1,0,1,1,0,0,0,1,1,1,1,0,0
3903744212,1,0,0,0,1,0,1,1,0,0,0,1,1,1,1,0,0
3903982867,1,0,0,0,1,0,1,1,0,0,0,1,1,1,1,0,0
3904224773,1,0,0,0,1,0,1,1,0,0,0,1,1,1,1,0,0
3904466117,1,0,0,0,1,0,1,1,0,0,0,1,1,1,1,0,0
3904705975,1,0,0,0,1,0,1,1,0,0,0,1,1,1,1,0,0
3904942128,1,0,0,0,1,0,1,1,0,0,0,1,1,1,1,0,0
3905182416,1,0,0,0,1,0,1,1,0,0,0,1,1,1,1,0,0
3905423524,1,0,0,0,1,0,1,1,0,0,0,1,1,1,1,0,0
3905660170,1,0,0,0,1,0,1,1,0,0,0,1,1,1,1,0,0
3905893208,1,0,0,0,1,0,1,1,0,0,0,1,1,1,1,0,0
3906132468,1,0,0,0,1,0,1,1,0,0,0,1,1,1,1,0,0
3906368457,1,0,0,0,1,0,1,1,0,0,0,1,1,1,1,0,0
3906608568,1,0,0,0,1,0,1,1,0,0,0,1,1,1,1,0,0
3906849647,1,0,0,0,1,0,1,1,0,0,0,1,1,1,1,0,0
3907097596,1,0,0,0,1,0,1,1,0,0,0,1,1,1,1,0,0
3907337896,1,0,0,0,1,0,1,1,0,0,0,1,1,1,1,0,0
3907574714,1,0,0,0,1,0,1,1,0,0,0,1,1,1,1,0,0
3907803290,1,0,0,0,1,0,1,1,0,0,0,1,1,1,1,0,0
3908040094,1,0,0,0,1,0,1,1,0,0,0,1,1,1,1,0,0
3908279765,1,0,0,0,1,0,1,1,0,0,0,1,1,1,1,0,0
3908511879,1,0,0,0,1,0,1,1,0,0,0,1,1,1,1,0,0
3908746116,1,0,0,0,1,0,1,1,0,0,0,1,1,1,1,0,0
3908985191,1,0,0,0,1,0,1,1,0,0,0,1,1,1,1,0,0
3909226188,1,0,0,0,1,0,1,1,0,0,0,1,1,1,1,0,0
3909467300,1,0,0,0,1,0,1,1,0,0,0,1,1,1,1,0,0
3909702537,1,0,0,0,1,0,1,1,0,0,0,1,1,1,1,0,0
3909943274,1,0,0,0,1,0,1,1,0,0,0,1,1,1,1,0,0
3910182949,1,0,0,0,1,0,1,1,0,0,0,1,1,1,1,0,0
3910412122,1,0,0,0,1,0,1,1,0,0,0,1,1,1,1,0,0
3910640104,1,0,0,0,1,0,1,1,0,0,0,1,1,1,1,0,0
3910872074,1,0,0,0,1,0,1,1,0,0,0,1,1,1,1,0,0
3911053285,1,0,0,0,1,0,1,1,0,0,0,1,1,1,1,0,0
3911099933,1,0,0,0,1,0,1,1,0,0,0,1,1,1,1,0,0
3911337340,1,0,0,1,0,0,1,1,0,0,0,0,0,0,0,0,0
3911577768,1,0,0,1,0,0,1,1,0,0,0,0,0,0,0,0,0
3911818137,1,0,0,1,0,0,1,1,0,0,0,0,0,0,0,0,0
3912059114,1,0,0,1,0,0,1,1,0,0,0,0,0,0,0,0,0
3912294429,1,0,0,1,0,0,1,1,0,0,0,0,0,0,0,0,0
3912526191,1,0,0,1,0,0,1,1,0,0,0,0,0,0,0,0,0
3912754862,1,0,0,1,0,0,1,1,0,0,0,0,0,0,0,0,0
3912871752,0,0,0,1,0,0,1,1,0,0,0,0,0,0,0,0,0
3912987253,0,0,0,1,0,0,1,1,0,0,0,0,0,0,0,0,0
3913216091,0,0,0,1,0,0,1,1,0,0,0,0,0,0,0,0,0
3913445196,0,0,0,1,0,0,1,1,0,0,0,0,0,0,0,0,0
3913678037,0,0,0,1,0,0,1,1,0,0,0,0,0,0,0,0,0
