timestamp,timestamp_last_signal,channel_count,rssi,rc_lost_frame_count,rc_total_frame_count,rc_ppm_frame_length,values[0],values[1],values[2],values[3],values[4],values[5],values[6],values[7],values[8],values[9],values[10],values[11],values[12],values[13],values[14],values[15],values[16],values[17],rc_failsafe,rc_lost,input_source
3341129276,3341129276,18,255,0,0,0,1515,1514,1094,1515,1094,1094,1094,1514,1514,1514,1514,1514,944,944,1514,1514,998,998,0,0,4
3341341320,3341341320,18,255,0,0,0,1515,1514,1094,1515,1094,1094,1094,1514,1514,1514,1514,1514,944,944,1514,1514,998,998,0,0,4
3341534110,3341534110,18,255,0,0,0,1515,1514,1094,1515,1094,1094,1094,1514,1514,1514,1514,1514,944,944,1514,1514,998,998,0,0,4
3341734077,3341734077,18,255,0,0,0,1515,1514,1115,1515,1094,1094,1094,1514,1514,1514,1514,1514,944,944,1514,1514,998,998,0,0,4
3341946488,3341946488,18,255,0,0,0,1515,1514,1115,1515,1094,1094,1094,1514,1514,1514,1514,1514,944,944,1514,1514,998,998,0,0,4
3342146865,3342146865,18,255,0,0,0,1515,1514,1115,1515,1094,1094,1094,1514,1514,1514,1514,1514,944,944,1514,1514,998,998,0,0,4
3342338895,3342338895,18,255,0,0,0,1515,1514,1115,1515,1094,1094,1094,1514,1514,1514,1514,1514,944,944,1514,1514,998,998,0,0,4
3342551677,3342551677,18,255,0,0,0,1515,1514,1115,1515,1094,1094,1094,1514,1514,1514,1514,1514,944,944,1514,1514,998,998,0,0,4
3342751709,3342751709,18,255,0,0,0,1515,1514,1115,1515,1094,1094,1094,1514,1514,1514,1514,1514,944,944,1514,1514,998,998,0,0,4
3342944498,3342944498,18,255,0,0,0,1515,1514,1115,1515,1094,1094,1094,1514,1514,1514,1514,1514,944,944,1514,1514,998,998,0,0,4
3343144466,3343144466,18,255,0,0,0,1515,1514,1115,1515,1094,1934,1094,1514,1514,1514,1514,1514,2084,944,1514,1514,1998,998,0,0,4
3343361268,3343361268,18,255,0,0,0,1515,1514,1115,1515,1094,1934,1094,1514,1514,1514,1514,1514,2084,944,1514,1514,1998,998,0,0,4
3343553284,3343553284,18,255,0,0,0,1515,1514,1115,1515,1094,1934,1094,1514,1514,1514,1514,1514,2084,944,1514,1514,1998,998,0,0,4
3343749700,3343749700,18,255,0,0,0,1515,1514,1115,1515,1094,1934,1094,1514,1514,1514,1514,1514,2084,944,1514,1514,1998,998,0,0,4
3343958065,3343958065,18,255,0,0,0,1515,1514,1115,1515,1094,1934,1094,1514,1514,1514,1514,1514,2084,944,1514,1514,1998,998,0,0,4
3344158487,3344158487,18,255,0,0,0,1515,1514,1114,1515,1094,1934,1094,1514,1514,1514,1514,1514,2084,944,1514,1514,1998,998,0,0,4
3344363095,3344363095,18,255,0,0,0,1515,1514,1114,1515,1094,1934,1094,1514,1514,1514,1514,1514,2084,944,1514,1514,1998,998,0,0,4
3344550876,3344550876,18,255,0,0,0,1515,1514,1114,1515,1094,1934,1094,1514,1514,1514,1514,1514,2084,944,1514,1514,1998,998,0,0,4
3344767763,3344767763,18,255,0,0,0,1515,1514,1165,1516,1094,1934,1094,1514,1514,1514,1514,1514,2084,944,1514,1514,1998,998,0,0,4
3344967683,3344967683,18,255,0,0,0,1515,1514,1318,1517,1094,1934,1094,1514,1514,1514,1514,1514,2084,944,1514,1514,1998,998,0,0,4
3345172506,3345172506,18,255,0,0,0,1515,1514,1482,1517,1094,1934,1094,1514,1514,1514,1514,1514,2084,944,1514,1514,1998,998,0,0,4
3345372942,3345372942,18,255,0,0,0,1515,1514,1514,1517,1094,1934,1094,1514,1514,1514,1514,1514,2084,944,1514,1514,1998,998,0,0,4
3345581273,3345581273,18,255,0,0,0,1515,1514,1514,1516,1094,1934,1094,1514,1514,1514,1514,1514,2084,944,1514,1514,1998,998,0,0,4
3345765305,3345765305,18,255,0,0,0,1515,1514,1514,1516,1094,1934,1094,1514,1514,1514,1514,1514,2084,944,1514,1514,1998,998,0,0,4
3345965263,3345965263,18,255,0,0,0,1515,1514,1514,1516,1094,1934,1094,1514,1514,1514,1514,1514,2084,944,1514,1514,1998,998,0,0,4
3346174093,3346174093,18,255,0,0,0,1515,1514,1514,1516,1094,1934,1094,1514,1514,1514,1514,1514,2084,944,1514,1514,1998,998,0,0,4
3346374069,3346374069,18,255,0,0,0,1515,1514,1514,1516,1094,1934,1094,1514,1514,1514,1514,1514,2084,944,1514,1514,1998,998,0,0,4
3346586872,3346586872,18,255,0,0,0,1515,1514,1514,1516,1094,1934,1094,1514,1514,1514,1514,1514,2084,944,1514,1514,1998,998,0,0,4
3346774886,3346774886,18,255,0,0,0,1515,1514,1514,1516,1094,1934,1094,1514,1514,1514,1514,1514,2084,944,1514,1514,1998,998,0,0,4
3346975815,3346975815,18,255,0,0,0,1515,1514,1514,1516,1094,1934,1094,1514,1514,1514,1514,1514,2084,944,1514,1514,1998,998,0,0,4
3347179718,3347179718,18,255,0,0,0,1515,1514,1514,1516,1094,1934,1094,1514,1514,1514,1514,1514,2084,944,1514,1514,1998,998,0,0,4
3347395681,3347395681,18,255,0,0,0,1515,1514,1514,1516,1094,1934,1094,1514,1514,1514,1514,1514,2084,944,1514,1514,1998,998,0,0,4
3347596466,3347596466,18,255,0,0,0,1515,1514,1514,1516,1094,1934,1094,1514,1514,1514,1514,1514,2084,944,1514,1514,1998,998,0,0,4
3347789668,3347789668,18,255,0,0,0,1515,1514,1514,1515,1094,1934,1094,1514,1514,1514,1514,1514,2084,944,1514,1514,1998,998,0,0,4
3347985372,3347985372,18,255,0,0,0,1515,1514,1514,1515,1094,1934,1094,1514,1514,1514,1514,1514,2084,944,1514,1514,1998,998,0,0,4
3348185500,3348185500,18,255,0,0,0,1515,1514,1514,1515,1094,1934,1094,1514,1514,1514,1514,1514,2084,944,1514,1514,1998,998,0,0,4
3348398070,3348398070,18,255,0,0,0,1515,1514,1514,1515,1094,1934,1094,1514,1514,1514,1514,1514,2084,944,1514,1514,1998,998,0,0,4
3348602091,3348602091,18,255,0,0,0,1515,1514,1514,1515,1094,1934,1094,1514,1514,1514,1514,1514,2084,944,1514,1514,1998,998,0,0,4
3348798296,3348798296,18,255,0,0,0,1515,1514,1514,1515,1094,1934,1094,1514,1514,1514,1514,1514,2084,944,1514,1514,1998,998,0,0,4
3349002910,3349002910,18,255,0,0,0,1515,1514,1514,1515,1094,1934,1094,1514,1514,1514,1514,1514,2084,944,1514,1514,1998,998,0,0,4
3349215667,3349215667,18,255,0,0,0,1515,1514,1514,1515,1094,1934,1094,1514,1514,1514,1514,1514,2084,944,1514,1514,1998,998,0,0,4
3349412090,3349412090,18,255,0,0,0,1515,1514,1514,1515,1094,1934,1094,1514,1514,1514,1514,1514,2084,944,1514,1514,1998,998,0,0,4
3349603704,3349603704,18,255,0,0,0,1515,1514,1514,1515,1094,1934,1094,1514,1514,1514,1514,1514,2084,944,1514,1514,1998,998,0,0,4
3349804467,3349804467,18,255,0,0,0,1515,1514,1514,1515,1094,1934,1094,1514,1514,1514,1514,1514,2084,944,1514,1514,1998,998,0,0,4
3350008467,3350008467,18,255,0,0,0,1515,1514,1514,1515,1094,1934,1094,1514,1514,1514,1514,1514,2084,944,1514,1514,1998,998,0,0,4
3350209290,3350209290,18,255,0,0,0,1515,1514,1514,1515,1094,1934,1094,1514,1514,1514,1514,1514,2084,944,1514,1514,1998,998,0,0,4
3350409273,3350409273,18,255,0,0,0,1515,1514,1514,1515,1094,1934,1094,1514,1514,1514,1514,1514,2084,944,1514,1514,1998,998,0,0,4
3350614063,3350614063,18,255,0,0,0,1515,1514,1514,1515,1094,1934,1094,1514,1514,1514,1514,1514,2084,944,1514,1514,1998,998,0,0,4
3350814073,3350814073,18,255,0,0,0,1515,1514,1514,1515,1094,1934,1094,1514,1514,1514,1514,1514,2084,944,1514,1514,1998,998,0,0,4
3351014884,3351014884,18,255,0,0,0,1515,1514,1514,1515,1094,1934,1094,1514,1514,1514,1514,1514,2084,944,1514,1514,1998,998,0,0,4
3351234866,3351234866,18,255,0,0,0,1515,1514,1514,1515,1094,1934,1094,1514,1514,1514,1514,1514,2084,944,1514,1514,1998,998,0,0,4
3351434862,3351434862,18,255,0,0,0,1515,1514,1514,1515,1094,1934,1094,1514,1514,1514,1514,1514,2084,944,1514,1514,1998,998,0,0,4
3351635664,3351635664,18,255,0,0,0,1515,1514,1514,1515,1094,1934,1094,1514,1514,1514,1514,1514,2084,944,1514,1514,1998,998,0,0,4
3351823697,3351823697,18,255,0,0,0,1515,1514,1514,1515,1094,1934,1094,1514,1514,1514,1514,1514,2084,944,1514,1514,1998,998,0,0,4
3352044701,3352044701,18,255,0,0,0,1515,1514,1514,1515,1094,1934,1094,1514,1514,1514,1514,1514,2084,944,1514,1514,1998,998,0,0,4
3352248469,3352248469,18,255,0,0,0,1515,1514,1514,1515,1094,1934,1094,1514,1514,1514,1514,1514,2084,944,1514,1514,1998,998,0,0,4
3352449283,3352449283,18,255,0,0,0,1515,1514,1514,1515,1094,1934,1094,1514,1514,1514,1514,1514,2084,944,1514,1514,1998,998,0,0,4
3352649339,3352649339,18,255,0,0,0,1515,1514,1514,1515,1094,1934,1094,1514,1514,1514,1514,1514,2084,944,1514,1514,1998,998,0,0,4
3352845279,3352845279,18,255,0,0,0,1515,1514,1514,1515,1094,1934,1094,1514,1514,1514,1514,1514,2084,944,1514,1514,1998,998,0,0,4
3353042330,3353042330,18,255,0,0,0,1515,1514,1514,1515,1094,1934,1094,1514,1514,1514,1514,1514,2084,944,1514,1514,1998,998,0,0,4
3353262076,3353262076,18,255,0,0,0,1515,1514,1514,1515,1094,1934,1094,1514,1514,1514,1514,1514,2084,944,1514,1514,1998,998,0,0,4
3353462932,3353462932,18,255,0,0,0,1515,1514,1514,1515,1094,1934,1094,1514,1514,1514,1514,1514,2084,944,1514,1514,1998,998,0,0,4
3353658919,3353658919,18,255,0,0,0,1515,1514,1514,1515,1094,1934,1094,1514,1514,1514,1514,1514,2084,944,1514,1514,1998,998,0,0,4
3353863666,3353863666,18,255,0,0,0,1515,1514,1514,1515,1094,1934,1094,1514,1514,1514,1514,1514,2084,944,1514,1514,1998,998,0,0,4
3354067749,3354067749,18,255,0,0,0,1515,1514,1514,1515,1094,1934,1094,1514,1514,1514,1514,1514,2084,944,1514,1514,1998,998,0,0,4
3354268497,3354268497,18,255,0,0,0,1515,1514,1514,1515,1094,1934,1094,1514,1514,1514,1514,1514,2084,944,1514,1514,1998,998,0,0,4
3354472488,3354472488,18,255,0,0,0,1515,1514,1514,1515,1094,1934,1094,1514,1514,1514,1514,1514,2084,944,1514,1514,1998,998,0,0,4
3354669291,3354669291,18,255,0,0,0,1515,1514,1514,1515,1094,1934,1094,1514,1514,1514,1514,1514,2084,944,1514,1514,1998,998,0,0,4
3354873301,3354873301,18,255,0,0,0,1515,1514,1514,1515,1094,1934,1094,1514,1514,1514,1514,1514,2084,944,1514,1514,1998,998,0,0,4
3355073656,3355073656,18,255,0,0,0,1515,1514,1514,1515,1094,1934,1094,1514,1514,1514,1514,1514,2084,944,1514,1514,1998,998,0,0,4
3355278066,3355278066,18,255,0,0,0,1515,1514,1514,1515,1094,1934,1094,1514,1514,1514,1514,1514,2084,944,1514,1514,1998,998,0,0,4
3355466079,3355466079,18,255,0,0,0,1515,1514,1514,1515,1094,1934,1094,1514,1514,1514,1514,1514,2084,944,1514,1514,1998,998,0,0,4
3355662985,3355662985,18,255,0,0,0,1515,1514,1514,1515,1094,1934,1094,1514,1514,1514,1514,1514,2084,944,1514,1514,1998,998,0,0,4
3355883092,3355883092,18,255,0,0,0,1515,1514,1514,1515,1094,1934,1094,1514,1514,1514,1514,1514,2084,944,1514,1514,1998,998,0,0,4
3356087700,3356087700,18,255,0,0,0,1515,1514,1514,1515,1094,1934,1094,1514,1514,1514,1514,1514,2084,944,1514,1514,1998,998,0,0,4
3356283686,3356283686,18,255,0,0,0,1515,1514,1514,1515,1094,1934,1094,1514,1514,1514,1514,1514,2084,944,1514,1514,1998,998,0,0,4
3356484490,3356484490,18,255,0,0,0,1515,1514,1514,1515,1094,1934,1094,1514,1514,1514,1514,1514,2084,944,1514,1514,1998,998,0,0,4
3356696849,3356696849,18,255,0,0,0,1515,1514,1514,1515,1094,1934,1094,1514,1514,1514,1514,1514,2084,944,1514,1514,1998,998,0,0,4
3356896464,3356896464,18,255,0,0,0,1515,1514,1514,1515,1094,1934,1094,1514,1514,1514,1514,1514,2084,944,1514,1514,1998,998,0,0,4
3357085263,3357085263,18,255,0,0,0,1515,1514,1514,1515,1094,1934,1094,1514,1514,1514,1514,1514,2084,944,1514,1514,1998,998,0,0,4
3357297277,3357297277,18,255,0,0,0,1515,1514,1514,1515,1094,1934,1094,1514,1514,1514,1514,1514,2084,944,1514,1514,1998,998,0,0,4
3357494120,3357494120,18,255,0,0,0,1515,1514,1514,1515,1094,1934,1094,1514,1514,1514,1514,1514,2084,944,1514,1514,1998,998,0,0,4
3357698099,3357698099,18,255,0,0,0,1515,1514,1514,1515,1094,1934,1094,1514,1514,1514,1514,1514,2084,944,1514,1514,1998,998,0,0,4
3357898868,3357898868,18,255,0,0,0,1515,1514,1514,1515,1094,1934,1094,1514,1514,1514,1514,1514,2084,944,1514,1514,1998,998,0,0,4
3358106917,3358106917,18,255,0,0,0,1515,1514,1514,1515,1094,1934,1094,1514,1514,1514,1514,1514,2084,944,1514,1514,1998,998,0,0,4
3358299664,3358299664,18,255,0,0,0,1515,1514,1514,1515,1094,1934,1094,1514,1514,1514,1514,1514,2084,944,1514,1514,1998,998,0,0,4
3358503752,3358503752,18,255,0,0,0,1515,1514,1514,1515,1094,1934,1094,1514,1514,1514,1514,1514,2084,944,1514,1514,1998,998,0,0,4
3358711714,3358711714,18,255,0,0,0,1515,1514,1514,1515,1094,1934,1094,1514,1514,1514,1514,1514,2084,944,1514,1514,1998,998,0,0,4
3358908478,3358908478,18,255,0,0,0,1515,1514,1514,1515,1094,1934,1094,1514,1514,1514,1514,1514,2084,944,1514,1514,1998,998,0,0,4
3359108493,3359108493,18,255,0,0,0,1515,1514,1514,1515,1094,1934,1094,1514,1514,1514,1514,1514,2084,944,1514,1514,1998,998,0,0,4
3359309275,3359309275,18,255,0,0,0,1515,1514,1514,1515,1094,1934,1094,1514,1514,1514,1514,1514,2084,944,1514,1514,1998,998,0,0,4
3359509667,3359509667,18,255,0,0,0,1515,1514,1514,1515,1094,1934,1094,1514,1514,1514,1514,1514,2084,944,1514,1514,1998,998,0,0,4
3359702095,3359702095,18,255,0,0,0,1515,1514,1514,1515,1094,1934,1094,1514,1514,1514,1514,1514,2084,944,1514,1514,1998,998,0,0,4
3359918063,3359918063,18,255,0,0,0,1515,1514,1514,1515,1094,1934,1094,1514,1514,1514,1514,1514,2084,944,1514,1514,1998,998,0,0,4
3360118111,3360118111,18,255,0,0,0,1515,1514,1514,1515,1094,1934,1094,1514,1514,1514,1514,1514,2084,944,1514,1514,1998,998,0,0,4
3360310866,3360310866,18,255,0,0,0,1515,1514,1514,1515,1094,1934,1094,1514,1514,1514,1514,1514,2084,944,1514,1514,1998,998,0,0,4
3360522907,3360522907,18,255,0,0,0,1515,1514,1514,1515,1094,1934,1094,1514,1514,1514,1514,1514,2084,944,1514,1514,1998,998,0,0,4
3360715676,3360715676,18,255,0,0,0,1515,1514,1514,1515,1094,1934,1094,1514,1514,1514,1514,1514,2084,944,1514,1514,1998,998,0,0,4
3360919740,3360919740,18,255,0,0,0,1515,1514,1514,1515,1094,1934,1094,1514,1514,1514,1514,1514,2084,944,1514,1514,1998,998,0,0,4
3361124466,3361124466,18,255,0,0,0,1515,1514,1514,1515,1094,1934,1094,1514,1514,1514,1514,1514,2084,944,1514,1514,1998,998,0,0,4
3361320470,3361320470,18,255,0,0,0,1515,1514,1514,1515,1094,1934,1094,1514,1514,1514,1514,1514,2084,944,1514,1514,1998,998,0,0,4
3361517322,3361517322,18,255,0,0,0,1515,1514,1514,1515,1094,1934,1094,1514,1514,1514,1514,1514,2084,944,1514,1514,1998,998,0,0,4
3361725290,3361725290,18,255,0,0,0,1515,1514,1514,1515,1094,1934,1094,1514,1514,1514,1514,1514,2084,944,1514,1514,1998,998,0,0,4
3361929339,3361929339,18,255,0,0,0,1515,1514,1514,1515,1094,1934,1094,1514,1514,1514,1514,1514,2084,944,1514,1514,1998,998,0,0,4
3362126086,3362126086,18,255,0,0,0,1515,1514,1514,1515,1094,1934,1094,1514,1514,1514,1514,1514,2084,944,1514,1514,1998,998,0,0,4
3362334067,3362334067,18,255,0,0,0,1515,1514,1514,1515,1094,1934,1094,1514,1514,1514,1514,1514,2084,944,1514,1514,1998,998,0,0,4
3362546872,3362546872,18,255,0,0,0,1515,1514,1514,1515,1094,1934,1094,1514,1514,1514,1514,1514,2084,944,1514,1514,1998,998,0,0,4
3362746960,3362746960,18,255,0,0,0,1515,1514,1514,1515,1094,1934,1094,1514,1514,1514,1514,1514,2084,944,1514,1514,1998,998,0,0,4
3362947663,3362947663,18,255,0,0,0,1515,1514,1514,1515,1094,1934,1094,1514,1514,1514,1514,1514,2084,944,1514,1514,1998,998,0,0,4
3363147892,3363147892,18,255,0,0,0,1515,1514,1514,1515,1094,1934,1094,1514,1514,1514,1514,1514,2084,944,1514,1514,1998,998,0,0,4
3363348498,3363348498,18,255,0,0,0,1515,1514,1514,1515,1094,1934,1094,1514,1514,1514,1514,1514,2084,944,1514,1514,1998,998,0,0,4
3363548462,3363548462,18,255,0,0,0,1515,1514,1514,1515,1094,1934,1094,1514,1514,1514,1514,1514,2084,944,1514,1514,1998,998,0,0,4
3363745289,3363745289,18,255,0,0,0,1515,1514,1514,1515,1094,1934,1094,1514,1514,1514,1514,1514,2084,944,1514,1514,1998,998,0,0,4
3363953274,3363953274,18,255,0,0,0,1515,1514,1514,1515,1094,1934,1094,1514,1514,1514,1514,1514,2084,944,1514,1514,1998,998,0,0,4
3364145263,3364145263,18,255,0,0,0,1515,1514,1514,1515,1094,1934,1094,1514,1514,1514,1514,1514,2084,944,1514,1514,1998,998,0,0,4
3364346064,3364346064,18,255,0,0,0,1515,1514,1514,1515,1094,1934,1094,1514,1514,1514,1514,1514,2084,944,1514,1514,1998,998,0,0,4
3364550107,3364550107,18,255,0,0,0,1515,1514,1514,1515,1094,1934,1094,1514,1514,1514,1514,1514,2084,944,1514,1514,1998,998,0,0,4
3364750974,3364750974,18,255,0,0,0,1515,1514,1514,1515,1094,1934,1094,1514,1514,1514,1514,1514,2084,944,1514,1514,1998,998,0,0,4
3364951273,3364951273,18,255,0,0,0,1515,1514,1514,1515,1094,1934,1094,1514,1514,1514,1514,1514,2084,944,1514,1514,1998,998,0,0,4
3365155666,3365155666,18,255,0,0,0,1515,1514,1514,1515,1094,1934,1094,1514,1514,1514,1514,1514,2084,944,1514,1514,1998,998,0,0,4
3365355664,3365355664,18,255,0,0,0,1515,1514,1514,1515,1094,1934,1094,1514,1514,1514,1514,1514,2084,944,1514,1514,1998,998,0,0,4
3365555694,3365555694,18,255,0,0,0,1515,1514,1514,1515,1094,1934,1094,1514,1514,1514,1514,1514,2084,944,1514,1514,1998,998,0,0,4
3365772471,3365772471,18,255,0,0,0,1515,1514,1514,1515,1094,1934,1094,1514,1514,1514,1514,1514,2084,944,1514,1514,1998,998,0,0,4
3365968462,3365968462,18,255,0,0,0,1515,1514,1514,1515,1094,1934,1094,1514,1514,1514,1514,1514,2084,944,1514,1514,1998,998,0,0,4
3366173267,3366173267,18,255,0,0,0,1515,1514,1514,1515,1094,1934,1094,1514,1514,1514,1514,1514,2084,944,1514,1514,1998,998,0,0,4
3366373335,3366373335,18,255,0,0,0,1515,1514,1514,1515,1094,1934,1094,1514,1514,1514,1514,1514,2084,944,1514,1514,1998,998,0,0,4
3366574292,3366574292,18,255,0,0,0,1515,1514,1514,1515,1094,1934,1094,1514,1514,1514,1514,1514,2084,944,1514,1514,1998,998,0,0,4
3366782092,3366782092,18,255,0,0,0,1515,1514,1514,1515,1094,1934,1094,1514,1514,1514,1514,1514,2084,944,1514,1514,1998,998,0,0,4
3366974867,3366974867,18,255,0,0,0,1515,1514,1514,1515,1094,1934,1094,1514,1514,1514,1514,1514,2084,944,1514,1514,1998,998,0,0,4
3367178879,3367178879,18,255,0,0,0,1515,1514,1514,1515,1094,1934,1094,1514,1514,1514,1514,1514,2084,944,1514,1514,1998,998,0,0,4
3367379731,3367379731,18,255,0,0,0,1515,1514,1514,1515,1094,1934,1094,1514,1514,1514,1514,1514,2084,944,1514,1514,1998,998,0,0,4
3367579660,3367579660,18,255,0,0,0,1515,1514,1514,1515,1094,1934,1094,1514,1514,1514,1514,1514,2084,944,1514,1514,1998,998,0,0,4
3367779664,3367779664,18,255,0,0,0,1515,1514,1514,1515,1094,1934,1094,1514,1514,1514,1514,1514,2084,944,1514,1514,1998,998,0,0,4
3367976463,3367976463,18,255,0,0,0,1515,1514,1514,1515,1094,1934,1094,1514,1514,1514,1514,1514,2084,944,1514,1514,1998,998,0,0,4
3368176484,3368176484,18,255,0,0,0,1515,1514,1514,1515,1094,1934,1094,1514,1514,1514,1514,1514,2084,944,1514,1514,1998,998,0,0,4
3368393264,3368393264,18,255,0,0,0,1515,1514,1514,1515,1094,1934,1094,1514,1514,1514,1514,1514,2084,944,1514,1514,1998,998,0,0,4
3368601329,3368601329,18,255,0,0,0,1515,1514,1514,1515,1094,1934,1094,1514,1514,1514,1514,1514,2084,944,1514,1514,1998,998,0,0,4
3368790088,3368790088,18,255,0,0,0,1515,1514,1514,1515,1094,1934,1094,1514,1514,1514,1514,1514,2084,944,1514,1514,1998,998,0,0,4
3368986087,3368986087,18,255,0,0,0,1515,1514,1514,1515,1094,1934,1094,1514,1514,1514,1514,1514,2084,944,1514,1514,1998,998,0,0,4
3369207092,3369207092,18,255,0,0,0,1515,1514,1514,1515,1094,1934,1094,1514,1514,1514,1514,1514,2084,944,1514,1514,1998,998,0,0,4
3369402902,3369402902,18,255,0,0,0,1515,1514,1514,1515,1094,1934,1094,1514,1514,1514,1514,1514,2084,944,1514,1514,1998,998,0,0,4
3369586959,3369586959,18,255,0,0,0,1515,1514,1514,1515,1094,1934,1094,1514,1514,1514,1514,1514,2084,944,1514,1514,1998,998,0,0,4
3369811676,3369811676,18,255,0,0,0,1515,1514,1514,1515,1094,1934,1094,1514,1514,1514,1514,1514,2084,944,1514,1514,1998,998,0,0,4
3369995697,3369995697,18,255,0,0,0,1515,1514,1514,1515,1094,1934,1094,1514,1514,1514,1514,1514,2084,944,1514,1514,1998,998,0,0,4
3370220479,3370220479,18,255,0,0,0,1515,1514,1514,1515,1094,1934,1094,1514,1514,1514,1514,1514,2084,944,1514,1514,1998,998,0,0,4
3370404466,3370404466,18,255,0,0,0,1515,1514,1514,1515,1094,1934,1094,1514,1514,1514,1514,1514,2084,944,1514,1514,1998,998,0,0,4
3370617330,3370617330,18,255,0,0,0,1515,1514,1514,1515,1094,1934,1094,1514,1514,1514,1514,1514,2084,944,1514,1514,1998,998,0,0,4
3370813324,3370813324,18,255,0,0,0,1515,1514,1514,1515,1094,1934,1094,1514,1514,1514,1514,1514,2084,944,1514,1514,1998,998,0,0,4
3371009712,3371009712,18,255,0,0,0,1515,1514,1514,1515,1094,1934,1094,1514,1514,1514,1514,1514,2084,944,1514,1514,1998,998,0,0,4
3371230063,3371230063,18,255,0,0,0,1515,1514,1514,1515,1094,1934,1094,1514,1514,1514,1514,1514,2084,944,1514,1514,1998,998,0,0,4
3371434063,3371434063,18,255,0,0,0,1515,1514,1514,1515,1094,1934,1094,1514,1514,1514,1514,1514,2084,944,1514,1514,1998,998,0,0,4
3371631097,3371631097,18,255,0,0,0,1515,1514,1514,1515,1094,1934,1094,1514,1514,1514,1514,1514,2084,944,1514,1514,1998,998,0,0,4
3371842918,3371842918,18,255,0,0,0,1515,1514,1514,1515,1094,1934,1094,1514,1514,1514,1514,1514,2084,944,1514,1514,1998,998,0,0,4
3372039663,3372039663,18,255,0,0,0,1515,1514,1514,1515,1094,1934,1094,1514,1514,1514,1514,1514,2084,944,1514,1514,1998,998,0,0,4
3372236065,3372236065,18,255,0,0,0,1515,1514,1514,1515,1094,1934,1094,1514,1514,1514,1514,1514,2084,944,1514,1514,1998,998,0,0,4
3372440522,3372440522,18,255,0,0,0,1515,1514,1514,1515,1094,1934,1094,1514,1514,1514,1514,1514,2084,944,1514,1514,1998,998,0,0,4
3372648507,3372648507,18,255,0,0,0,1515,1514,1514,1515,1094,1934,1094,1514,1514,1514,1514,1514,2084,944,1514,1514,1998,998,0,0,4
3372853263,3372853263,18,255,0,0,0,1515,1514,1514,1515,1094,1934,1094,1514,1514,1514,1514,1514,2084,944,1514,1514,1998,998,0,0,4
3373053277,3373053277,18,255,0,0,0,1515,1514,1514,1515,1094,1934,1094,1514,1514,1514,1514,1514,2084,944,1514,1514,1998,998,0,0,4
3373245492,3373245492,18,255,0,0,0,1515,1514,1514,1515,1094,1934,1094,1514,1514,1514,1514,1514,2084,944,1514,1514,1998,998,0,0,4
3373446064,3373446064,18,255,0,0,0,1515,1514,1514,1515,1094,1934,1094,1514,1514,1514,1514,1514,2084,944,1514,1514,1998,998,0,0,4
3373662088,3373662088,18,255,0,0,0,1515,1514,1514,1515,1094,1934,1094,1514,1514,1514,1514,1514,2084,944,1514,1514,1998,998,0,0,4
3373842906,3373842906,18,255,0,0,0,1515,1514,1514,1515,1094,1934,1094,1514,1514,1514,1514,1514,2084,944,1514,1514,1998,998,0,0,4
3374054909,3374054909,18,255,0,0,0,1515,1514,1514,1515,1094,1934,1094,1514,1514,1514,1514,1514,2084,944,1514,1514,1998,998,0,0,4
3374256051,3374256051,18,255,0,0,0,1515,1514,1514,1515,1094,1934,1094,1514,1514,1514,1514,1514,2084,944,1514,1514,1998,998,0,0,4
3374459698,3374459698,18,255,0,0,0,1515,1514,1514,1515,1094,1934,1094,1514,1514,1514,1514,1514,2084,944,1514,1514,1998,998,0,0,4
3374660535,3374660535,18,255,0,0,0,1515,1514,1514,1515,1094,1934,1094,1514,1514,1514,1514,1514,2084,944,1514,1514,1998,998,0,0,4
3374876530,3374876530,18,255,0,0,0,1515,1514,1514,1515,1094,1934,1094,1514,1514,1514,1514,1514,2084,944,1514,1514,1998,998,0,0,4
3375069264,3375069264,18,255,0,0,0,1515,1514,1514,1515,1094,1934,1094,1514,1514,1514,1514,1514,2084,944,1514,1514,1998,998,0,0,4
3375269273,3375269273,18,255,0,0,0,1515,1514,1514,1515,1094,1934,1094,1514,1514,1514,1514,1514,2084,944,1514,1514,1998,998,0,0,4
3375481661,3375481661,18,255,0,0,0,1515,1514,1514,1515,1094,1934,1094,1514,1514,1514,1514,1514,2084,944,1514,1514,1998,998,0,0,4
3375678067,3375678067,18,255,0,0,0,1515,1514,1514,1515,1094,1934,1094,1514,1514,1514,1514,1514,2084,944,1514,1514,1998,998,0,0,4
3375878441,3375878441,18,255,0,0,0,1515,1514,1514,1515,1094,1934,1094,1514,1514,1514,1514,1514,2084,944,1514,1514,1998,998,0,0,4
3376086894,3376086894,18,255,0,0,0,1515,1514,1514,1515,1094,1934,1094,1514,1514,1514,1514,1514,2084,944,1514,1514,1998,998,0,0,4
3376282945,3376282945,18,255,0,0,0,1515,1514,1514,1515,1094,1934,1094,1514,1514,1514,1514,1514,2084,944,1514,1514,1998,998,0,0,4
3376474864,3376474864,18,255,0,0,0,1515,1514,1514,1515,1094,1934,1094,1514,1514,1514,1514,1514,2084,944,1514,1514,1998,998,0,0,4
3376687676,3376687676,18,255,0,0,0,1515,1514,1514,1515,1094,1934,1094,1514,1514,1514,1514,1514,2084,944,1514,1514,1998,998,0,0,4
3376899663,3376899663,18,255,0,0,0,1515,1514,1514,1515,1094,1934,1094,1514,1514,1514,1514,1514,2084,944,1514,1514,1998,998,0,0,4
3377084484,3377084484,18,255,0,0,0,1515,1514,1514,1515,1094,1934,1094,1514,1514,1514,1514,1514,2084,944,1514,1514,1998,998,0,0,4
3377292511,3377292511,18,255,0,0,0,1515,1514,1514,1515,1094,1934,1094,1514,1514,1514,1514,1514,2084,944,1514,1514,1998,998,0,0,4
3377509263,3377509263,18,255,0,0,0,1515,1514,1514,1515,1094,1934,1094,1514,1514,1514,1514,1514,2084,944,1514,1514,1998,998,0,0,4
3377709283,3377709283,18,255,0,0,0,1515,1514,1514,1515,1094,1934,1094,1514,1514,1514,1514,1514,2084,944,1514,1514,1998,998,0,0,4
3377902063,3377902063,18,255,0,0,0,1515,1514,1514,1515,1094,1934,1094,1514,1514,1514,1514,1514,2084,944,1514,1514,1998,998,0,0,4
3378114448,3378114448,18,255,0,0,0,1515,1514,1514,1515,1094,1934,1094,1514,1514,1514,1514,1514,2084,944,1514,1514,1998,998,0,0,4
3378318866,3378318866,18,255,0,0,0,1515,1514,1514,1515,1094,1934,1094,1514,1514,1514,1514,1514,2084,944,1514,1514,1998,998,0,0,4
3378518868,3378518868,18,255,0,0,0,1515,1514,1514,1515,1094,1934,1094,1514,1514,1514,1514,1514,2084,944,1514,1514,1998,998,0,0,4
3378722907,3378722907,18,255,0,0,0,1515,1514,1514,1515,1094,1934,1094,1514,1514,1514,1514,1514,2084,944,1514,1514,1998,998,0,0,4
3378923664,3378923664,18,255,0,0,0,1515,1514,1514,1515,1094,1934,1094,1514,1514,1514,1514,1514,2084,944,1514,1514,1998,998,0,0,4
3379127708,3379127708,18,255,0,0,0,1515,1514,1514,1515,1094,1934,1094,1514,1514,1514,1514,1514,2084,944,1514,1514,1998,998,0,0,4
3379332464,3379332464,18,255,0,0,0,1515,1514,1514,1515,1094,1934,1094,1514,1514,1514,1514,1514,2084,944,1514,1514,1998,998,0,0,4
3379520863,3379520863,18,255,0,0,0,1515,1514,1514,1515,1094,1934,1094,1514,1514,1514,1514,1514,2084,944,1514,1514,1998,998,0,0,4
3379721302,3379721302,18,255,0,0,0,1515,1514,1514,1515,1094,1934,1094,1514,1514,1514,1514,1514,2084,944,1514,1514,1998,998,0,0,4
3379925274,3379925274,18,255,0,0,0,1515,1514,1514,1515,1094,1934,1094,1514,1514,1514,1514,1514,2084,944,1514,1514,1998,998,0,0,4
3380142063,3380142063,18,255,0,0,0,1515,1514,1514,1515,1094,1934,1094,1514,1514,1514,1514,1514,2084,944,1514,1514,1998,998,0,0,4
3380338072,3380338072,18,255,0,0,0,1515,1514,1514,1515,1094,1934,1094,1514,1514,1514,1514,1514,2084,944,1514,1514,1998,998,0,0,4
3380542107,3380542107,18,255,0,0,0,1515,1514,1514,1515,1094,1934,1094,1514,1514,1514,1514,1514,2084,944,1514,1514,1998,998,0,0,4
3380742969,3380742969,18,255,0,0,0,1515,1514,1514,1515,1094,1934,1094,1514,1514,1514,1514,1514,2084,944,1514,1514,1998,998,0,0,4
3380942908,3380942908,18,255,0,0,0,1515,1514,1514,1515,1094,1934,1094,1514,1514,1514,1514,1514,2084,944,1514,1514,1998,998,0,0,4
3381144090,3381144090,18,255,0,0,0,1515,1514,1514,1515,1094,1934,1094,1514,1514,1514,1514,1514,2084,944,1514,1514,1998,998,0,0,4
3381339691,3381339691,18,255,0,0,0,1515,1514,1514,1515,1094,1934,1094,1514,1514,1514,1514,1514,2084,944,1514,1514,1998,998,0,0,4
3381544496,3381544496,18,255,0,0,0,1515,1514,1514,1515,1094,1934,1094,1514,1514,1514,1514,1514,2084,944,1514,1514,1998,998,0,0,4
3381756898,3381756898,18,255,0,0,0,1515,1514,1514,1515,1094,1934,1094,1514,1514,1514,1514,1514,2084,944,1514,1514,1998,998,0,0,4
3381957372,3381957372,18,255,0,0,0,1515,1514,1514,1515,1094,1934,1094,1514,1514,1514,1514,1514,2084,944,1514,1514,1998,998,0,0,4
3382165315,3382165315,18,255,0,0,0,1515,1514,1514,1515,1094,1934,1094,1514,1514,1514,1514,1514,2084,944,1514,1514,1998,998,0,0,4
3382357270,3382357270,18,255,0,0,0,1515,1514,1514,1515,1094,1934,1094,1514,1514,1514,1514,1514,2084,944,1514,1514,1998,998,0,0,4
3382558102,3382558102,18,255,0,0,0,1515,1514,1514,1515,1094,1934,1094,1514,1514,1514,1514,1514,2084,944,1514,1514,1998,998,0,0,4
3382766559,3382766559,18,255,0,0,0,1515,1514,1514,1515,1094,1934,1094,1514,1514,1514,1514,1514,2084,944,1514,1514,1998,998,0,0,4
3382970870,3382970870,18,255,0,0,0,1515,1514,1514,1515,1094,1934,1094,1514,1514,1514,1514,1514,2084,944,1514,1514,1998,998,0,0,4
3383174942,3383174942,18,255,0,0,0,1515,1514,1514,1515,1094,1934,1094,1514,1514,1514,1514,1514,2084,944,1514,1514,1998,998,0,0,4
3383375746,3383375746,18,255,0,0,0,1515,1514,1514,1515,1094,1934,1094,1514,1514,1514,1514,1514,2084,944,1514,1514,1998,998,0,0,4
3383579689,3383579689,18,255,0,0,0,1515,1514,1514,1515,1094,1934,1094,1514,1514,1514,1514,1514,2084,944,1514,1514,1998,998,0,0,4
3383787663,3383787663,18,255,0,0,0,1515,1514,1514,1515,1094,1934,1094,1514,1514,1514,1514,1514,2084,944,1514,1514,1998,998,0,0,4
3383988496,3383988496,18,255,0,0,0,1515,1514,1514,1515,1094,1934,1094,1514,1514,1514,1514,1514,2084,944,1514,1514,1998,998,0,0,4
3384185293,3384185293,18,255,0,0,0,1515,1514,1514,1515,1094,1934,1094,1514,1514,1514,1514,1514,2084,944,1514,1514,1998,998,0,0,4
3384381263,3384381263,18,255,0,0,0,1515,1514,1514,1515,1094,1934,1094,1514,1514,1514,1514,1514,2084,944,1514,1514,1998,998,0,0,4
3384581263,3384581263,18,255,0,0,0,1515,1514,1514,1515,1094,1934,1094,1514,1514,1514,1514,1514,2084,944,1514,1514,1998,998,0,0,4
3384782148,3384782148,18,255,0,0,0,1515,1514,1514,1515,1094,1934,1094,1514,1514,1514,1514,1514,2084,944,1514,1514,1998,998,0,0,4
3384982097,3384982097,18,255,0,0,0,1515,1514,1514,1515,1094,1934,1094,1514,1514,1514,1514,1514,2084,944,1514,1514,1998,998,0,0,4
3385194872,3385194872,18,255,0,0,0,1515,1514,1514,1515,1094,1934,1094,1514,1514,1514,1514,1514,2084,944,1514,1514,1998,998,0,0,4
3385394892,3385394892,18,255,0,0,0,1515,1514,1514,1515,1094,1934,1094,1514,1514,1514,1514,1514,2084,944,1514,1514,1998,998,0,0,4
3385606859,3385606859,18,255,0,0,0,1515,1514,1514,1515,1094,1934,1094,1514,1514,1514,1514,1514,2084,944,1514,1514,1998,998,0,0,4
3385803754,3385803754,18,255,0,0,0,1515,1514,1514,1515,1094,1934,1094,1514,1514,1514,1514,1514,2084,944,1514,1514,1998,998,0,0,4
3385999698,3385999698,18,255,0,0,0,1515,1514,1514,1515,1094,1934,1094,1514,1514,1514,1514,1514,2084,944,1514,1514,1998,998,0,0,4
3386196466,3386196466,18,255,0,0,0,1515,1514,1514,1515,1094,1934,1094,1514,1514,1514,1514,1514,2084,944,1514,1514,1998,998,0,0,4
3386412464,3386412464,18,255,0,0,0,1515,1514,1514,1515,1094,1934,1094,1514,1514,1514,1514,1514,2084,944,1514,1514,1998,998,0,0,4
3386605335,3386605335,18,255,0,0,0,1515,1514,1514,1515,1094,1934,1094,1514,1514,1514,1514,1514,2084,944,1514,1514,1998,998,0,0,4
3386809264,3386809264,18,255,0,0,0,1515,1514,1514,1515,1094,1934,1094,1514,1514,1514,1514,1514,2084,944,1514,1514,1998,998,0,0,4
3387002107,3387002107,18,255,0,0,0,1515,1514,1514,1515,1094,1934,1094,1514,1514,1514,1514,1514,2084,944,1514,1514,1998,998,0,0,4
3387226066,3387226066,18,255,0,0,0,1515,1514,1514,1515,1094,1934,1094,1514,1514,1514,1514,1514,2084,944,1514,1514,1998,998,0,0,4
3387430064,3387430064,18,255,0,0,0,1515,1514,1514,1515,1094,1934,1094,1514,1514,1514,1514,1514,2084,944,1514,1514,1998,998,0,0,4
3387622915,3387622915,18,255,0,0,0,1515,1514,1514,1515,1094,1934,1094,1514,1514,1514,1514,1514,2084,944,1514,1514,1998,998,0,0,4
3387822938,3387822938,18,255,0,0,0,1515,1514,1514,1515,1094,1934,1094,1514,1514,1514,1514,1514,2084,944,1514,1514,1998,998,0,0,4
3388039694,3388039694,18,255,0,0,0,1515,1514,1514,1515,1094,1934,1094,1514,1514,1514,1514,1514,2084,944,1514,1514,1998,998,0,0,4
3388223704,3388223704,18,255,0,0,0,1515,1514,1514,1515,1094,1934,1094,1514,1514,1514,1514,1514,2084,944,1514,1514,1998,998,0,0,4
3388444464,3388444464,18,255,0,0,0,1515,1514,1514,1515,1094,1934,1094,1514,1514,1514,1514,1514,2084,944,1514,1514,1998,998,0,0,4
3388636485,3388636485,18,255,0,0,0,1515,1514,1514,1515,1094,1934,1094,1514,1514,1514,1514,1514,2084,944,1514,1514,1998,998,0,0,4
3388857264,3388857264,18,255,0,0,0,1515,1514,1514,1515,1094,1934,1094,1514,1514,1514,1514,1514,2084,944,1514,1514,1998,998,0,0,4
3389037266,3389037266,18,255,0,0,0,1515,1514,1514,1515,1094,1934,1094,1514,1514,1514,1514,1514,2084,944,1514,1514,1998,998,0,0,4
3389254073,3389254073,18,255,0,0,0,1515,1514,1514,1515,1094,1934,1094,1514,1514,1514,1514,1514,2084,944,1514,1514,1998,998,0,0,4
3389450058,3389450058,18,255,0,0,0,1515,1514,1514,1515,1094,1934,1094,1514,1514,1514,1514,1514,2084,944,1514,1514,1998,998,0,0,4
3389662067,3389662067,18,255,0,0,0,1515,1514,1514,1515,1094,1934,1094,1514,1514,1514,1514,1514,2084,944,1514,1514,1998,998,0,0,4
3389854864,3389854864,18,255,0,0,0,1515,1514,1514,1515,1094,1934,1094,1514,1514,1514,1514,1514,2084,944,1514,1514,1998,998,0,0,4
3390051110,3390051110,18,255,0,0,0,1515,1514,1514,1515,1094,1934,1094,1514,1514,1514,1514,1514,2084,944,1514,1514,1998,998,0,0,4
3390255717,3390255717,18,255,0,0,0,1515,1514,1514,1515,1094,1934,1094,1514,1514,1514,1514,1514,2084,944,1514,1514,1998,998,0,0,4
3390455713,3390455713,18,255,0,0,0,1515,1514,1514,1515,1094,1934,1094,1514,1514,1514,1514,1514,2084,944,1514,1514,1998,998,0,0,4
3390656493,3390656493,18,255,0,0,0,1515,1514,1514,1515,1094,1934,1094,1514,1514,1514,1514,1514,2084,944,1514,1514,1998,998,0,0,4
3390864508,3390864508,18,255,0,0,0,1515,1514,1514,1515,1094,1934,1094,1514,1514,1514,1514,1514,2084,944,1514,1514,1998,998,0,0,4
3391065264,3391065264,18,255,0,0,0,1515,1514,1514,1515,1094,1934,1094,1514,1514,1514,1514,1514,2084,944,1514,1514,1998,998,0,0,4
3391265277,3391265277,18,255,0,0,0,1515,1514,1514,1515,1094,1934,1094,1514,1514,1514,1514,1514,2084,944,1514,1514,1998,998,0,0,4
3391465363,3391465363,18,255,0,0,0,1515,1514,1514,1515,1094,1934,1094,1514,1514,1514,1514,1514,2084,944,1514,1514,1998,998,0,0,4
3391670067,3391670067,18,255,0,0,0,1515,1514,1514,1515,1094,1934,1094,1514,1514,1514,1514,1514,2084,944,1514,1514,1998,998,0,0,4
3391866057,3391866057,18,255,0,0,0,1515,1514,1514,1515,1094,1934,1094,1514,1514,1514,1514,1514,2084,944,1514,1514,1998,998,0,0,4
3392082944,3392082944,18,255,0,0,0,1515,1514,1514,1515,1094,1934,1094,1514,1514,1514,1514,1514,2084,944,1514,1514,1998,998,0,0,4
3392274869,3392274869,18,255,0,0,0,1515,1514,1514,1515,1094,1934,1094,1514,1514,1514,1514,1514,2084,944,1514,1514,1998,998,0,0,4
3392471712,3392471712,18,255,0,0,0,1515,1514,1514,1515,1094,1934,1094,1514,1514,1514,1514,1514,2084,944,1514,1514,1998,998,0,0,4
3392691691,3392691691,18,255,0,0,0,1515,1514,1514,1515,1094,1934,1094,1514,1514,1514,1514,1514,2084,944,1514,1514,1998,998,0,0,4
3392888462,3392888462,18,255,0,0,0,1515,1514,1514,1515,1094,1934,1094,1514,1514,1514,1514,1514,2084,944,1514,1514,1998,998,0,0,4
3393088489,3393088489,18,255,0,0,0,1515,1514,1514,1515,1094,1934,1094,1514,1514,1514,1514,1514,2084,944,1514,1514,1998,998,0,0,4
3393284484,3393284484,18,255,0,0,0,1515,1514,1514,1515,1094,1934,1094,1514,1514,1514,1514,1514,2084,944,1514,1514,1998,998,0,0,4
3393481292,3393481292,18,255,0,0,0,1515,1514,1514,1515,1094,1934,1094,1514,1514,1514,1514,1514,2084,944,1514,1514,1998,998,0,0,4
3393693635,3393693635,18,255,0,0,0,1515,1514,1514,1515,1094,1934,1094,1514,1514,1514,1514,1514,2084,944,1514,1514,1998,998,0,0,4
3393886112,3393886112,18,255,0,0,0,1515,1514,1514,1515,1094,1934,1094,1514,1514,1514,1514,1514,2084,944,1514,1514,1998,998,0,0,4
3394106064,3394106064,18,255,0,0,0,1515,1514,1514,1515,1094,1934,1094,1514,1514,1514,1514,1514,2084,944,1514,1514,1998,998,0,0,4
3394298906,3394298906,18,255,0,0,0,1515,1514,1514,1515,1094,1934,1094,1514,1514,1514,1514,1514,2084,944,1514,1514,1998,998,0,0,4
3394502902,3394502902,18,255,0,0,0,1515,1514,1514,1515,1094,1934,1094,1514,1514,1514,1514,1514,2084,944,1514,1514,1998,998,0,0,4
3394707698,3394707698,18,255,0,0,0,1515,1514,1514,1515,1094,1934,1094,1514,1514,1514,1514,1514,2084,944,1514,1514,1998,998,0,0,4
3394903677,3394903677,18,255,0,0,0,1515,1514,1514,1515,1094,1934,1094,1514,1514,1514,1514,1514,2084,944,1514,1514,1998,998,0,0,4
3395115681,3395115681,18,255,0,0,0,1515,1514,1514,1515,1094,1934,1094,1514,1514,1514,1514,1514,2084,944,1514,1514,1998,998,0,0,4
3395312518,3395312518,18,255,0,0,0,1515,1514,1514,1515,1094,1934,1094,1514,1514,1514,1514,1514,2084,944,1514,1514,1998,998,0,0,4
3395512505,3395512505,18,255,0,0,0,1515,1514,1514,1515,1094,1934,1094,1514,1514,1514,1514,1514,2084,944,1514,1514,1998,998,0,0,4
3395709289,3395709289,18,255,0,0,0,1515,1514,1514,1515,1094,1934,1094,1514,1514,1514,1514,1514,2084,944,1514,1514,1998,998,0,0,4
3395933277,3395933277,18,255,0,0,0,1515,1514,1514,1515,1094,1934,1094,1514,1514,1514,1514,1514,2084,944,1514,1514,1998,998,0,0,4
3396130063,3396130063,18,255,0,0,0,1515,1514,1514,1515,1094,1934,1094,1514,1514,1514,1514,1514,2084,944,1514,1514,1998,998,0,0,4
3396334064,3396334064,18,255,0,0,0,1515,1514,1514,1515,1094,1934,1094,1514,1514,1514,1514,1514,2084,944,1514,1514,1998,998,0,0,4
3396538104,3396538104,18,255,0,0,0,1515,1514,1514,1515,1094,1934,1094,1514,1514,1514,1514,1514,2084,944,1514,1514,1998,998,0,0,4
3396734872,3396734872,18,255,0,0,0,1515,1514,1514,1515,1094,1934,1094,1514,1514,1514,1514,1514,2084,944,1514,1514,1998,998,0,0,4
3396926864,3396926864,18,255,0,0,0,1515,1514,1514,1515,1094,1934,1094,1514,1514,1514,1514,1514,2084,944,1514,1514,1998,998,0,0,4
3397127664,3397127664,18,255,0,0,0,1515,1514,1514,1515,1094,1934,1094,1514,1514,1514,1514,1514,2084,944,1514,1514,1998,998,0,0,4
3397327663,3397327663,18,255,0,0,0,1515,1514,1514,1515,1094,1934,1094,1514,1514,1514,1514,1514,2084,944,1514,1514,1998,998,0,0,4
3397548477,3397548477,18,255,0,0,0,1515,1514,1514,1515,1094,1934,1094,1514,1514,1514,1514,1514,2084,944,1514,1514,1998,998,0,0,4
3397740535,3397740535,18,255,0,0,0,1515,1514,1514,1515,1094,1934,1094,1514,1514,1514,1514,1514,2084,944,1514,1514,1998,998,0,0,4
3397937293,3397937293,18,255,0,0,0,1515,1514,1514,1515,1094,1934,1094,1514,1514,1514,1514,1514,2084,944,1514,1514,1998,998,0,0,4
3398149264,3398149264,18,255,0,0,0,1515,1514,1514,1515,1094,1934,1094,1514,1514,1514,1514,1514,2084,944,1514,1514,1998,998,0,0,4
3398353263,3398353263,18,255,0,0,0,1515,1514,1514,1515,1094,1934,1094,1514,1514,1514,1514,1514,2084,944,1514,1514,1998,998,0,0,4
3398550167,3398550167,18,255,0,0,0,1515,1514,1514,1515,1094,1934,1094,1514,1514,1514,1514,1514,2084,944,1514,1514,1998,998,0,0,4
3398746131,3398746131,18,255,0,0,0,1515,1514,1514,1515,1094,1934,1094,1514,1514,1514,1514,1514,2084,944,1514,1514,1998,998,0,0,4
3398959111,3398959111,18,255,0,0,0,1515,1514,1514,1515,1094,1934,1094,1514,1514,1514,1514,1514,2084,944,1514,1514,1998,998,0,0,4
3399154863,3399154863,18,255,0,0,0,1515,1514,1514,1515,1094,1934,1094,1514,1514,1514,1514,1514,2084,944,1514,1514,1998,998,0,0,4
3399351745,3399351745,18,255,0,0,0,1515,1514,1514,1515,1094,1934,1094,1514,1514,1514,1514,1514,2084,944,1514,1514,1998,998,0,0,4
3399572122,3399572122,18,255,0,0,0,1515,1514,1514,1515,1094,1934,1094,1514,1514,1514,1514,1514,2084,944,1514,1514,1998,998,0,0,4
3399775701,3399775701,18,255,0,0,0,1515,1514,1514,1515,1094,1934,1094,1514,1514,1514,1514,1514,2084,944,1514,1514,1998,998,0,0,4
3399976719,3399976719,18,255,0,0,0,1515,1514,1514,1515,1094,1934,1094,1514,1514,1514,1514,1514,2084,944,1514,1514,1998,998,0,0,4
3400180476,3400180476,18,255,0,0,0,1515,1514,1514,1515,1094,1934,1094,1514,1514,1514,1514,1514,2084,944,1514,1514,1998,998,0,0,4
3400377263,3400377263,18,255,0,0,0,1515,1514,1514,1515,1094,1934,1094,1514,1514,1514,1514,1514,2084,944,1514,1514,1998,998,0,0,4
3400589349,3400589349,18,255,0,0,0,1515,1514,1514,1515,1094,1934,1094,1514,1514,1514,1514,1514,2084,944,1514,1514,1998,998,0,0,4
3400794066,3400794066,18,255,0,0,0,1515,1514,1514,1515,1094,1934,1094,1514,1514,1514,1514,1514,2084,944,1514,1514,1998,998,0,0,4
3400982070,3400982070,18,255,0,0,0,1515,1514,1514,1515,1094,1934,1094,1514,1514,1514,1514,1514,2084,944,1514,1514,1998,998,0,0,4
3401182936,3401182936,18,255,0,0,0,1515,1514,1514,1515,1094,1934,1094,1514,1514,1514,1514,1514,2084,944,1514,1514,1998,998,0,0,4
3401394863,3401394863,18,255,0,0,0,1515,1514,1514,1515,1094,1934,1094,1514,1514,1514,1514,1514,2084,944,1514,1514,1998,998,0,0,4
3401603723,3401603723,18,255,0,0,0,1515,1514,1514,1515,1094,1934,1094,1514,1514,1514,1514,1514,2084,944,1514,1514,1998,998,0,0,4
3401799736,3401799736,18,255,0,0,0,1515,1514,1514,1515,1094,1934,1094,1514,1514,1514,1514,1514,2084,944,1514,1514,1998,998,0,0,4
3401995699,3401995699,18,255,0,0,0,1515,1514,1514,1515,1094,1934,1094,1514,1514,1514,1514,1514,2084,944,1514,1514,1998,998,0,0,4
3402196474,3402196474,18,255,0,0,0,1515,1514,1514,1515,1094,1934,1094,1514,1514,1514,1514,1514,2084,944,1514,1514,1998,998,0,0,4
3402400502,3402400502,18,255,0,0,0,1515,1514,1514,1515,1094,1934,1094,1514,1514,1514,1514,1514,2084,944,1514,1514,1998,998,0,0,4
3402593271,3402593271,18,255,0,0,0,1515,1514,1514,1515,1094,1934,1094,1514,1514,1514,1514,1514,2084,944,1514,1514,1998,998,0,0,4
3402809290,3402809290,18,255,0,0,0,1515,1514,1514,1515,1094,1934,1094,1514,1514,1514,1514,1514,2084,944,1514,1514,1998,998,0,0,4
3403006063,3403006063,18,255,0,0,0,1515,1514,1514,1515,1094,1934,1094,1514,1514,1514,1514,1514,2084,944,1514,1514,1998,998,0,0,4
3403218064,3403218064,18,255,0,0,0,1515,1514,1514,1515,1094,1934,1094,1514,1514,1514,1514,1514,2084,944,1514,1514,1998,998,0,0,4
3403410069,3403410069,18,255,0,0,0,1515,1514,1514,1515,1094,1934,1094,1514,1514,1514,1514,1514,2084,944,1514,1514,1998,998,0,0,4
3403614922,3403614922,18,255,0,0,0,1515,1514,1514,1515,1094,1934,1094,1514,1514,1514,1514,1514,2084,944,1514,1514,1998,998,0,0,4
3403810864,3403810864,18,255,0,0,0,1515,1514,1514,1515,1094,1934,1094,1514,1514,1514,1514,1514,2084,944,1514,1514,1998,998,0,0,4
3404011666,3404011666,18,255,0,0,0,1515,1514,1514,1515,1094,1934,1094,1514,1514,1514,1514,1514,2084,944,1514,1514,1998,998,0,0,4
3404227664,3404227664,18,255,0,0,0,1515,1514,1514,1515,1094,1934,1094,1514,1514,1514,1514,1514,2084,944,1514,1514,1998,998,0,0,4
3404424492,3404424492,18,255,0,0,0,1515,1514,1514,1515,1094,1934,1094,1514,1514,1514,1514,1514,2084,944,1514,1514,1998,998,0,0,4
3404624495,3404624495,18,255,0,0,0,1515,1514,1514,1515,1094,1934,1094,1514,1514,1514,1514,1514,2084,944,1514,1514,1998,998,0,0,4
3404829307,3404829307,18,255,0,0,0,1515,1514,1514,1515,1094,1934,1094,1514,1514,1514,1514,1514,2084,944,1514,1514,1998,998,0,0,4
3405029268,3405029268,18,255,0,0,0,1515,1514,1514,1515,1094,1934,1094,1514,1514,1514,1514,1514,2084,944,1514,1514,1998,998,0,0,4
3405225315,3405225315,18,255,0,0,0,1515,1514,1514,1515,1094,1934,1094,1514,1514,1514,1514,1514,2084,944,1514,1514,1998,998,0,0,4
3405446067,3405446067,18,255,0,0,0,1515,1514,1514,1515,1094,1934,1094,1514,1514,1514,1514,1514,2084,944,1514,1514,1998,998,0,0,4
3405638085,3405638085,18,255,0,0,0,1515,1514,1514,1515,1094,1934,1094,1514,1514,1514,1514,1514,2084,944,1514,1514,1998,998,0,0,4
3405834899,3405834899,18,255,0,0,0,1515,1514,1514,1515,1094,1934,1094,1514,1514,1514,1514,1514,2084,944,1514,1514,1998,998,0,0,4
3406054866,3406054866,18,255,0,0,0,1515,1514,1514,1515,1094,1934,1094,1514,1514,1514,1514,1514,2084,944,1514,1514,1998,998,0,0,4
3406235711,3406235711,18,255,0,0,0,1515,1514,1514,1515,1094,1934,1094,1514,1514,1514,1514,1514,2084,944,1514,1514,1998,998,0,0,4
3406451692,3406451692,18,255,0,0,0,1515,1514,1514,1515,1094,1934,1094,1514,1514,1514,1514,1514,2084,944,1514,1514,1998,998,0,0,4
3406648464,3406648464,18,255,0,0,0,1515,1514,1514,1515,1094,1934,1094,1514,1514,1514,1514,1514,2084,944,1514,1514,1998,998,0,0,4
3406864485,3406864485,18,255,0,0,0,1515,1514,1514,1515,1094,1934,1094,1514,1514,1514,1514,1514,2084,944,1514,1514,1998,998,0,0,4
3407045286,3407045286,18,255,0,0,0,1515,1514,1514,1515,1094,1934,1094,1514,1514,1514,1514,1514,2084,944,1514,1514,1998,998,0,0,4
3407269263,3407269263,18,255,0,0,0,1515,1514,1514,1515,1094,1934,1094,1514,1514,1514,1514,1514,2084,944,1514,1514,1998,998,0,0,4
3407465274,3407465274,18,255,0,0,0,1515,1514,1514,1515,1094,1934,1094,1514,1514,1514,1514,1514,2084,944,1514,1514,1998,998,0,0,4
3407666067,3407666067,18,255,0,0,0,1515,1514,1514,1515,1094,1934,1094,1514,1514,1514,1514,1514,2084,944,1514,1514,1998,998,0,0,4
3407866492,3407866492,18,255,0,0,0,1515,1514,1514,1515,1094,1934,1094,1514,1514,1514,1514,1514,2084,944,1514,1514,1998,998,0,0,4
3408086876,3408086876,18,255,0,0,0,1515,1514,1514,1515,1094,1934,1094,1514,1514,1514,1514,1514,2084,944,1514,1514,1998,998,0,0,4
3408278864,3408278864,18,255,0,0,0,1515,1514,1514,1515,1094,1934,1094,1514,1514,1514,1514,1514,2084,944,1514,1514,1998,998,0,0,4
3408480095,3408480095,18,255,0,0,0,1515,1514,1514,1515,1094,1934,1094,1514,1514,1514,1514,1514,2084,944,1514,1514,1998,998,0,0,4
3408691748,3408691748,18,255,0,0,0,1515,1514,1514,1515,1094,1934,1094,1514,1514,1514,1514,1514,2084,944,1514,1514,1998,998,0,0,4
3408891685,3408891685,18,255,0,0,0,1515,1514,1514,1515,1094,1934,1094,1514,1514,1514,1514,1514,2084,944,1514,1514,1998,998,0,0,4
3409104480,3409104480,18,255,0,0,0,1515,1514,1514,1515,1094,1934,1094,1514,1514,1514,1514,1514,2084,944,1514,1514,1998,998,0,0,4
3409304496,3409304496,18,255,0,0,0,1515,1514,1514,1515,1094,1934,1094,1514,1514,1514,1514,1514,2084,944,1514,1514,1998,998,0,0,4
3409509275,3409509275,18,255,0,0,0,1515,1514,1514,1515,1094,1934,1094,1514,1514,1514,1514,1514,2084,944,1514,1514,1998,998,0,0,4
3409713318,3409713318,18,255,0,0,0,1515,1514,1514,1515,1094,1934,1094,1514,1514,1514,1514,1514,2084,944,1514,1514,1998,998,0,0,4
3409910117,3409910117,18,255,0,0,0,1515,1514,1514,1515,1094,1934,1094,1514,1514,1514,1514,1514,2084,944,1514,1514,1998,998,0,0,4
3410110064,3410110064,18,255,0,0,0,1515,1514,1514,1515,1094,1934,1094,1514,1514,1514,1514,1514,2084,944,1514,1514,1998,998,0,0,4
3410310863,3410310863,18,255,0,0,0,1515,1514,1514,1515,1094,1934,1094,1514,1514,1514,1514,1514,2084,944,1514,1514,1998,998,0,0,4
3410510865,3410510865,18,255,0,0,0,1515,1514,1514,1515,1094,1934,1094,1514,1514,1514,1514,1514,2084,944,1514,1514,1998,998,0,0,4
3410711705,3410711705,18,255,0,0,0,1515,1514,1514,1515,1094,1934,1094,1514,1514,1514,1514,1514,2084,944,1514,1514,1998,998,0,0,4
3410911746,3410911746,18,255,0,0,0,1515,1514,1514,1515,1094,1934,1094,1514,1514,1514,1514,1514,2084,944,1514,1514,1998,998,0,0,4
3411112057,3411112057,18,255,0,0,0,1515,1514,1514,1515,1094,1934,1094,1514,1514,1514,1514,1514,2084,944,1514,1514,1998,998,0,0,4
3411328856,3411328856,18,255,0,0,0,1515,1514,1514,1515,1094,1934,1094,1514,1514,1514,1514,1514,2084,944,1514,1514,1998,998,0,0,4
3411524503,3411524503,18,255,0,0,0,1515,1514,1514,1515,1094,1934,1094,1514,1514,1514,1514,1514,2084,944,1514,1514,1998,998,0,0,4
3411725676,3411725676,18,255,0,0,0,1515,1514,1514,1515,1094,1934,1094,1514,1514,1514,1514,1514,2084,944,1514,1514,1998,998,0,0,4
3411933279,3411933279,18,255,0,0,0,1515,1514,1514,1515,1094,1934,1094,1514,1514,1514,1514,1514,2084,944,1514,1514,1998,998,0,0,4
3412134068,3412134068,18,255,0,0,0,1515,1514,1514,1515,1094,1934,1094,1514,1514,1514,1514,1514,2084,944,1514,1514,1998,998,0,0,4
3412330063,3412330063,18,255,0,0,0,1515,1514,1514,1515,1094,1934,1094,1514,1514,1514,1514,1514,2084,944,1514,1514,1998,998,0,0,4
3412546893,3412546893,18,255,0,0,0,1515,1514,1514,1515,1094,1934,1094,1514,1514,1514,1514,1514,2084,944,1514,1514,1998,998,0,0,4
3412735244,3412735244,18,255,0,0,0,1515,1514,1514,1515,1094,1934,1094,1514,1514,1514,1514,1514,2084,944,1514,1514,1998,998,0,0,4
3412938865,3412938865,18,255,0,0,0,1515,1514,1514,1515,1094,1934,1094,1514,1514,1514,1514,1514,2084,944,1514,1514,1998,998,0,0,4
3413143693,3413143693,18,255,0,0,0,1515,1514,1514,1515,1094,1934,1094,1514,1514,1514,1514,1514,2084,944,1514,1514,1998,998,0,0,4
3413351663,3413351663,18,255,0,0,0,1515,1514,1514,1515,1094,1934,1094,1514,1514,1514,1514,1514,2084,944,1514,1514,1998,998,0,0,4
3413544463,3413544463,18,255,0,0,0,1515,1514,1514,1515,1094,1934,1094,1514,1514,1514,1514,1514,2084,944,1514,1514,1998,998,0,0,4
3413748465,3413748465,18,255,0,0,0,1515,1514,1514,1515,1094,1934,1094,1514,1514,1514,1514,1514,2084,944,1514,1514,1998,998,0,0,4
3413945288,3413945288,18,255,0,0,0,1515,1514,1514,1515,1094,1934,1094,1514,1514,1514,1514,1514,2084,944,1514,1514,1998,998,0,0,4
3414169350,3414169350,18,255,0,0,0,1515,1514,1514,1515,1094,1934,1094,1514,1514,1514,1514,1514,2084,944,1514,1514,1998,998,0,0,4
3414369263,3414369263,18,255,0,0,0,1515,1514,1514,1515,1094,1934,1094,1514,1514,1514,1514,1514,2084,944,1514,1514,1998,998,0,0,4
3414566110,3414566110,18,255,0,0,0,1515,1514,1514,1515,1094,1934,1094,1514,1514,1514,1514,1514,2084,944,1514,1514,1998,998,0,0,4
3414762108,3414762108,18,255,0,0,0,1515,1514,1514,1515,1094,1934,1094,1514,1514,1514,1514,1514,2084,944,1514,1514,1998,998,0,0,4
3414978889,3414978889,18,255,0,0,0,1515,1514,1514,1515,1094,1934,1094,1514,1514,1514,1514,1514,2084,944,1514,1514,1998,998,0,0,4
3415174895,3415174895,18,255,0,0,0,1515,1514,1514,1515,1094,1934,1094,1514,1514,1514,1514,1514,2084,944,1514,1514,1998,998,0,0,4
3415383667,3415383667,18,255,0,0,0,1515,1514,1514,1515,1094,1934,1094,1514,1514,1514,1514,1514,2084,944,1514,1514,1998,998,0,0,4
3415579666,3415579666,18,255,0,0,0,1515,1514,1514,1515,1094,1934,1094,1514,1514,1514,1514,1514,2084,944,1514,1514,1998,998,0,0,4
3415776464,3415776464,18,255,0,0,0,1515,1514,1514,1515,1094,1934,1094,1514,1514,1514,1514,1514,2084,944,1514,1514,1998,998,0,0,4
3415980851,3415980851,18,255,0,0,0,1515,1514,1514,1515,1094,1934,1094,1514,1514,1514,1514,1514,2084,944,1514,1514,1998,998,0,0,4
3416173270,3416173270,18,255,0,0,0,1515,1514,1514,1515,1094,1934,1094,1514,1514,1514,1514,1514,2084,944,1514,1514,1998,998,0,0,4
3416381301,3416381301,18,255,0,0,0,1515,1514,1514,1515,1094,1934,1094,1514,1514,1514,1514,1514,2084,944,1514,1514,1998,998,0,0,4
3416593517,3416593517,18,255,0,0,0,1515,1514,1514,1515,1094,1934,1094,1514,1514,1514,1514,1514,2084,944,1514,1514,1998,998,0,0,4
3416794131,3416794131,18,255,0,0,0,1515,1514,1514,1515,1094,1934,1094,1514,1514,1514,1514,1514,2084,944,1514,1514,1998,998,0,0,4
3416994090,3416994090,18,255,0,0,0,1515,1514,1514,1515,1094,1934,1094,1514,1514,1514,1514,1514,2084,944,1514,1514,1998,998,0,0,4
3417202917,3417202917,18,255,0,0,0,1515,1514,1514,1515,1094,1934,1094,1514,1514,1514,1514,1514,2084,944,1514,1514,1998,998,0,0,4
3417390862,3417390862,18,255,0,0,0,1515,1514,1514,1515,1094,1934,1094,1514,1514,1514,1514,1514,2084,944,1514,1514,1998,998,0,0,4
3417607705,3417607705,18,255,0,0,0,1515,1514,1514,1515,1094,1934,1094,1514,1514,1514,1514,1514,2084,944,1514,1514,1998,998,0,0,4
3417807665,3417807665,18,255,0,0,0,1515,1514,1514,1515,1094,1934,1094,1514,1514,1514,1514,1514,2084,944,1514,1514,1998,998,0,0,4
3418007714,3418007714,18,255,0,0,0,1515,1514,1514,1515,1094,1934,1094,1514,1514,1514,1514,1514,2084,944,1514,1514,1998,998,0,0,4
3418204486,3418204486,18,255,0,0,0,1515,1514,1514,1515,1094,1934,1094,1514,1514,1514,1514,1514,2084,944,1514,1514,1998,998,0,0,4
3418417280,3418417280,18,255,0,0,0,1515,1514,1514,1515,1094,1934,1094,1514,1514,1514,1514,1514,2084,944,1514,1514,1998,998,0,0,4
3418617300,3418617300,18,255,0,0,0,1515,1514,1514,1515,1094,1934,1094,1514,1514,1514,1514,1514,2084,944,1514,1514,1998,998,0,0,4
3418813277,3418813277,18,255,0,0,0,1515,1514,1514,1515,1094,1934,1094,1514,1514,1514,1514,1514,2084,944,1514,1514,1998,998,0,0,4
3419026063,3419026063,18,255,0,0,0,1515,1514,1514,1515,1094,1934,1094,1514,1514,1514,1514,1514,2084,944,1514,1514,1998,998,0,0,4
3419222073,3419222073,18,255,0,0,0,1515,1514,1514,1515,1094,1934,1094,1514,1514,1514,1514,1514,2084,944,1514,1514,1998,998,0,0,4
3419422087,3419422087,18,255,0,0,0,1515,1514,1514,1515,1094,1934,1094,1514,1514,1514,1514,1514,2084,944,1514,1514,1998,998,0,0,4
3419630863,3419630863,18,255,0,0,0,1515,1514,1514,1515,1094,1934,1094,1514,1514,1514,1514,1514,2084,944,1514,1514,1998,998,0,0,4
3419826864,3419826864,18,255,0,0,0,1515,1514,1514,1515,1094,1934,1094,1514,1514,1514,1514,1514,2084,944,1514,1514,1998,998,0,0,4
3420035685,3420035685,18,255,0,0,0,1515,1514,1514,1515,1094,1934,1094,1514,1514,1514,1514,1514,2084,944,1514,1514,1998,998,0,0,4
3420223664,3420223664,18,255,0,0,0,1515,1514,1514,1515,1094,1934,1094,1514,1514,1514,1514,1514,2084,944,1514,1514,1998,998,0,0,4
3420444466,3420444466,18,255,0,0,0,1515,1514,1514,1515,1094,1934,1094,1514,1514,1514,1514,1514,2084,944,1514,1514,1998,998,0,0,4
3420640514,3420640514,18,255,0,0,0,1515,1514,1514,1515,1094,1934,1094,1514,1514,1514,1514,1514,2084,944,1514,1514,1998,998,0,0,4
3420837321,3420837321,18,255,0,0,0,1515,1514,1514,1515,1094,1934,1094,1514,1514,1514,1514,1514,2084,944,1514,1514,1998,998,0,0,4
3421049284,3421049284,18,255,0,0,0,1515,1514,1514,1515,1094,1934,1094,1514,1514,1514,1514,1514,2084,944,1514,1514,1998,998,0,0,4
3421241323,3421241323,18,255,0,0,0,1515,1514,1514,1515,1094,1934,1094,1514,1514,1514,1514,1514,2084,944,1514,1514,1998,998,0,0,4
3421450108,3421450108,18,255,0,0,0,1515,1514,1514,1515,1094,1934,1094,1514,1514,1514,1514,1514,2084,944,1514,1514,1998,998,0,0,4
3421650106,3421650106,18,255,0,0,0,1515,1514,1514,1515,1094,1934,1094,1514,1514,1514,1514,1514,2084,944,1514,1514,1998,998,0,0,4
3421842929,3421842929,18,255,0,0,0,1515,1514,1514,1515,1094,1934,1094,1514,1514,1514,1514,1514,2084,944,1514,1514,1998,998,0,0,4
3422062991,3422062991,18,255,0,0,0,1515,1514,1514,1515,1094,1934,1094,1514,1514,1514,1514,1514,2084,944,1514,1514,1998,998,0,0,4
3422259666,3422259666,18,255,0,0,0,1515,1514,1514,1515,1094,1934,1094,1514,1514,1514,1514,1514,2084,944,1514,1514,1998,998,0,0,4
3422467714,3422467714,18,255,0,0,0,1515,1514,1514,1515,1094,1934,1094,1514,1514,1514,1514,1514,2084,944,1514,1514,1998,998,0,0,4
3422668495,3422668495,18,255,0,0,0,1515,1514,1514,1515,1094,1934,1094,1514,1514,1514,1514,1514,2084,944,1514,1514,1998,998,0,0,4
3422868865,3422868865,18,255,0,0,0,1515,1514,1514,1515,1094,1934,1094,1514,1514,1514,1514,1514,2084,944,1514,1514,1998,998,0,0,4
3423073266,3423073266,18,255,0,0,0,1515,1514,1514,1515,1094,1934,1094,1514,1514,1514,1514,1514,2084,944,1514,1514,1998,998,0,0,4
3423269277,3423269277,18,255,0,0,0,1515,1514,1514,1515,1094,1934,1094,1514,1514,1514,1514,1514,2084,944,1514,1514,1998,998,0,0,4
3423473302,3423473302,18,255,0,0,0,1515,1514,1514,1515,1094,1934,1094,1514,1514,1514,1514,1514,2084,944,1514,1514,1998,998,0,0,4
3423666111,3423666111,18,255,0,0,0,1515,1514,1514,1515,1094,1934,1094,1514,1514,1514,1514,1514,2084,944,1514,1514,1998,998,0,0,4
3423870066,3423870066,18,255,0,0,0,1515,1514,1514,1515,1094,1934,1094,1514,1514,1514,1514,1514,2084,944,1514,1514,1998,998,0,0,4
3424070870,3424070870,18,255,0,0,0,1515,1514,1514,1515,1094,1934,1094,1514,1514,1514,1514,1514,2084,944,1514,1514,1998,998,0,0,4
3424266864,3424266864,18,255,0,0,0,1515,1514,1514,1515,1094,1934,1094,1514,1514,1514,1514,1514,2084,944,1514,1514,1998,998,0,0,4
3424467666,3424467666,18,255,0,0,0,1515,1514,1514,1515,1094,1934,1094,1514,1514,1514,1514,1514,2084,944,1514,1514,1998,998,0,0,4
3424667904,3424667904,18,255,0,0,0,1515,1514,1514,1515,1094,1934,1094,1514,1514,1514,1514,1514,2084,944,1514,1514,1998,998,0,0,4
3424863718,3424863718,18,255,0,0,0,1515,1514,1514,1515,1094,1934,1094,1514,1514,1514,1514,1514,2084,944,1514,1514,1998,998,0,0,4
3425068858,3425068858,18,255,0,0,0,1515,1514,1514,1515,1094,1934,1094,1514,1514,1514,1514,1514,2084,944,1514,1514,1998,998,0,0,4
3425272502,3425272502,18,255,0,0,0,1515,1514,1514,1515,1094,1934,1094,1514,1514,1514,1514,1514,2084,944,1514,1514,1998,998,0,0,4
3425489285,3425489285,18,255,0,0,0,1515,1514,1514,1515,1094,1934,1094,1514,1514,1514,1514,1514,2084,944,1514,1514,1998,998,0,0,4
3425693269,3425693269,18,255,0,0,0,1515,1514,1514,1515,1094,1934,1094,1514,1514,1514,1514,1514,2084,944,1514,1514,1998,998,0,0,4
3425890069,3425890069,18,255,0,0,0,1515,1514,1514,1515,1094,1934,1094,1514,1514,1514,1514,1514,2084,944,1514,1514,1998,998,0,0,4
3426086064,3426086064,18,255,0,0,0,1515,1514,1514,1515,1094,1934,1094,1514,1514,1514,1514,1514,2084,944,1514,1514,1998,998,0,0,4
3426298092,3426298092,18,255,0,0,0,1515,1514,1514,1515,1094,1934,1094,1514,1514,1514,1514,1514,2084,944,1514,1514,1998,998,0,0,4
3426482980,3426482980,18,255,0,0,0,1515,1514,1514,1515,1094,1934,1094,1514,1514,1514,1514,1514,2084,944,1514,1514,1998,998,0,0,4
3426698890,3426698890,18,255,0,0,0,1515,1514,1514,1515,1094,1934,1094,1514,1514,1514,1514,1514,2084,944,1514,1514,1998,998,0,0,4
3426899663,3426899663,18,255,0,0,0,1515,1514,1514,1515,1094,1934,1094,1514,1514,1514,1514,1514,2084,944,1514,1514,1998,998,0,0,4
3427083719,3427083719,18,255,0,0,0,1515,1514,1514,1515,1094,1934,1094,1514,1514,1514,1514,1514,2084,944,1514,1514,1998,998,0,0,4
3427284501,3427284501,18,255,0,0,0,1515,1514,1514,1515,1094,1934,1094,1514,1514,1514,1514,1514,2084,944,1514,1514,1998,998,0,0,4
3427500536,3427500536,18,255,0,0,0,1515,1514,1514,1515,1094,1934,1094,1514,1514,1514,1514,1514,2084,944,1514,1514,1998,998,0,0,4
3427697264,3427697264,18,255,0,0,0,1515,1514,1514,1515,1094,1934,1094,1514,1514,1514,1514,1514,2084,944,1514,1514,1998,998,0,0,4
3427905286,3427905286,18,255,0,0,0,1515,1514,1514,1515,1094,1934,1094,1514,1514,1514,1514,1514,2084,944,1514,1514,1998,998,0,0,4
3428093272,3428093272,18,255,0,0,0,1515,1514,1514,1515,1094,1934,1094,1514,1514,1514,1514,1514,2084,944,1514,1514,1998,998,0,0,4
3428294114,3428294114,18,255,0,0,0,1515,1514,1514,1515,1094,1934,1094,1514,1514,1514,1514,1514,2084,944,1514,1514,1998,998,0,0,4
3428510111,3428510111,18,255,0,0,0,1515,1514,1514,1515,1094,1934,1094,1514,1514,1514,1514,1514,2084,944,1514,1514,1998,998,0,0,4
3428714866,3428714866,18,255,0,0,0,1515,1514,1514,1515,1094,1934,1094,1514,1514,1514,1514,1514,2084,944,1514,1514,1998,998,0,0,4
3428914869,3428914869,18,255,0,0,0,1515,1514,1514,1515,1094,1934,1094,1514,1514,1514,1514,1514,2084,944,1514,1514,1998,998,0,0,4
3429111664,3429111664,18,255,0,0,0,1515,1514,1514,1515,1094,1934,1094,1514,1514,1514,1514,1514,2084,944,1514,1514,1998,998,0,0,4
3429311663,3429311663,18,255,0,0,0,1515,1514,1514,1515,1094,1934,1094,1514,1514,1514,1514,1514,2084,944,1514,1514,1998,998,0,0,4
3429524513,3429524513,18,255,0,0,0,1515,1514,1514,1515,1094,1934,1094,1514,1514,1514,1514,1514,2084,944,1514,1514,1998,998,0,0,4
3429728477,3429728477,18,255,0,0,0,1515,1514,1514,1515,1094,1934,1094,1514,1514,1514,1514,1514,2084,944,1514,1514,1998,998,0,0,4
3429917264,3429917264,18,255,0,0,0,1515,1514,1514,1515,1094,1934,1094,1514,1514,1514,1514,1514,2084,944,1514,1514,1998,998,0,0,4
3430117655,3430117655,18,255,0,0,0,1515,1514,1514,1515,1094,1934,1094,1514,1514,1514,1514,1514,2084,944,1514,1514,1998,998,0,0,4
3430313342,3430313342,18,255,0,0,0,1515,1514,1514,1515,1094,1934,1094,1514,1514,1514,1514,1514,2084,944,1514,1514,1998,998,0,0,4
3430522130,3430522130,18,255,0,0,0,1515,1514,1514,1515,1094,1934,1094,1514,1514,1514,1514,1514,2084,944,1514,1514,1998,998,0,0,4
3430738106,3430738106,18,255,0,0,0,1515,1514,1514,1515,1094,1934,1094,1514,1514,1514,1514,1514,2084,944,1514,1514,1998,998,0,0,4
3430930863,3430930863,18,255,0,0,0,1515,1514,1514,1515,1094,1934,1094,1514,1514,1514,1514,1514,2084,944,1514,1514,1998,998,0,0,4
3431122904,3431122904,18,255,0,0,0,1515,1514,1514,1515,1094,1934,1094,1514,1514,1514,1514,1514,2084,944,1514,1514,1998,998,0,0,4
3431335694,3431335694,18,255,0,0,0,1515,1514,1514,1515,1094,1934,1094,1514,1514,1514,1514,1514,2084,944,1514,1514,1998,998,0,0,4
3431531724,3431531724,18,255,0,0,0,1515,1514,1514,1515,1094,1934,1094,1514,1514,1514,1514,1514,2084,944,1514,1514,1998,998,0,0,4
3431731686,3431731686,18,255,0,0,0,1515,1514,1514,1515,1094,1934,1094,1514,1514,1514,1514,1514,2084,944,1514,1514,1998,998,0,0,4
3431932461,3431932461,18,255,0,0,0,1515,1514,1514,1515,1094,1934,1094,1514,1514,1514,1514,1514,2084,944,1514,1514,1998,998,0,0,4
3432136863,3432136863,18,255,0,0,0,1515,1514,1514,1515,1094,1934,1094,1514,1514,1514,1514,1514,2084,944,1514,1514,1998,998,0,0,4
3432353643,3432353643,18,255,0,0,0,1515,1514,1514,1515,1094,1934,1094,1514,1514,1514,1514,1514,2084,944,1514,1514,1998,998,0,0,4
3432557263,3432557263,18,255,0,0,0,1515,1514,1514,1515,1094,1934,1094,1514,1514,1514,1514,1514,2084,944,1514,1514,1998,998,0,0,4
3432746063,3432746063,18,255,0,0,0,1515,1514,1514,1515,1094,1934,1094,1514,1514,1514,1514,1514,2084,944,1514,1514,1998,998,0,0,4
3432938140,3432938140,18,255,0,0,0,1515,1514,1514,1515,1094,1934,1094,1514,1514,1514,1514,1514,2084,944,1514,1514,1998,998,0,0,4
3433162336,3433162336,18,255,0,0,0,1515,1514,1514,1515,1094,1934,1094,1514,1514,1514,1514,1514,2084,944,1514,1514,1998,998,0,0,4
3433358864,3433358864,18,255,0,0,0,1515,1514,1514,1515,1094,1934,1094,1514,1514,1514,1514,1514,2084,944,1514,1514,1998,998,0,0,4
3433554862,3433554862,18,255,0,0,0,1515,1514,1514,1515,1094,1934,1094,1514,1514,1514,1514,1514,2084,944,1514,1514,1998,998,0,0,4
3433755686,3433755686,18,255,0,0,0,1515,1514,1514,1515,1094,1934,1094,1514,1514,1514,1514,1514,2084,944,1514,1514,1998,998,0,0,4
3433955662,3433955662,18,255,0,0,0,1515,1514,1514,1515,1094,1934,1094,1514,1514,1514,1514,1514,2084,944,1514,1514,1998,998,0,0,4
3434152501,3434152501,18,255,0,0,0,1515,1514,1514,1515,1094,1934,1094,1514,1514,1514,1514,1514,2084,944,1514,1514,1998,998,0,0,4
3434360493,3434360493,18,255,0,0,0,1515,1514,1514,1515,1094,1934,1094,1514,1514,1514,1514,1514,2084,944,1514,1514,1998,998,0,0,4
3434561263,3434561263,18,255,0,0,0,1515,1514,1514,1515,1094,1934,1094,1514,1514,1514,1514,1514,2084,944,1514,1514,1998,998,0,0,4
3434769492,3434769492,18,255,0,0,0,1515,1514,1514,1515,1094,1934,1094,1514,1514,1514,1514,1514,2084,944,1514,1514,1998,998,0,0,4
3434973263,3434973263,18,255,0,0,0,1515,1514,1514,1515,1094,1934,1094,1514,1514,1514,1514,1514,2084,944,1514,1514,1998,998,0,0,4
3435166460,3435166460,18,255,0,0,0,1515,1514,1514,1515,1094,1934,1094,1514,1514,1514,1514,1514,2084,944,1514,1514,1998,998,0,0,4
3435370066,3435370066,18,255,0,0,0,1515,1514,1514,1515,1094,1934,1094,1514,1514,1514,1514,1514,2084,944,1514,1514,1998,998,0,0,4
3435570865,3435570865,18,255,0,0,0,1515,1514,1514,1515,1094,1934,1094,1514,1514,1514,1514,1514,2084,944,1514,1514,1998,998,0,0,4
3435770931,3435770931,18,255,0,0,0,1515,1514,1514,1515,1094,1934,1094,1514,1514,1514,1514,1514,2084,944,1514,1514,1998,998,0,0,4
3435971741,3435971741,18,255,0,0,0,1515,1514,1514,1515,1094,1934,1094,1514,1514,1514,1514,1514,2084,944,1514,1514,1998,998,0,0,4
3436171691,3436171691,18,255,0,0,0,1515,1514,1514,1515,1094,1934,1094,1514,1514,1514,1514,1514,2084,944,1514,1514,1998,998,0,0,4
3436383701,3436383701,18,255,0,0,0,1515,1514,1514,1515,1094,1934,1094,1514,1514,1514,1514,1514,2084,944,1514,1514,1998,998,0,0,4
3436584505,3436584505,18,255,0,0,0,1515,1514,1514,1515,1094,1934,1094,1514,1514,1514,1514,1514,2084,944,1514,1514,1998,998,0,0,4
3436789517,3436789517,18,255,0,0,0,1515,1514,1514,1515,1094,1934,1094,1514,1514,1514,1514,1514,2084,944,1514,1514,1998,998,0,0,4
3436981309,3436981309,18,255,0,0,0,1515,1514,1514,1515,1094,1934,1094,1514,1514,1514,1514,1514,2084,944,1514,1514,1998,998,0,0,4
3437185494,3437185494,18,255,0,0,0,1515,1514,1514,1515,1094,1934,1094,1514,1514,1514,1514,1514,2084,944,1514,1514,1998,998,0,0,4
3437386120,3437386120,18,255,0,0,0,1515,1514,1514,1515,1094,1934,1094,1514,1514,1514,1514,1514,2084,944,1514,1514,1998,998,0,0,4
3437598063,3437598063,18,255,0,0,0,1515,1514,1514,1515,1094,1934,1094,1514,1514,1514,1514,1514,2084,944,1514,1514,1998,998,0,0,4
3437799289,3437799289,18,255,0,0,0,1515,1514,1514,1515,1094,1934,1094,1514,1514,1514,1514,1514,2084,944,1514,1514,1998,998,0,0,4
3437991120,3437991120,18,255,0,0,0,1515,1514,1514,1515,1094,1934,1094,1514,1514,1514,1514,1514,2084,944,1514,1514,1998,998,0,0,4
3438186917,3438186917,18,255,0,0,0,1515,1514,1514,1515,1094,1934,1094,1514,1514,1514,1514,1514,2084,944,1514,1514,1998,998,0,0,4
3438391674,3438391674,18,255,0,0,0,1515,1514,1514,1515,1094,1934,1094,1514,1514,1514,1514,1514,2084,944,1514,1514,1998,998,0,0,4
3438595696,3438595696,18,255,0,0,0,1515,1514,1514,1515,1094,1934,1094,1514,1514,1514,1514,1514,2084,944,1514,1514,1998,998,0,0,4
3438800582,3438800582,18,255,0,0,0,1515,1514,1514,1515,1094,1934,1094,1514,1514,1514,1514,1514,2084,944,1514,1514,1998,998,0,0,4
3438996463,3438996463,18,255,0,0,0,1515,1514,1514,1515,1094,1934,1094,1514,1514,1514,1514,1514,2084,944,1514,1514,1998,998,0,0,4
3439197276,3439197276,18,255,0,0,0,1515,1514,1514,1515,1094,1934,1094,1514,1514,1514,1514,1514,2084,944,1514,1514,1998,998,0,0,4
3439409264,3439409264,18,255,0,0,0,1515,1514,1514,1515,1094,1934,1094,1514,1514,1514,1514,1514,2084,944,1514,1514,1998,998,0,0,4
3439605264,3439605264,18,255,0,0,0,1515,1514,1514,1515,1094,1934,1094,1514,1514,1514,1514,1514,2084,944,1514,1514,1998,998,0,0,4
3439798064,3439798064,18,255,0,0,0,1515,1514,1514,1515,1094,1934,1094,1514,1514,1514,1514,1514,2084,944,1514,1514,1998,998,0,0,4
3440018075,3440018075,18,255,0,0,0,1515,1514,1514,1515,1094,1934,1094,1514,1514,1514,1514,1514,2084,944,1514,1514,1998,998,0,0,4
3440215313,3440215313,18,255,0,0,0,1515,1514,1514,1515,1094,1934,1094,1514,1514,1514,1514,1514,2084,944,1514,1514,1998,998,0,0,4
3440422901,3440422901,18,255,0,0,0,1515,1514,1514,1515,1094,1934,1094,1514,1514,1514,1514,1514,2084,944,1514,1514,1998,998,0,0,4
3440627663,3440627663,18,255,0,0,0,1515,1514,1514,1515,1094,1934,1094,1514,1514,1514,1514,1514,2084,944,1514,1514,1998,998,0,0,4
3440823767,3440823767,18,255,0,0,0,1515,1514,1514,1515,1094,1934,1094,1514,1514,1514,1514,1514,2084,944,1514,1514,1998,998,0,0,4
3441024483,3441024483,18,255,0,0,0,1515,1514,1514,1515,1094,1934,1094,1514,1514,1514,1514,1514,2084,944,1514,1514,1998,998,0,0,4
3441228527,3441228527,18,255,0,0,0,1515,1514,1514,1515,1094,1934,1094,1514,1514,1514,1514,1514,2084,944,1514,1514,1998,998,0,0,4
3441425262,3441425262,18,255,0,0,0,1515,1514,1514,1515,1094,1934,1094,1514,1514,1514,1514,1514,2084,944,1514,1514,1998,998,0,0,4
3441621492,3441621492,18,255,0,0,0,1515,1514,1514,1515,1094,1934,1094,1514,1514,1514,1514,1514,2084,944,1514,1514,1998,998,0,0,4
3441825289,3441825289,18,255,0,0,0,1515,1514,1514,1515,1094,1934,1094,1514,1514,1514,1514,1514,2084,944,1514,1514,1998,998,0,0,4
3442030069,3442030069,18,255,0,0,0,1515,1514,1514,1515,1094,1934,1094,1514,1514,1514,1514,1514,2084,944,1514,1514,1998,998,0,0,4
3442238113,3442238113,18,255,0,0,0,1515,1514,1514,1515,1094,1934,1094,1514,1514,1514,1514,1514,2084,944,1514,1514,1998,998,0,0,4
3442430865,3442430865,18,255,0,0,0,1515,1514,1514,1515,1094,1934,1094,1514,1514,1514,1514,1514,2084,944,1514,1514,1998,998,0,0,4
3442634942,3442634942,18,255,0,0,0,1515,1514,1514,1515,1094,1934,1094,1514,1514,1514,1514,1514,2084,944,1514,1514,1998,998,0,0,4
3442842933,3442842933,18,255,0,0,0,1515,1514,1514,1515,1094,1934,1094,1514,1514,1514,1514,1514,2084,944,1514,1514,1998,998,0,0,4
3443035691,3443035691,18,255,0,0,0,1515,1514,1514,1515,1094,1934,1094,1514,1514,1514,1514,1514,2084,944,1514,1514,1998,998,0,0,4
3443259684,3443259684,18,255,0,0,0,1515,1514,1514,1515,1094,1934,1094,1514,1514,1514,1514,1514,2084,944,1514,1514,1998,998,0,0,4
3443440488,3443440488,18,255,0,0,0,1515,1514,1514,1515,1094,1934,1094,1514,1514,1514,1514,1514,2084,944,1514,1514,1998,998,0,0,4
3443644525,3443644525,18,255,0,0,0,1515,1514,1514,1515,1094,1934,1094,1514,1514,1514,1514,1514,2084,944,1514,1514,1998,998,0,0,4
3443857733,3443857733,18,255,0,0,0,1515,1514,1514,1515,1094,1934,1094,1514,1514,1514,1514,1514,2084,944,1514,1514,1998,998,0,0,4
3444053278,3444053278,18,255,0,0,0,1515,1514,1514,1515,1094,1934,1094,1514,1514,1514,1514,1514,2084,944,1514,1514,1998,998,0,0,4
3444266103,3444266103,18,255,0,0,0,1515,1514,1514,1515,1094,1934,1094,1514,1514,1514,1514,1514,2084,944,1514,1514,1998,998,0,0,4
3444462066,3444462066,18,255,0,0,0,1515,1514,1514,1515,1094,1934,1094,1514,1514,1514,1514,1514,2084,944,1514,1514,1998,998,0,0,4
3444674125,3444674125,18,255,0,0,0,1515,1514,1514,1515,1094,1934,1094,1514,1514,1514,1514,1514,2084,944,1514,1514,1998,998,0,0,4
3444874900,3444874900,18,255,0,0,0,1515,1514,1514,1515,1094,1934,1094,1514,1514,1514,1514,1514,2084,944,1514,1514,1998,998,0,0,4
3445070945,3445070945,18,255,0,0,0,1515,1514,1514,1515,1094,1934,1094,1514,1514,1514,1514,1514,2084,944,1514,1514,1998,998,0,0,4
3445271746,3445271746,18,255,0,0,0,1515,1514,1514,1515,1094,1934,1094,1514,1514,1514,1514,1514,2084,944,1514,1514,1998,998,0,0,4
3445475702,3445475702,18,255,0,0,0,1515,1514,1514,1515,1094,1934,1094,1514,1514,1514,1514,1514,2084,944,1514,1514,1998,998,0,0,4
3445676465,3445676465,18,255,0,0,0,1515,1514,1514,1515,1094,1934,1094,1514,1514,1514,1514,1514,2084,944,1514,1514,1998,998,0,0,4
3445880475,3445880475,18,255,0,0,0,1515,1514,1514,1515,1094,1934,1094,1514,1514,1514,1514,1514,2084,944,1514,1514,1998,998,0,0,4
3446077265,3446077265,18,255,0,0,0,1515,1514,1514,1515,1094,1934,1094,1514,1514,1514,1514,1514,2084,944,1514,1514,1998,998,0,0,4
3446273705,3446273705,18,255,0,0,0,1515,1514,1514,1515,1094,1934,1094,1514,1514,1514,1514,1514,2084,944,1514,1514,1998,998,0,0,4
3446469325,3446469325,18,255,0,0,0,1515,1514,1514,1515,1094,1934,1094,1514,1514,1514,1514,1514,2084,944,1514,1514,1998,998,0,0,4
3446678331,3446678331,18,255,0,0,0,1515,1514,1514,1515,1094,1934,1094,1514,1514,1514,1514,1514,2084,944,1514,1514,1998,998,0,0,4
3446882130,3446882130,18,255,0,0,0,1515,1514,1514,1515,1094,1934,1094,1514,1514,1514,1514,1514,2084,944,1514,1514,1998,998,0,0,4
3447086866,3447086866,18,255,0,0,0,1515,1514,1514,1515,1094,1934,1094,1514,1514,1514,1514,1514,2084,944,1514,1514,1998,998,0,0,4
3447283091,3447283091,18,255,0,0,0,1515,1514,1514,1515,1094,1934,1094,1514,1514,1514,1514,1514,2084,944,1514,1514,1998,998,0,0,4
3447475699,3447475699,18,255,0,0,0,1515,1514,1514,1515,1094,1934,1094,1514,1514,1514,1514,1514,2084,944,1514,1514,1998,998,0,0,4
3447699666,3447699666,18,255,0,0,0,1515,1514,1514,1515,1094,1934,1094,1514,1514,1514,1514,1514,2084,944,1514,1514,1998,998,0,0,4
3447904569,3447904569,18,255,0,0,0,1515,1514,1514,1515,1094,1934,1094,1514,1514,1514,1514,1514,2084,944,1514,1514,1998,998,0,0,4
3448088463,3448088463,18,255,0,0,0,1515,1514,1514,1515,1094,1934,1094,1514,1514,1514,1514,1514,2084,944,1514,1514,1998,998,0,0,4
3448308506,3448308506,18,255,0,0,0,1515,1514,1514,1515,1094,1934,1094,1514,1514,1514,1514,1514,2084,944,1514,1514,1998,998,0,0,4
3448505542,3448505542,18,255,0,0,0,1515,1514,1514,1515,1094,1934,1094,1514,1514,1514,1514,1514,2084,944,1514,1514,1998,998,0,0,4
3448709272,3448709272,18,255,0,0,0,1515,1514,1514,1515,1094,1934,1094,1514,1514,1514,1514,1514,2084,944,1514,1514,1998,998,0,0,4
3448910067,3448910067,18,255,0,0,0,1515,1514,1514,1515,1094,1934,1094,1514,1514,1514,1514,1514,2084,944,1514,1514,1998,998,0,0,4
3449110061,3449110061,18,255,0,0,0,1515,1514,1514,1515,1094,1934,1094,1514,1514,1514,1514,1514,2084,944,1514,1514,1998,998,0,0,4
3449322971,3449322971,18,255,0,0,0,1515,1514,1514,1515,1094,1934,1094,1514,1514,1514,1514,1514,2084,944,1514,1514,1998,998,0,0,4
3449522901,3449522901,18,255,0,0,0,1515,1514,1514,1515,1094,1934,1094,1514,1514,1514,1514,1514,2084,944,1514,1514,1998,998,0,0,4
3449718867,3449718867,18,255,0,0,0,1515,1514,1514,1515,1094,1934,1094,1514,1514,1514,1514,1514,2084,944,1514,1514,1998,998,0,0,4
3449923680,3449923680,18,255,0,0,0,1515,1514,1514,1515,1094,1934,1094,1514,1514,1514,1514,1514,2084,944,1514,1514,1998,998,0,0,4
3450119667,3450119667,18,255,0,0,0,1515,1514,1514,1515,1094,1934,1094,1514,1514,1514,1514,1514,2084,944,1514,1514,1998,998,0,0,4
3450320508,3450320508,18,255,0,0,0,1515,1514,1514,1515,1094,1934,1094,1514,1514,1514,1514,1514,2084,944,1514,1514,1998,998,0,0,4
3450524898,3450524898,18,255,0,0,0,1515,1514,1514,1515,1094,1934,1094,1514,1514,1514,1514,1514,2084,944,1514,1514,1998,998,0,0,4
3450725269,3450725269,18,255,0,0,0,1515,1514,1514,1515,1094,1934,1094,1514,1514,1514,1514,1514,2084,944,1514,1514,1998,998,0,0,4
3450921684,3450921684,18,255,0,0,0,1515,1514,1514,1515,1094,1934,1094,1514,1514,1514,1514,1514,2084,944,1514,1514,1998,998,0,0,4
3451126078,3451126078,18,255,0,0,0,1515,1514,1514,1515,1094,1934,1094,1514,1514,1514,1514,1514,2084,944,1514,1514,1998,998,0,0,4
3451330063,3451330063,18,255,0,0,0,1515,1514,1514,1515,1094,1934,1094,1514,1514,1514,1514,1514,2084,944,1514,1514,1998,998,0,0,4
3451542063,3451542063,18,255,0,0,0,1515,1514,1514,1515,1094,1934,1094,1514,1514,1514,1514,1514,2084,944,1514,1514,1998,998,0,0,4
3451738939,3451738939,18,255,0,0,0,1515,1514,1514,1515,1094,1934,1094,1514,1514,1514,1514,1514,2084,944,1514,1514,1998,998,0,0,4
3451927349,3451927349,18,255,0,0,0,1515,1514,1514,1515,1094,1934,1094,1514,1514,1514,1514,1514,2084,944,1514,1514,1998,998,0,0,4
3452131677,3452131677,18,255,0,0,0,1515,1514,1514,1515,1094,1934,1094,1514,1514,1514,1514,1514,2084,944,1514,1514,1998,998,0,0,4
3452351707,3452351707,18,255,0,0,0,1515,1514,1514,1515,1094,1934,1094,1514,1514,1514,1514,1514,2084,944,1514,1514,1998,998,0,0,4
3452548406,3452548406,18,255,0,0,0,1515,1514,1514,1515,1094,1934,1094,1514,1514,1514,1514,1514,2084,944,1514,1514,1998,998,0,0,4
3452748500,3452748500,18,255,0,0,0,1515,1514,1514,1515,1094,1934,1094,1514,1514,1514,1514,1514,2084,944,1514,1514,1998,998,0,0,4
3452937633,3452937633,18,255,0,0,0,1515,1514,1514,1515,1094,1934,1094,1514,1514,1514,1514,1514,2084,944,1514,1514,1998,998,0,0,4
3453141262,3453141262,18,255,0,0,0,1515,1514,1514,1515,1094,1934,1094,1514,1514,1514,1514,1514,2084,944,1514,1514,1998,998,0,0,4
3453354110,3453354110,18,255,0,0,0,1515,1514,1514,1515,1094,1934,1094,1514,1514,1514,1514,1514,2084,944,1514,1514,1998,998,0,0,4
3453562179,3453562179,18,255,0,0,0,1515,1514,1514,1515,1094,1934,1094,1514,1514,1514,1514,1514,2084,944,1514,1514,1998,998,0,0,4
3453754290,3453754290,18,255,0,0,0,1515,1514,1514,1515,1094,1934,1094,1514,1514,1514,1514,1514,2084,944,1514,1514,1998,998,0,0,4
3453950875,3453950875,18,255,0,0,0,1515,1514,1514,1515,1094,1934,1094,1514,1514,1514,1514,1514,2084,944,1514,1514,1998,998,0,0,4
3454166863,3454166863,18,255,0,0,0,1515,1514,1514,1515,1094,1934,1094,1514,1514,1514,1514,1514,2084,944,1514,1514,1998,998,0,0,4
3454371671,3454371671,18,255,0,0,0,1515,1514,1514,1515,1094,1934,1094,1514,1514,1514,1514,1514,2084,944,1514,1514,1998,998,0,0,4
3454559893,3454559893,18,255,0,0,0,1515,1514,1514,1515,1094,1934,1094,1514,1514,1514,1514,1514,2084,944,1514,1514,1998,998,0,0,4
3454776021,3454776021,18,255,0,0,0,1515,1514,1514,1515,1094,1934,1094,1514,1514,1514,1514,1514,2084,944,1514,1514,1998,998,0,0,4
3454976582,3454976582,18,255,0,0,0,1515,1514,1514,1515,1094,1934,1094,1514,1514,1514,1514,1514,2084,944,1514,1514,1998,998,0,0,4
3455184501,3455184501,18,255,0,0,0,1515,1514,1514,1515,1094,1934,1094,1514,1514,1514,1514,1514,2084,944,1514,1514,1998,998,0,0,4
3455381270,3455381270,18,255,0,0,0,1515,1514,1514,1515,1094,1934,1094,1514,1514,1514,1514,1514,2084,944,1514,1514,1998,998,0,0,4
3455577262,3455577262,18,255,0,0,0,1515,1514,1514,1515,1094,1934,1094,1514,1514,1514,1514,1514,2084,944,1514,1514,1998,998,0,0,4
3455778062,3455778062,18,255,0,0,0,1515,1514,1514,1515,1094,1934,1094,1514,1514,1514,1514,1514,2084,944,1514,1514,1998,998,0,0,4
3455970149,3455970149,18,255,0,0,0,1515,1514,1514,1515,1094,1934,1094,1514,1514,1514,1514,1514,2084,944,1514,1514,1998,998,0,0,4
3456186060,3456186060,18,255,0,0,0,1515,1514,1514,1515,1094,1934,1094,1514,1514,1514,1514,1514,2084,944,1514,1514,1998,998,0,0,4
3456386902,3456386902,18,255,0,0,0,1515,1514,1514,1515,1094,1934,1094,1514,1514,1514,1514,1514,2084,944,1514,1514,1998,998,0,0,4
3456594863,3456594863,18,255,0,0,0,1515,1514,1514,1515,1094,1934,1094,1514,1514,1514,1514,1514,2084,944,1514,1514,1998,998,0,0,4
3456787722,3456787722,18,255,0,0,0,1515,1514,1514,1515,1094,1934,1094,1514,1514,1514,1514,1514,2084,944,1514,1514,1998,998,0,0,4
3457003894,3457003894,18,255,0,0,0,1515,1514,1514,1515,1094,1934,1094,1514,1514,1514,1514,1514,2084,944,1514,1514,1998,998,0,0,4
3457204497,3457204497,18,255,0,0,0,1515,1514,1514,1515,1094,1934,1094,1514,1514,1514,1514,1514,2084,944,1514,1514,1998,998,0,0,4
3457392555,3457392555,18,255,0,0,0,1515,1514,1514,1515,1094,1934,1094,1514,1514,1514,1514,1514,2084,944,1514,1514,1998,998,0,0,4
3457593283,3457593283,18,255,0,0,0,1515,1514,1514,1515,1094,1934,1094,1514,1514,1514,1514,1514,2084,944,1514,1514,1998,998,0,0,4
3457797483,3457797483,18,255,0,0,0,1515,1514,1514,1515,1094,1934,1094,1514,1514,1514,1514,1514,2084,944,1514,1514,1998,998,0,0,4
3458001263,3458001263,18,255,0,0,0,1515,1514,1514,1515,1094,1934,1094,1514,1514,1514,1514,1514,2084,944,1514,1514,1998,998,0,0,4
3458206108,3458206108,18,255,0,0,0,1515,1514,1514,1515,1094,1934,1094,1514,1514,1514,1514,1514,2084,944,1514,1514,1998,998,0,0,4
3458410062,3458410062,18,255,0,0,0,1515,1514,1514,1515,1094,1934,1094,1514,1514,1514,1514,1514,2084,944,1514,1514,1998,998,0,0,4
3458626872,3458626872,18,255,0,0,0,1515,1514,1514,1515,1094,1934,1094,1514,1514,1514,1514,1514,2084,944,1514,1514,1998,998,0,0,4
3458822904,3458822904,18,255,0,0,0,1515,1514,1514,1515,1094,1934,1094,1514,1514,1514,1514,1514,2084,944,1514,1514,1998,998,0,0,4
3459031898,3459031898,18,255,0,0,0,1515,1514,1514,1515,1094,1934,1094,1514,1514,1514,1514,1514,2084,944,1514,1514,1998,998,0,0,4
3459219666,3459219666,18,255,0,0,0,1515,1514,1514,1515,1094,1934,1094,1514,1514,1514,1514,1514,2084,944,1514,1514,1998,998,0,0,4
3459432469,3459432469,18,255,0,0,0,1515,1514,1514,1515,1094,1934,1094,1514,1514,1514,1514,1514,2084,944,1514,1514,1998,998,0,0,4
3459620520,3459620520,18,255,0,0,0,1515,1514,1514,1515,1094,1934,1094,1514,1514,1514,1514,1514,2084,944,1514,1514,1998,998,0,0,4
3459820507,3459820507,18,255,0,0,0,1515,1514,1514,1515,1094,1934,1094,1514,1514,1514,1514,1514,2084,944,1514,1514,1998,998,0,0,4
3460029332,3460029332,18,255,0,0,0,1515,1514,1514,1515,1094,1934,1094,1514,1514,1514,1514,1514,2084,944,1514,1514,1998,998,0,0,4
3460237524,3460237524,18,255,0,0,0,1515,1514,1514,1515,1094,1934,1094,1514,1514,1514,1514,1514,2084,944,1514,1514,1998,998,0,0,4
3460434334,3460434334,18,255,0,0,0,1515,1514,1514,1515,1094,1934,1094,1514,1514,1514,1514,1514,2084,944,1514,1514,1998,998,0,0,4
3460638066,3460638066,18,255,0,0,0,1515,1514,1514,1515,1094,1934,1094,1514,1514,1514,1514,1514,2084,944,1514,1514,1998,998,0,0,4
3460838886,3460838886,18,255,0,0,0,1515,1514,1514,1515,1094,1934,1094,1514,1514,1514,1514,1514,2084,944,1514,1514,1998,998,0,0,4
3461042899,3461042899,18,255,0,0,0,1515,1514,1514,1515,1094,1934,1094,1514,1514,1514,1514,1514,2084,944,1514,1514,1998,998,0,0,4
3461251663,3461251663,18,255,0,0,0,1515,1514,1514,1515,1094,1934,1094,1514,1514,1514,1514,1514,2084,944,1514,1514,1998,998,0,0,4
3461451662,3461451662,18,255,0,0,0,1515,1514,1514,1515,1094,1934,1094,1514,1514,1514,1514,1514,2084,944,1514,1514,1998,998,0,0,4
3461643690,3461643690,18,255,0,0,0,1515,1514,1514,1515,1094,1934,1094,1514,1514,1514,1514,1514,2084,944,1514,1514,1998,998,0,0,4
3461840867,3461840867,18,255,0,0,0,1515,1514,1514,1515,1094,1934,1094,1514,1514,1514,1514,1514,2084,944,1514,1514,1998,998,0,0,4
3462057492,3462057492,18,255,0,0,0,1515,1514,1514,1515,1094,1934,1094,1514,1514,1514,1514,1514,2084,944,1514,1514,1998,998,0,0,4
3462257300,3462257300,18,255,0,0,0,1515,1514,1514,1515,1094,1934,1094,1514,1514,1514,1514,1514,2084,944,1514,1514,1998,998,0,0,4
3462453658,3462453658,18,255,0,0,0,1515,1514,1514,1515,1094,1934,1094,1514,1514,1514,1514,1514,2084,944,1514,1514,1998,998,0,0,4
3462650194,3462650194,18,255,0,0,0,1515,1514,1514,1515,1094,1934,1094,1514,1514,1514,1514,1514,2084,944,1514,1514,1998,998,0,0,4
3462870113,3462870113,18,255,0,0,0,1515,1514,1514,1515,1094,1934,1094,1514,1514,1514,1514,1514,2084,944,1514,1514,1998,998,0,0,4
3463058337,3463058337,18,255,0,0,0,1515,1514,1514,1515,1094,1934,1094,1514,1514,1514,1514,1514,2084,944,1514,1514,1998,998,0,0,4
3463274889,3463274889,18,255,0,0,0,1515,1514,1514,1515,1094,1934,1094,1514,1514,1514,1514,1514,2084,944,1514,1514,1998,998,0,0,4
3463458875,3463458875,18,255,0,0,0,1515,1514,1514,1515,1094,1934,1094,1514,1514,1514,1514,1514,2084,944,1514,1514,1998,998,0,0,4
3463659728,3463659728,18,255,0,0,0,1515,1514,1514,1515,1094,1934,1094,1514,1514,1514,1514,1514,2084,944,1514,1514,1998,998,0,0,4
3463879773,3463879773,18,255,0,0,0,1515,1514,1514,1515,1094,1934,1094,1514,1514,1514,1514,1514,2084,944,1514,1514,1998,998,0,0,4
3464084461,3464084461,18,255,0,0,0,1515,1514,1514,1515,1094,1934,1094,1514,1514,1514,1514,1514,2084,944,1514,1514,1998,998,0,0,4
3464280495,3464280495,18,255,0,0,0,1515,1514,1514,1515,1094,1934,1094,1514,1514,1514,1514,1514,2084,944,1514,1514,1998,998,0,0,4
3464481290,3464481290,18,255,0,0,0,1515,1514,1514,1515,1094,1934,1094,1514,1514,1514,1514,1514,2084,944,1514,1514,1998,998,0,0,4
3464681273,3464681273,18,255,0,0,0,1515,1514,1514,1515,1094,1934,1094,1514,1514,1514,1514,1514,2084,944,1514,1514,1998,998,0,0,4
3464877330,3464877330,18,255,0,0,0,1515,1514,1514,1515,1094,1934,1094,1514,1514,1514,1514,1514,2084,944,1514,1514,1998,998,0,0,4
3465098460,3465098460,18,255,0,0,0,1515,1514,1514,1515,1094,1934,1094,1514,1514,1514,1514,1514,2084,944,1514,1514,1998,998,0,0,4
3465286140,3465286140,18,255,0,0,0,1515,1514,1514,1515,1094,1934,1094,1514,1514,1514,1514,1514,2084,944,1514,1514,1998,998,0,0,4
3465483102,3465483102,18,255,0,0,0,1515,1514,1514,1515,1094,1934,1094,1514,1514,1514,1514,1514,2084,944,1514,1514,1998,998,0,0,4
3465682988,3465682988,18,255,0,0,0,1515,1514,1514,1515,1094,1934,1094,1514,1514,1514,1514,1514,2084,944,1514,1514,1998,998,0,0,4
3465899700,3465899700,18,255,0,0,0,1515,1514,1514,1515,1094,1934,1094,1514,1514,1514,1514,1514,2084,944,1514,1514,1998,998,0,0,4
3466103668,3466103668,18,255,0,0,0,1515,1514,1514,1515,1094,1934,1094,1514,1514,1514,1514,1514,2084,944,1514,1514,1998,998,0,0,4
3466304471,3466304471,18,255,0,0,0,1515,1514,1514,1515,1094,1934,1094,1514,1514,1514,1514,1514,2084,944,1514,1514,1998,998,0,0,4
3466512480,3466512480,18,255,0,0,0,1515,1514,1514,1515,1094,1934,1094,1514,1514,1514,1514,1514,2084,944,1514,1514,1998,998,0,0,4
3466712489,3466712489,18,255,0,0,0,1515,1514,1514,1515,1094,1934,1094,1514,1514,1514,1514,1514,2084,944,1514,1514,1998,998,0,0,4
3466913318,3466913318,18,255,0,0,0,1515,1514,1514,1515,1094,1934,1094,1514,1514,1514,1514,1514,2084,944,1514,1514,1998,998,0,0,4
3467105727,3467105727,18,255,0,0,0,1515,1514,1514,1515,1094,1934,1094,1514,1514,1514,1514,1514,2084,944,1514,1514,1998,998,0,0,4
3467318114,3467318114,18,255,0,0,0,1515,1514,1514,1515,1094,1934,1094,1514,1514,1514,1514,1514,2084,944,1514,1514,1998,998,0,0,4
3467522065,3467522065,18,255,0,0,0,1515,1514,1514,1515,1094,1934,1094,1514,1514,1514,1514,1514,2084,944,1514,1514,1998,998,0,0,4
3467722920,3467722920,18,255,0,0,0,1515,1514,1514,1515,1094,1934,1094,1514,1514,1514,1514,1514,2084,944,1514,1514,1998,998,0,0,4
3467918870,3467918870,18,255,0,0,0,1515,1514,1514,1515,1094,1934,1094,1514,1514,1514,1514,1514,2084,944,1514,1514,1998,998,0,0,4
3468130863,3468130863,18,255,0,0,0,1515,1514,1514,1515,1094,1934,1094,1514,1514,1514,1514,1514,2084,944,1514,1514,1998,998,0,0,4
3468332070,3468332070,18,255,0,0,0,1515,1514,1514,1515,1094,1934,1094,1514,1514,1514,1514,1514,2084,944,1514,1514,1998,998,0,0,4
3468543707,3468543707,18,255,0,0,0,1515,1514,1514,1515,1094,1934,1094,1514,1514,1514,1514,1514,2084,944,1514,1514,1998,998,0,0,4
3468744501,3468744501,18,255,0,0,0,1515,1514,1514,1515,1094,1934,1094,1514,1514,1514,1514,1514,2084,944,1514,1514,1998,998,0,0,4
3468940544,3468940544,18,255,0,0,0,1515,1514,1514,1515,1094,1934,1094,1514,1514,1514,1514,1514,2084,944,1514,1514,1998,998,0,0,4
3469145261,3469145261,18,255,0,0,0,1515,1514,1514,1515,1094,1934,1094,1514,1514,1514,1514,1514,2084,944,1514,1514,1998,998,0,0,4
3469349318,3469349318,18,255,0,0,0,1515,1514,1514,1515,1094,1934,1094,1514,1514,1514,1514,1514,2084,944,1514,1514,1998,998,0,0,4
3469546100,3469546100,18,255,0,0,0,1515,1514,1514,1515,1094,1934,1094,1514,1514,1514,1514,1514,2084,944,1514,1514,1998,998,0,0,4
3469746061,3469746061,18,255,0,0,0,1515,1514,1514,1515,1094,1934,1094,1514,1514,1514,1514,1514,2084,944,1514,1514,1998,998,0,0,4
3469950077,3469950077,18,255,0,0,0,1515,1514,1514,1515,1094,1934,1094,1514,1514,1514,1514,1514,2084,944,1514,1514,1998,998,0,0,4
3470162905,3470162905,18,255,0,0,0,1515,1514,1514,1515,1094,1934,1094,1514,1514,1514,1514,1514,2084,944,1514,1514,1998,998,0,0,4
3470366931,3470366931,18,255,0,0,0,1515,1514,1514,1515,1094,1934,1094,1514,1514,1514,1514,1514,2084,944,1514,1514,1998,998,0,0,4
3470571666,3470571666,18,255,0,0,0,1515,1514,1514,1515,1094,1934,1094,1514,1514,1514,1514,1514,2084,944,1514,1514,1998,998,0,0,4
3470755663,3470755663,18,255,0,0,0,1515,1514,1514,1515,1094,1934,1094,1514,1514,1514,1514,1514,2084,944,1514,1514,1998,998,0,0,4
3470968468,3470968468,18,255,0,0,0,1515,1514,1514,1515,1094,1934,1094,1514,1514,1514,1514,1514,2084,944,1514,1514,1998,998,0,0,4
3471152479,3471152479,18,255,0,0,0,1515,1514,1514,1515,1094,1934,1094,1514,1514,1514,1514,1514,2084,944,1514,1514,1998,998,0,0,4
3471373272,3471373272,18,255,0,0,0,1515,1514,1514,1515,1094,1934,1094,1514,1514,1514,1514,1514,2084,944,1514,1514,1998,998,0,0,4
3471569263,3471569263,18,255,0,0,0,1515,1514,1514,1515,1094,1934,1094,1514,1514,1514,1514,1514,2084,944,1514,1514,1998,998,0,0,4
3471769265,3471769265,18,255,0,0,0,1515,1514,1514,1515,1094,1934,1094,1514,1514,1514,1514,1514,2084,944,1514,1514,1998,998,0,0,4
3471974461,3471974461,18,255,0,0,0,1515,1514,1514,1515,1094,1934,1094,1514,1514,1514,1514,1514,2084,944,1514,1514,1998,998,0,0,4
3472186092,3472186092,18,255,0,0,0,1515,1514,1514,1515,1094,1934,1094,1514,1514,1514,1514,1514,2084,944,1514,1514,1998,998,0,0,4
3472374872,3472374872,18,255,0,0,0,1515,1514,1514,1515,1094,1934,1094,1514,1514,1514,1514,1514,2084,944,1514,1514,1998,998,0,0,4
3472574893,3472574893,18,255,0,0,0,1515,1514,1514,1515,1094,1934,1094,1514,1514,1514,1514,1514,2084,944,1514,1514,1998,998,0,0,4
3472787689,3472787689,18,255,0,0,0,1515,1514,1514,1515,1094,1934,1094,1514,1514,1514,1514,1514,2084,944,1514,1514,1998,998,0,0,4
3472991689,3472991689,18,255,0,0,0,1515,1514,1514,1515,1094,1934,1094,1514,1514,1514,1514,1514,2084,944,1514,1514,1998,998,0,0,4
3473187665,3473187665,18,255,0,0,0,1515,1514,1514,1515,1094,1934,1094,1514,1514,1514,1514,1514,2084,944,1514,1514,1998,998,0,0,4
3473400474,3473400474,18,255,0,0,0,1515,1514,1514,1515,1094,1934,1094,1514,1514,1514,1514,1514,2084,944,1514,1514,1998,998,0,0,4
3473604463,3473604463,18,255,0,0,0,1515,1514,1514,1515,1094,1934,1094,1514,1514,1514,1514,1514,2084,944,1514,1514,1998,998,0,0,4
3473793306,3473793306,18,255,0,0,0,1515,1514,1514,1515,1094,1934,1094,1514,1514,1514,1514,1514,2084,944,1514,1514,1998,998,0,0,4
3473997289,3473997289,18,255,0,0,0,1515,1514,1514,1515,1094,1934,1094,1514,1514,1514,1514,1514,2084,944,1514,1514,1998,998,0,0,4
3474210474,3474210474,18,255,0,0,0,1515,1514,1514,1515,1094,1934,1094,1514,1514,1514,1514,1514,2084,944,1514,1514,1998,998,0,0,4
3474394065,3474394065,18,255,0,0,0,1515,1514,1514,1515,1094,1934,1094,1514,1514,1514,1514,1514,2084,944,1514,1514,1998,998,0,0,4
3474610063,3474610063,18,255,0,0,0,1515,1514,1514,1515,1094,1934,1094,1514,1514,1514,1514,1514,2084,944,1514,1514,1998,998,0,0,4
3474818863,3474818863,18,255,0,0,0,1515,1514,1514,1515,1094,1934,1094,1514,1514,1514,1514,1514,2084,944,1514,1514,1998,998,0,0,4
3474998867,3474998867,18,255,0,0,0,1515,1514,1514,1515,1094,1934,1094,1514,1514,1514,1514,1514,2084,944,1514,1514,1998,998,0,0,4
3475207722,3475207722,18,255,0,0,0,1515,1514,1514,1515,1094,1934,1094,1514,1514,1514,1514,1514,2084,944,1514,1514,1998,998,0,0,4
3475411680,3475411680,18,255,0,0,0,1515,1514,1514,1515,1094,1934,1094,1514,1514,1514,1514,1514,2084,944,1514,1514,1998,998,0,0,4
3475624467,3475624467,18,255,0,0,0,1515,1514,1514,1515,1094,1934,1094,1514,1514,1514,1514,1514,2084,944,1514,1514,1998,998,0,0,4
3475812461,3475812461,18,255,0,0,0,1515,1514,1514,1515,1094,1934,1094,1514,1514,1514,1514,1514,2084,944,1514,1514,1998,998,0,0,4
3476033323,3476033323,18,255,0,0,0,1515,1514,1514,1515,1094,1934,1094,1514,1514,1514,1514,1514,2084,944,1514,1514,1998,998,0,0,4
3476229491,3476229491,18,255,0,0,0,1515,1514,1514,1515,1094,1934,1094,1514,1514,1514,1514,1514,2084,944,1514,1514,1998,998,0,0,4
3476429308,3476429308,18,255,0,0,0,1515,1514,1514,1515,1094,1934,1094,1514,1514,1514,1514,1514,2084,944,1514,1514,1998,998,0,0,4
3476626483,3476626483,18,255,0,0,0,1515,1514,1514,1515,1094,1934,1094,1514,1514,1514,1514,1514,2084,944,1514,1514,1998,998,0,0,4
3476846139,3476846139,18,255,0,0,0,1515,1514,1514,1515,1094,1934,1094,1514,1514,1514,1514,1514,2084,944,1514,1514,1998,998,0,0,4
3477043000,3477043000,18,255,0,0,0,1515,1514,1514,1515,1094,1934,1094,1514,1514,1514,1514,1514,2084,944,1514,1514,1998,998,0,0,4
3477234864,3477234864,18,255,0,0,0,1515,1514,1514,1515,1094,1934,1094,1514,1514,1514,1514,1514,2084,944,1514,1514,1998,998,0,0,4
3477451715,3477451715,18,255,0,0,0,1515,1514,1514,1515,1094,1934,1094,1514,1514,1514,1514,1514,2084,944,1514,1514,1998,998,0,0,4
3477636099,3477636099,18,255,0,0,0,1515,1514,1514,1515,1094,1934,1094,1514,1514,1514,1514,1514,2084,944,1514,1514,1998,998,0,0,4
3477848472,3477848472,18,255,0,0,0,1515,1514,1514,1515,1094,1934,1094,1514,1514,1514,1514,1514,2084,944,1514,1514,1998,998,0,0,4
3478052477,3478052477,18,255,0,0,0,1515,1514,1514,1515,1094,1934,1094,1514,1514,1514,1514,1514,2084,944,1514,1514,1998,998,0,0,4
3478249683,3478249683,18,255,0,0,0,1515,1514,1514,1515,1094,1934,1094,1514,1514,1514,1514,1514,2084,944,1514,1514,1998,998,0,0,4
3478453291,3478453291,18,255,0,0,0,1515,1514,1514,1515,1094,1934,1094,1514,1514,1514,1514,1514,2084,944,1514,1514,1998,998,0,0,4
3478649263,3478649263,18,255,0,0,0,1515,1514,1514,1514,1094,1934,1094,1514,1514,1514,1514,1514,2084,944,1514,1514,1998,998,0,0,4
3478846124,3478846124,18,255,0,0,0,1515,1514,1376,1514,1094,1934,1094,1514,1514,1514,1514,1514,2084,944,1514,1514,1998,998,0,0,4
3479050063,3479050063,18,255,0,0,0,1515,1514,1094,1515,1094,1934,1094,1514,1514,1514,1514,1514,2084,944,1514,1514,1998,998,0,0,4
3479262965,3479262965,18,255,0,0,0,1515,1514,1094,1515,1094,1934,1094,1514,1514,1514,1514,1514,2084,944,1514,1514,1998,998,0,0,4
3479454869,3479454869,18,255,0,0,0,1515,1514,1094,1515,1094,1934,1094,1514,1514,1514,1514,1514,2084,944,1514,1514,1998,998,0,0,4
3479671706,3479671706,18,255,0,0,0,1515,1514,1094,1515,1094,1934,1094,1514,1514,1514,1514,1514,2084,944,1514,1514,1998,998,0,0,4
3479867711,3479867711,18,255,0,0,0,1515,1514,1094,1515,1094,1934,1094,1514,1514,1514,1514,1514,2084,944,1514,1514,1998,998,0,0,4
3480067667,3480067667,18,255,0,0,0,1515,1514,1094,1515,1094,1934,1094,1514,1514,1514,1514,1514,2084,944,1514,1514,1998,998,0,0,4
3480272519,3480272519,18,255,0,0,0,1515,1514,1094,1515,1094,1934,1094,1514,1514,1514,1514,1514,2084,944,1514,1514,1998,998,0,0,4
3480468463,3480468463,18,255,0,0,0,1515,1514,1094,1515,1094,1934,1094,1514,1514,1514,1514,1514,2084,944,1514,1514,1998,998,0,0,4
3480669293,3480669293,18,255,0,0,0,1515,1514,1094,1515,1094,1934,1094,1514,1514,1514,1514,1514,2084,944,1514,1514,1998,998,0,0,4
3480869264,3480869264,18,255,0,0,0,1515,1514,1094,1515,1514,1934,1094,1514,1514,1514,1514,1514,2084,944,1514,1514,1998,998,0,0,4
3481073655,3481073655,18,255,0,0,0,1515,1514,1094,1515,1934,1934,1094,1514,1514,1514,1514,1514,2084,944,1514,1514,1998,998,0,0,4
3481286061,3481286061,18,255,0,0,0,1515,1514,1094,1515,1934,1934,1094,1514,1514,1514,1514,1514,2084,944,1514,1514,1998,998,0,0,4
3481474066,3481474066,18,255,0,0,0,1515,1514,1094,1515,1934,1934,1094,1514,1514,1514,1514,1514,2084,944,1514,1514,1998,998,0,0,4
3481682931,3481682931,18,255,0,0,0,1515,1514,1094,1515,1934,1934,1094,1514,1514,1514,1514,1514,2084,944,1514,1514,1998,998,0,0,4
3481886899,3481886899,18,255,0,0,0,1515,1514,1094,1515,1934,1934,1094,1514,1514,1514,1514,1514,2084,944,1514,1514,1998,998,0,0,4
3482087672,3482087672,18,255,0,0,0,1515,1514,1094,1515,1934,1934,1094,1514,1514,1514,1514,1514,2084,944,1514,1514,1998,998,0,0,4
3482279689,3482279689,18,255,0,0,0,1515,1514,1094,1514,1934,1934,1094,1514,1514,1514,1514,1514,2084,944,1514,1514,1998,998,0,0,4
3482499772,3482499772,18,255,0,0,0,1515,1514,1094,1514,1934,1094,1094,1514,1514,1514,1514,1514,944,944,1514,1514,998,998,0,0,4
3482700463,3482700463,18,255,0,0,0,1515,1514,1094,1514,1934,1094,1094,1514,1514,1514,1514,1514,944,944,1514,1514,998,998,0,0,4
3482901491,3482901491,18,255,0,0,0,1515,1514,1094,1433,1934,1094,1094,1514,1514,1514,1514,1514,944,944,1514,1514,998,998,0,0,4
3483093263,3483093263,18,255,0,0,0,1515,1514,1094,1094,1934,1094,1094,1514,1514,1514,1514,1514,944,944,1514,1514,998,998,0,0,4
3483293290,3483293290,18,255,0,0,0,1515,1514,1094,1094,1934,1094,1094,1514,1514,1514,1514,1514,944,944,1514,1514,998,998,0,0,4
3483498071,3483498071,18,255,0,0,0,1515,1514,1094,1094,1934,1094,1094,1514,1514,1514,1514,1514,944,944,1514,1514,998,998,0,0,4
3483694455,3483694455,18,255,0,0,0,1515,1514,1094,1094,1934,1094,1094,1514,1514,1514,1514,1514,944,944,1514,1514,998,998,0,0,4
3483894887,3483894887,18,255,0,0,0,1515,1514,1094,1094,1934,1094,1094,1514,1514,1514,1514,1514,944,944,1514,1514,998,998,0,0,4
3484114866,3484114866,18,255,0,0,0,1515,1514,1094,1094,1934,1094,1094,1514,1514,1514,1514,1514,944,944,1514,1514,998,998,0,0,4
3484318867,3484318867,18,255,0,0,0,1515,1514,1094,1094,1934,1094,1094,1514,1514,1514,1514,1514,944,944,1514,1514,998,998,0,0,4
3484515663,3484515663,18,255,0,0,0,1515,1514,1094,1094,1934,1094,1094,1514,1514,1514,1514,1514,944,944,1514,1514,998,998,0,0,4
3484715693,3484715693,18,255,0,0,0,1515,1514,1094,1094,1934,1094,1094,1514,1514,1514,1514,1514,944,944,1514,1514,998,998,0,0,4
3484920473,3484920473,18,255,0,0,0,1515,1514,1094,1094,1934,1094,1094,1514,1514,1514,1514,1514,944,944,1514,1514,998,998,0,0,4
3485128468,3485128468,18,255,0,0,0,1515,1514,1094,1094,1934,1094,1094,1514,1514,1514,1514,1514,944,944,1514,1514,998,998,0,0,4
